app_name,status,source,output,seconds,detail,command
machsuite-gemm-blocked,failed,/home/elvouvali/MailoHLS/Data/ApplicationDataset/machsuite-gemm-blocked/gemm.c,/home/elvouvali/MailoHLS/machsuite-gemm-blocked.gexf,0.352,exit=2; log=/home/elvouvali/MailoHLS/logs/machsuite-gemm-blocked.log,/home/elvouvali/.mlir-python311/bin/python /home/elvouvali/MailoHLS/GNN_branch/mlir_graph_gen.py /home/elvouvali/MailoHLS/Data/ApplicationDataset/machsuite-gemm-blocked/gemm.c --output /home/elvouvali/MailoHLS/.machsuite-gemm-blocked.gexf.tmp --cgeist /home/elvouvali/tools/Polygeist/build-mailohls-assertions/bin/cgeist --mlir-output /home/elvouvali/MailoHLS/audit_mlir/.machsuite-gemm-blocked.mlir.tmp
machsuite-gemm-ncubed,failed,/home/elvouvali/MailoHLS/Data/ApplicationDataset/machsuite-gemm-ncubed/gemm.c,/home/elvouvali/MailoHLS/machsuite-gemm-ncubed.gexf,0.345,exit=2; log=/home/elvouvali/MailoHLS/logs/machsuite-gemm-ncubed.log,/home/elvouvali/.mlir-python311/bin/python /home/elvouvali/MailoHLS/GNN_branch/mlir_graph_gen.py /home/elvouvali/MailoHLS/Data/ApplicationDataset/machsuite-gemm-ncubed/gemm.c --output /home/elvouvali/MailoHLS/.machsuite-gemm-ncubed.gexf.tmp --cgeist /home/elvouvali/tools/Polygeist/build-mailohls-assertions/bin/cgeist --mlir-output /home/elvouvali/MailoHLS/audit_mlir/.machsuite-gemm-ncubed.mlir.tmp
machsuite-md-knn,failed,/home/elvouvali/MailoHLS/Data/ApplicationDataset/machsuite-md-knn/md.c,/home/elvouvali/MailoHLS/machsuite-md-knn.gexf,0.327,exit=2; log=/home/elvouvali/MailoHLS/logs/machsuite-md-knn.log,/home/elvouvali/.mlir-python311/bin/python /home/elvouvali/MailoHLS/GNN_branch/mlir_graph_gen.py /home/elvouvali/MailoHLS/Data/ApplicationDataset/machsuite-md-knn/md.c --output /home/elvouvali/MailoHLS/.machsuite-md-knn.gexf.tmp --cgeist /home/elvouvali/tools/Polygeist/build-mailohls-assertions/bin/cgeist --mlir-output /home/elvouvali/MailoHLS/audit_mlir/.machsuite-md-knn.mlir.tmp
machsuite-sort-radix,failed,/home/elvouvali/MailoHLS/Data/ApplicationDataset/machsuite-sort-radix/sort.c,/home/elvouvali/MailoHLS/machsuite-sort-radix.gexf,0.302,exit=2; log=/home/elvouvali/MailoHLS/logs/machsuite-sort-radix.log,/home/elvouvali/.mlir-python311/bin/python /home/elvouvali/MailoHLS/GNN_branch/mlir_graph_gen.py /home/elvouvali/MailoHLS/Data/ApplicationDataset/machsuite-sort-radix/sort.c --output /home/elvouvali/MailoHLS/.machsuite-sort-radix.gexf.tmp --cgeist /home/elvouvali/tools/Polygeist/build-mailohls-assertions/bin/cgeist --mlir-output /home/elvouvali/MailoHLS/audit_mlir/.machsuite-sort-radix.mlir.tmp
machsuite-spmv-ellpack,failed,/home/elvouvali/MailoHLS/Data/ApplicationDataset/machsuite-spmv-ellpack/spmv.c,/home/elvouvali/MailoHLS/machsuite-spmv-ellpack.gexf,0.261,exit=2; log=/home/elvouvali/MailoHLS/logs/machsuite-spmv-ellpack.log,/home/elvouvali/.mlir-python311/bin/python /home/elvouvali/MailoHLS/GNN_branch/mlir_graph_gen.py /home/elvouvali/MailoHLS/Data/ApplicationDataset/machsuite-spmv-ellpack/spmv.c --output /home/elvouvali/MailoHLS/.machsuite-spmv-ellpack.gexf.tmp --cgeist /home/elvouvali/tools/Polygeist/build-mailohls-assertions/bin/cgeist --mlir-output /home/elvouvali/MailoHLS/audit_mlir/.machsuite-spmv-ellpack.mlir.tmp
machsuite-stencil2d,failed,/home/elvouvali/MailoHLS/Data/ApplicationDataset/machsuite-stencil2d/stencil.c,/home/elvouvali/MailoHLS/machsuite-stencil2d.gexf,0.262,exit=2; log=/home/elvouvali/MailoHLS/logs/machsuite-stencil2d.log,/home/elvouvali/.mlir-python311/bin/python /home/elvouvali/MailoHLS/GNN_branch/mlir_graph_gen.py /home/elvouvali/MailoHLS/Data/ApplicationDataset/machsuite-stencil2d/stencil.c --output /home/elvouvali/MailoHLS/.machsuite-stencil2d.gexf.tmp --cgeist /home/elvouvali/tools/Polygeist/build-mailohls-assertions/bin/cgeist --mlir-output /home/elvouvali/MailoHLS/audit_mlir/.machsuite-stencil2d.mlir.tmp
machsuite-stencil3d,failed,/home/elvouvali/MailoHLS/Data/ApplicationDataset/machsuite-stencil3d/stencil.c,/home/elvouvali/MailoHLS/machsuite-stencil3d.gexf,0.274,exit=2; log=/home/elvouvali/MailoHLS/logs/machsuite-stencil3d.log,/home/elvouvali/.mlir-python311/bin/python /home/elvouvali/MailoHLS/GNN_branch/mlir_graph_gen.py /home/elvouvali/MailoHLS/Data/ApplicationDataset/machsuite-stencil3d/stencil.c --output /home/elvouvali/MailoHLS/.machsuite-stencil3d.gexf.tmp --cgeist /home/elvouvali/tools/Polygeist/build-mailohls-assertions/bin/cgeist --mlir-output /home/elvouvali/MailoHLS/audit_mlir/.machsuite-stencil3d.mlir.tmp
machsuite-viterbi,failed,/home/elvouvali/MailoHLS/Data/ApplicationDataset/machsuite-viterbi/viterbi.c,/home/elvouvali/MailoHLS/machsuite-viterbi.gexf,0.262,exit=2; log=/home/elvouvali/MailoHLS/logs/machsuite-viterbi.log,/home/elvouvali/.mlir-python311/bin/python /home/elvouvali/MailoHLS/GNN_branch/mlir_graph_gen.py /home/elvouvali/MailoHLS/Data/ApplicationDataset/machsuite-viterbi/viterbi.c --output /home/elvouvali/MailoHLS/.machsuite-viterbi.gexf.tmp --cgeist /home/elvouvali/tools/Polygeist/build-mailohls-assertions/bin/cgeist --mlir-output /home/elvouvali/MailoHLS/audit_mlir/.machsuite-viterbi.mlir.tmp
rodinia-backprop-0-baseline-back,failed,/home/elvouvali/MailoHLS/Data/ApplicationDataset/rodinia-backprop-0-baseline-back/backprop_kernel.cpp,/home/elvouvali/MailoHLS/rodinia-backprop-0-baseline-back.gexf,0.268,exit=2; log=/home/elvouvali/MailoHLS/logs/rodinia-backprop-0-baseline-back.log,/home/elvouvali/.mlir-python311/bin/python /home/elvouvali/MailoHLS/GNN_branch/mlir_graph_gen.py /home/elvouvali/MailoHLS/Data/ApplicationDataset/rodinia-backprop-0-baseline-back/backprop_kernel.cpp --output /home/elvouvali/MailoHLS/.rodinia-backprop-0-baseline-back.gexf.tmp --cgeist /home/elvouvali/tools/Polygeist/build-mailohls-assertions/bin/cgeist --mlir-output /home/elvouvali/MailoHLS/audit_mlir/.rodinia-backprop-0-baseline-back.mlir.tmp
rodinia-backprop-0-baseline-forward,failed,/home/elvouvali/MailoHLS/Data/ApplicationDataset/rodinia-backprop-0-baseline-forward/backprop_kernel.cpp,/home/elvouvali/MailoHLS/rodinia-backprop-0-baseline-forward.gexf,0.402,exit=2; log=/home/elvouvali/MailoHLS/logs/rodinia-backprop-0-baseline-forward.log,/home/elvouvali/.mlir-python311/bin/python /home/elvouvali/MailoHLS/GNN_branch/mlir_graph_gen.py /home/elvouvali/MailoHLS/Data/ApplicationDataset/rodinia-backprop-0-baseline-forward/backprop_kernel.cpp --output /home/elvouvali/MailoHLS/.rodinia-backprop-0-baseline-forward.gexf.tmp --cgeist /home/elvouvali/tools/Polygeist/build-mailohls-assertions/bin/cgeist --mlir-output /home/elvouvali/MailoHLS/audit_mlir/.rodinia-backprop-0-baseline-forward.mlir.tmp
rodinia-backprop-1-tiling-back,failed,/home/elvouvali/MailoHLS/Data/ApplicationDataset/rodinia-backprop-1-tiling-back/backprop_kernel.cpp,/home/elvouvali/MailoHLS/rodinia-backprop-1-tiling-back.gexf,0.302,exit=2; log=/home/elvouvali/MailoHLS/logs/rodinia-backprop-1-tiling-back.log,/home/elvouvali/.mlir-python311/bin/python /home/elvouvali/MailoHLS/GNN_branch/mlir_graph_gen.py /home/elvouvali/MailoHLS/Data/ApplicationDataset/rodinia-backprop-1-tiling-back/backprop_kernel.cpp --output /home/elvouvali/MailoHLS/.rodinia-backprop-1-tiling-back.gexf.tmp --cgeist /home/elvouvali/tools/Polygeist/build-mailohls-assertions/bin/cgeist --mlir-output /home/elvouvali/MailoHLS/audit_mlir/.rodinia-backprop-1-tiling-back.mlir.tmp
rodinia-hotspot-0-baseline,failed,/home/elvouvali/MailoHLS/Data/ApplicationDataset/rodinia-hotspot-0-baseline/hotspot.cpp,/home/elvouvali/MailoHLS/rodinia-hotspot-0-baseline.gexf,0.311,exit=2; log=/home/elvouvali/MailoHLS/logs/rodinia-hotspot-0-baseline.log,/home/elvouvali/.mlir-python311/bin/python /home/elvouvali/MailoHLS/GNN_branch/mlir_graph_gen.py /home/elvouvali/MailoHLS/Data/ApplicationDataset/rodinia-hotspot-0-baseline/hotspot.cpp --output /home/elvouvali/MailoHLS/.rodinia-hotspot-0-baseline.gexf.tmp --cgeist /home/elvouvali/tools/Polygeist/build-mailohls-assertions/bin/cgeist --mlir-output /home/elvouvali/MailoHLS/audit_mlir/.rodinia-hotspot-0-baseline.mlir.tmp
rodinia-hotspot-1-tiling,failed,/home/elvouvali/MailoHLS/Data/ApplicationDataset/rodinia-hotspot-1-tiling/hotspot.cpp,/home/elvouvali/MailoHLS/rodinia-hotspot-1-tiling.gexf,0.336,exit=2; log=/home/elvouvali/MailoHLS/logs/rodinia-hotspot-1-tiling.log,/home/elvouvali/.mlir-python311/bin/python /home/elvouvali/MailoHLS/GNN_branch/mlir_graph_gen.py /home/elvouvali/MailoHLS/Data/ApplicationDataset/rodinia-hotspot-1-tiling/hotspot.cpp --output /home/elvouvali/MailoHLS/.rodinia-hotspot-1-tiling.gexf.tmp --cgeist /home/elvouvali/tools/Polygeist/build-mailohls-assertions/bin/cgeist --mlir-output /home/elvouvali/MailoHLS/audit_mlir/.rodinia-hotspot-1-tiling.mlir.tmp
rodinia-hotspot-2-pipeline,failed,/home/elvouvali/MailoHLS/Data/ApplicationDataset/rodinia-hotspot-2-pipeline/hotspot.cpp,/home/elvouvali/MailoHLS/rodinia-hotspot-2-pipeline.gexf,0.401,exit=2; log=/home/elvouvali/MailoHLS/logs/rodinia-hotspot-2-pipeline.log,/home/elvouvali/.mlir-python311/bin/python /home/elvouvali/MailoHLS/GNN_branch/mlir_graph_gen.py /home/elvouvali/MailoHLS/Data/ApplicationDataset/rodinia-hotspot-2-pipeline/hotspot.cpp --output /home/elvouvali/MailoHLS/.rodinia-hotspot-2-pipeline.gexf.tmp --cgeist /home/elvouvali/tools/Polygeist/build-mailohls-assertions/bin/cgeist --mlir-output /home/elvouvali/MailoHLS/audit_mlir/.rodinia-hotspot-2-pipeline.mlir.tmp
rodinia-hotspot-3-unroll,failed,/home/elvouvali/MailoHLS/Data/ApplicationDataset/rodinia-hotspot-3-unroll/hotspot.cpp,/home/elvouvali/MailoHLS/rodinia-hotspot-3-unroll.gexf,0.417,exit=2; log=/home/elvouvali/MailoHLS/logs/rodinia-hotspot-3-unroll.log,/home/elvouvali/.mlir-python311/bin/python /home/elvouvali/MailoHLS/GNN_branch/mlir_graph_gen.py /home/elvouvali/MailoHLS/Data/ApplicationDataset/rodinia-hotspot-3-unroll/hotspot.cpp --output /home/elvouvali/MailoHLS/.rodinia-hotspot-3-unroll.gexf.tmp --cgeist /home/elvouvali/tools/Polygeist/build-mailohls-assertions/bin/cgeist --mlir-output /home/elvouvali/MailoHLS/audit_mlir/.rodinia-hotspot-3-unroll.mlir.tmp
rodinia-kmeans-0-baseline,failed,/home/elvouvali/MailoHLS/Data/ApplicationDataset/rodinia-kmeans-0-baseline/kmeans.cpp,/home/elvouvali/MailoHLS/rodinia-kmeans-0-baseline.gexf,0.324,exit=2; log=/home/elvouvali/MailoHLS/logs/rodinia-kmeans-0-baseline.log,/home/elvouvali/.mlir-python311/bin/python /home/elvouvali/MailoHLS/GNN_branch/mlir_graph_gen.py /home/elvouvali/MailoHLS/Data/ApplicationDataset/rodinia-kmeans-0-baseline/kmeans.cpp --output /home/elvouvali/MailoHLS/.rodinia-kmeans-0-baseline.gexf.tmp --cgeist /home/elvouvali/tools/Polygeist/build-mailohls-assertions/bin/cgeist --mlir-output /home/elvouvali/MailoHLS/audit_mlir/.rodinia-kmeans-0-baseline.mlir.tmp
rodinia-kmeans-1-tiling,failed,/home/elvouvali/MailoHLS/Data/ApplicationDataset/rodinia-kmeans-1-tiling/kmeans.cpp,/home/elvouvali/MailoHLS/rodinia-kmeans-1-tiling.gexf,0.380,exit=2; log=/home/elvouvali/MailoHLS/logs/rodinia-kmeans-1-tiling.log,/home/elvouvali/.mlir-python311/bin/python /home/elvouvali/MailoHLS/GNN_branch/mlir_graph_gen.py /home/elvouvali/MailoHLS/Data/ApplicationDataset/rodinia-kmeans-1-tiling/kmeans.cpp --output /home/elvouvali/MailoHLS/.rodinia-kmeans-1-tiling.gexf.tmp --cgeist /home/elvouvali/tools/Polygeist/build-mailohls-assertions/bin/cgeist --mlir-output /home/elvouvali/MailoHLS/audit_mlir/.rodinia-kmeans-1-tiling.mlir.tmp
rodinia-kmeans-2-pipeline,failed,/home/elvouvali/MailoHLS/Data/ApplicationDataset/rodinia-kmeans-2-pipeline/kmeans.cpp,/home/elvouvali/MailoHLS/rodinia-kmeans-2-pipeline.gexf,0.289,exit=2; log=/home/elvouvali/MailoHLS/logs/rodinia-kmeans-2-pipeline.log,/home/elvouvali/.mlir-python311/bin/python /home/elvouvali/MailoHLS/GNN_branch/mlir_graph_gen.py /home/elvouvali/MailoHLS/Data/ApplicationDataset/rodinia-kmeans-2-pipeline/kmeans.cpp --output /home/elvouvali/MailoHLS/.rodinia-kmeans-2-pipeline.gexf.tmp --cgeist /home/elvouvali/tools/Polygeist/build-mailohls-assertions/bin/cgeist --mlir-output /home/elvouvali/MailoHLS/audit_mlir/.rodinia-kmeans-2-pipeline.mlir.tmp
rodinia-kmeans-3-unroll,failed,/home/elvouvali/MailoHLS/Data/ApplicationDataset/rodinia-kmeans-3-unroll/kmeans.cpp,/home/elvouvali/MailoHLS/rodinia-kmeans-3-unroll.gexf,0.345,exit=2; log=/home/elvouvali/MailoHLS/logs/rodinia-kmeans-3-unroll.log,/home/elvouvali/.mlir-python311/bin/python /home/elvouvali/MailoHLS/GNN_branch/mlir_graph_gen.py /home/elvouvali/MailoHLS/Data/ApplicationDataset/rodinia-kmeans-3-unroll/kmeans.cpp --output /home/elvouvali/MailoHLS/.rodinia-kmeans-3-unroll.gexf.tmp --cgeist /home/elvouvali/tools/Polygeist/build-mailohls-assertions/bin/cgeist --mlir-output /home/elvouvali/MailoHLS/audit_mlir/.rodinia-kmeans-3-unroll.mlir.tmp
rodinia-knn-0-baseline,failed,/home/elvouvali/MailoHLS/Data/ApplicationDataset/rodinia-knn-0-baseline/knn.cpp,/home/elvouvali/MailoHLS/rodinia-knn-0-baseline.gexf,0.288,exit=2; log=/home/elvouvali/MailoHLS/logs/rodinia-knn-0-baseline.log,/home/elvouvali/.mlir-python311/bin/python /home/elvouvali/MailoHLS/GNN_branch/mlir_graph_gen.py /home/elvouvali/MailoHLS/Data/ApplicationDataset/rodinia-knn-0-baseline/knn.cpp --output /home/elvouvali/MailoHLS/.rodinia-knn-0-baseline.gexf.tmp --cgeist /home/elvouvali/tools/Polygeist/build-mailohls-assertions/bin/cgeist --mlir-output /home/elvouvali/MailoHLS/audit_mlir/.rodinia-knn-0-baseline.mlir.tmp
rodinia-knn-1-tiling,failed,/home/elvouvali/MailoHLS/Data/ApplicationDataset/rodinia-knn-1-tiling/knn.cpp,/home/elvouvali/MailoHLS/rodinia-knn-1-tiling.gexf,0.355,exit=2; log=/home/elvouvali/MailoHLS/logs/rodinia-knn-1-tiling.log,/home/elvouvali/.mlir-python311/bin/python /home/elvouvali/MailoHLS/GNN_branch/mlir_graph_gen.py /home/elvouvali/MailoHLS/Data/ApplicationDataset/rodinia-knn-1-tiling/knn.cpp --output /home/elvouvali/MailoHLS/.rodinia-knn-1-tiling.gexf.tmp --cgeist /home/elvouvali/tools/Polygeist/build-mailohls-assertions/bin/cgeist --mlir-output /home/elvouvali/MailoHLS/audit_mlir/.rodinia-knn-1-tiling.mlir.tmp
rodinia-knn-2-pipeline,failed,/home/elvouvali/MailoHLS/Data/ApplicationDataset/rodinia-knn-2-pipeline/knn.cpp,/home/elvouvali/MailoHLS/rodinia-knn-2-pipeline.gexf,0.308,exit=2; log=/home/elvouvali/MailoHLS/logs/rodinia-knn-2-pipeline.log,/home/elvouvali/.mlir-python311/bin/python /home/elvouvali/MailoHLS/GNN_branch/mlir_graph_gen.py /home/elvouvali/MailoHLS/Data/ApplicationDataset/rodinia-knn-2-pipeline/knn.cpp --output /home/elvouvali/MailoHLS/.rodinia-knn-2-pipeline.gexf.tmp --cgeist /home/elvouvali/tools/Polygeist/build-mailohls-assertions/bin/cgeist --mlir-output /home/elvouvali/MailoHLS/audit_mlir/.rodinia-knn-2-pipeline.mlir.tmp
rodinia-knn-3-unroll,failed,/home/elvouvali/MailoHLS/Data/ApplicationDataset/rodinia-knn-3-unroll/knn.cpp,/home/elvouvali/MailoHLS/rodinia-knn-3-unroll.gexf,0.335,exit=2; log=/home/elvouvali/MailoHLS/logs/rodinia-knn-3-unroll.log,/home/elvouvali/.mlir-python311/bin/python /home/elvouvali/MailoHLS/GNN_branch/mlir_graph_gen.py /home/elvouvali/MailoHLS/Data/ApplicationDataset/rodinia-knn-3-unroll/knn.cpp --output /home/elvouvali/MailoHLS/.rodinia-knn-3-unroll.gexf.tmp --cgeist /home/elvouvali/tools/Polygeist/build-mailohls-assertions/bin/cgeist --mlir-output /home/elvouvali/MailoHLS/audit_mlir/.rodinia-knn-3-unroll.mlir.tmp
rodinia-knn-4-doublebuffer,failed,/home/elvouvali/MailoHLS/Data/ApplicationDataset/rodinia-knn-4-doublebuffer/knn.cpp,/home/elvouvali/MailoHLS/rodinia-knn-4-doublebuffer.gexf,0.323,exit=2; log=/home/elvouvali/MailoHLS/logs/rodinia-knn-4-doublebuffer.log,/home/elvouvali/.mlir-python311/bin/python /home/elvouvali/MailoHLS/GNN_branch/mlir_graph_gen.py /home/elvouvali/MailoHLS/Data/ApplicationDataset/rodinia-knn-4-doublebuffer/knn.cpp --output /home/elvouvali/MailoHLS/.rodinia-knn-4-doublebuffer.gexf.tmp --cgeist /home/elvouvali/tools/Polygeist/build-mailohls-assertions/bin/cgeist --mlir-output /home/elvouvali/MailoHLS/audit_mlir/.rodinia-knn-4-doublebuffer.mlir.tmp
rodinia-knn-5-coalescing,failed,/home/elvouvali/MailoHLS/Data/ApplicationDataset/rodinia-knn-5-coalescing/knn.cpp,/home/elvouvali/MailoHLS/rodinia-knn-5-coalescing.gexf,0.279,exit=2; log=/home/elvouvali/MailoHLS/logs/rodinia-knn-5-coalescing.log,/home/elvouvali/.mlir-python311/bin/python /home/elvouvali/MailoHLS/GNN_branch/mlir_graph_gen.py /home/elvouvali/MailoHLS/Data/ApplicationDataset/rodinia-knn-5-coalescing/knn.cpp --output /home/elvouvali/MailoHLS/.rodinia-knn-5-coalescing.gexf.tmp --cgeist /home/elvouvali/tools/Polygeist/build-mailohls-assertions/bin/cgeist --mlir-output /home/elvouvali/MailoHLS/audit_mlir/.rodinia-knn-5-coalescing.mlir.tmp
rodinia_cfd_flux_0_baseline_0,failed,/home/elvouvali/MailoHLS/Data/ApplicationDataset/rodinia_cfd_flux_0_baseline_0/cfd_flux.cpp,/home/elvouvali/MailoHLS/rodinia_cfd_flux_0_baseline_0.gexf,0.378,exit=2; log=/home/elvouvali/MailoHLS/logs/rodinia_cfd_flux_0_baseline_0.log,/home/elvouvali/.mlir-python311/bin/python /home/elvouvali/MailoHLS/GNN_branch/mlir_graph_gen.py /home/elvouvali/MailoHLS/Data/ApplicationDataset/rodinia_cfd_flux_0_baseline_0/cfd_flux.cpp --output /home/elvouvali/MailoHLS/.rodinia_cfd_flux_0_baseline_0.gexf.tmp --cgeist /home/elvouvali/tools/Polygeist/build-mailohls-assertions/bin/cgeist --mlir-output /home/elvouvali/MailoHLS/audit_mlir/.rodinia_cfd_flux_0_baseline_0.mlir.tmp
rodinia_cfd_step_factor_0_baseline_0,failed,/home/elvouvali/MailoHLS/Data/ApplicationDataset/rodinia_cfd_step_factor_0_baseline_0/cfd_step_factor.cpp,/home/elvouvali/MailoHLS/rodinia_cfd_step_factor_0_baseline_0.gexf,0.296,exit=2; log=/home/elvouvali/MailoHLS/logs/rodinia_cfd_step_factor_0_baseline_0.log,/home/elvouvali/.mlir-python311/bin/python /home/elvouvali/MailoHLS/GNN_branch/mlir_graph_gen.py /home/elvouvali/MailoHLS/Data/ApplicationDataset/rodinia_cfd_step_factor_0_baseline_0/cfd_step_factor.cpp --output /home/elvouvali/MailoHLS/.rodinia_cfd_step_factor_0_baseline_0.gexf.tmp --cgeist /home/elvouvali/tools/Polygeist/build-mailohls-assertions/bin/cgeist --mlir-output /home/elvouvali/MailoHLS/audit_mlir/.rodinia_cfd_step_factor_0_baseline_0.mlir.tmp
rodinia_cfd_step_factor_1_tiling_0,failed,/home/elvouvali/MailoHLS/Data/ApplicationDataset/rodinia_cfd_step_factor_1_tiling_0/cfd_step_factor.cpp,/home/elvouvali/MailoHLS/rodinia_cfd_step_factor_1_tiling_0.gexf,0.311,exit=2; log=/home/elvouvali/MailoHLS/logs/rodinia_cfd_step_factor_1_tiling_0.log,/home/elvouvali/.mlir-python311/bin/python /home/elvouvali/MailoHLS/GNN_branch/mlir_graph_gen.py /home/elvouvali/MailoHLS/Data/ApplicationDataset/rodinia_cfd_step_factor_1_tiling_0/cfd_step_factor.cpp --output /home/elvouvali/MailoHLS/.rodinia_cfd_step_factor_1_tiling_0.gexf.tmp --cgeist /home/elvouvali/tools/Polygeist/build-mailohls-assertions/bin/cgeist --mlir-output /home/elvouvali/MailoHLS/audit_mlir/.rodinia_cfd_step_factor_1_tiling_0.mlir.tmp
rodinia_cfd_step_factor_2_pipeline_0,failed,/home/elvouvali/MailoHLS/Data/ApplicationDataset/rodinia_cfd_step_factor_2_pipeline_0/cfd_step_factor.cpp,/home/elvouvali/MailoHLS/rodinia_cfd_step_factor_2_pipeline_0.gexf,0.362,exit=2; log=/home/elvouvali/MailoHLS/logs/rodinia_cfd_step_factor_2_pipeline_0.log,/home/elvouvali/.mlir-python311/bin/python /home/elvouvali/MailoHLS/GNN_branch/mlir_graph_gen.py /home/elvouvali/MailoHLS/Data/ApplicationDataset/rodinia_cfd_step_factor_2_pipeline_0/cfd_step_factor.cpp --output /home/elvouvali/MailoHLS/.rodinia_cfd_step_factor_2_pipeline_0.gexf.tmp --cgeist /home/elvouvali/tools/Polygeist/build-mailohls-assertions/bin/cgeist --mlir-output /home/elvouvali/MailoHLS/audit_mlir/.rodinia_cfd_step_factor_2_pipeline_0.mlir.tmp
rodinia_cfd_step_factor_3_unroll_0,failed,/home/elvouvali/MailoHLS/Data/ApplicationDataset/rodinia_cfd_step_factor_3_unroll_0/cfd_step_factor.cpp,/home/elvouvali/MailoHLS/rodinia_cfd_step_factor_3_unroll_0.gexf,0.408,exit=2; log=/home/elvouvali/MailoHLS/logs/rodinia_cfd_step_factor_3_unroll_0.log,/home/elvouvali/.mlir-python311/bin/python /home/elvouvali/MailoHLS/GNN_branch/mlir_graph_gen.py /home/elvouvali/MailoHLS/Data/ApplicationDataset/rodinia_cfd_step_factor_3_unroll_0/cfd_step_factor.cpp --output /home/elvouvali/MailoHLS/.rodinia_cfd_step_factor_3_unroll_0.gexf.tmp --cgeist /home/elvouvali/tools/Polygeist/build-mailohls-assertions/bin/cgeist --mlir-output /home/elvouvali/MailoHLS/audit_mlir/.rodinia_cfd_step_factor_3_unroll_0.mlir.tmp
rodinia_cfd_step_factor_4_doublebuffer_0,failed,/home/elvouvali/MailoHLS/Data/ApplicationDataset/rodinia_cfd_step_factor_4_doublebuffer_0/cfd_step_factor.cpp,/home/elvouvali/MailoHLS/rodinia_cfd_step_factor_4_doublebuffer_0.gexf,0.528,exit=2; log=/home/elvouvali/MailoHLS/logs/rodinia_cfd_step_factor_4_doublebuffer_0.log,/home/elvouvali/.mlir-python311/bin/python /home/elvouvali/MailoHLS/GNN_branch/mlir_graph_gen.py /home/elvouvali/MailoHLS/Data/ApplicationDataset/rodinia_cfd_step_factor_4_doublebuffer_0/cfd_step_factor.cpp --output /home/elvouvali/MailoHLS/.rodinia_cfd_step_factor_4_doublebuffer_0.gexf.tmp --cgeist /home/elvouvali/tools/Polygeist/build-mailohls-assertions/bin/cgeist --mlir-output /home/elvouvali/MailoHLS/audit_mlir/.rodinia_cfd_step_factor_4_doublebuffer_0.mlir.tmp
rodinia_cfd_step_factor_5_coalescing_0,failed,/home/elvouvali/MailoHLS/Data/ApplicationDataset/rodinia_cfd_step_factor_5_coalescing_0/cfd_step_factor.cpp,/home/elvouvali/MailoHLS/rodinia_cfd_step_factor_5_coalescing_0.gexf,0.586,exit=2; log=/home/elvouvali/MailoHLS/logs/rodinia_cfd_step_factor_5_coalescing_0.log,/home/elvouvali/.mlir-python311/bin/python /home/elvouvali/MailoHLS/GNN_branch/mlir_graph_gen.py /home/elvouvali/MailoHLS/Data/ApplicationDataset/rodinia_cfd_step_factor_5_coalescing_0/cfd_step_factor.cpp --output /home/elvouvali/MailoHLS/.rodinia_cfd_step_factor_5_coalescing_0.gexf.tmp --cgeist /home/elvouvali/tools/Polygeist/build-mailohls-assertions/bin/cgeist --mlir-output /home/elvouvali/MailoHLS/audit_mlir/.rodinia_cfd_step_factor_5_coalescing_0.mlir.tmp
rodinia_dilate_0_baseline_0,failed,/home/elvouvali/MailoHLS/Data/ApplicationDataset/rodinia_dilate_0_baseline_0/dilate.cpp,/home/elvouvali/MailoHLS/rodinia_dilate_0_baseline_0.gexf,0.344,exit=2; log=/home/elvouvali/MailoHLS/logs/rodinia_dilate_0_baseline_0.log,/home/elvouvali/.mlir-python311/bin/python /home/elvouvali/MailoHLS/GNN_branch/mlir_graph_gen.py /home/elvouvali/MailoHLS/Data/ApplicationDataset/rodinia_dilate_0_baseline_0/dilate.cpp --output /home/elvouvali/MailoHLS/.rodinia_dilate_0_baseline_0.gexf.tmp --cgeist /home/elvouvali/tools/Polygeist/build-mailohls-assertions/bin/cgeist --mlir-output /home/elvouvali/MailoHLS/audit_mlir/.rodinia_dilate_0_baseline_0.mlir.tmp
rodinia_dilate_1_tiling_0,failed,/home/elvouvali/MailoHLS/Data/ApplicationDataset/rodinia_dilate_1_tiling_0/dilate.cpp,/home/elvouvali/MailoHLS/rodinia_dilate_1_tiling_0.gexf,0.399,exit=2; log=/home/elvouvali/MailoHLS/logs/rodinia_dilate_1_tiling_0.log,/home/elvouvali/.mlir-python311/bin/python /home/elvouvali/MailoHLS/GNN_branch/mlir_graph_gen.py /home/elvouvali/MailoHLS/Data/ApplicationDataset/rodinia_dilate_1_tiling_0/dilate.cpp --output /home/elvouvali/MailoHLS/.rodinia_dilate_1_tiling_0.gexf.tmp --cgeist /home/elvouvali/tools/Polygeist/build-mailohls-assertions/bin/cgeist --mlir-output /home/elvouvali/MailoHLS/audit_mlir/.rodinia_dilate_1_tiling_0.mlir.tmp
rodinia_dilate_2_pipeline_0,failed,/home/elvouvali/MailoHLS/Data/ApplicationDataset/rodinia_dilate_2_pipeline_0/dilate.cpp,/home/elvouvali/MailoHLS/rodinia_dilate_2_pipeline_0.gexf,0.367,exit=2; log=/home/elvouvali/MailoHLS/logs/rodinia_dilate_2_pipeline_0.log,/home/elvouvali/.mlir-python311/bin/python /home/elvouvali/MailoHLS/GNN_branch/mlir_graph_gen.py /home/elvouvali/MailoHLS/Data/ApplicationDataset/rodinia_dilate_2_pipeline_0/dilate.cpp --output /home/elvouvali/MailoHLS/.rodinia_dilate_2_pipeline_0.gexf.tmp --cgeist /home/elvouvali/tools/Polygeist/build-mailohls-assertions/bin/cgeist --mlir-output /home/elvouvali/MailoHLS/audit_mlir/.rodinia_dilate_2_pipeline_0.mlir.tmp
rodinia_dilate_3_pipeline_0,failed,/home/elvouvali/MailoHLS/Data/ApplicationDataset/rodinia_dilate_3_pipeline_0/dilate.cpp,/home/elvouvali/MailoHLS/rodinia_dilate_3_pipeline_0.gexf,0.396,exit=2; log=/home/elvouvali/MailoHLS/logs/rodinia_dilate_3_pipeline_0.log,/home/elvouvali/.mlir-python311/bin/python /home/elvouvali/MailoHLS/GNN_branch/mlir_graph_gen.py /home/elvouvali/MailoHLS/Data/ApplicationDataset/rodinia_dilate_3_pipeline_0/dilate.cpp --output /home/elvouvali/MailoHLS/.rodinia_dilate_3_pipeline_0.gexf.tmp --cgeist /home/elvouvali/tools/Polygeist/build-mailohls-assertions/bin/cgeist --mlir-output /home/elvouvali/MailoHLS/audit_mlir/.rodinia_dilate_3_pipeline_0.mlir.tmp
rodinia_lavaMD_0_baseline,failed,/home/elvouvali/MailoHLS/Data/ApplicationDataset/rodinia_lavaMD_0_baseline/lavaMD.cpp,/home/elvouvali/MailoHLS/rodinia_lavaMD_0_baseline.gexf,0.368,exit=2; log=/home/elvouvali/MailoHLS/logs/rodinia_lavaMD_0_baseline.log,/home/elvouvali/.mlir-python311/bin/python /home/elvouvali/MailoHLS/GNN_branch/mlir_graph_gen.py /home/elvouvali/MailoHLS/Data/ApplicationDataset/rodinia_lavaMD_0_baseline/lavaMD.cpp --output /home/elvouvali/MailoHLS/.rodinia_lavaMD_0_baseline.gexf.tmp --cgeist /home/elvouvali/tools/Polygeist/build-mailohls-assertions/bin/cgeist --mlir-output /home/elvouvali/MailoHLS/audit_mlir/.rodinia_lavaMD_0_baseline.mlir.tmp
rodinia_lavaMD_1_tiling_0,failed,/home/elvouvali/MailoHLS/Data/ApplicationDataset/rodinia_lavaMD_1_tiling_0/lavaMD.cpp,/home/elvouvali/MailoHLS/rodinia_lavaMD_1_tiling_0.gexf,0.290,exit=2; log=/home/elvouvali/MailoHLS/logs/rodinia_lavaMD_1_tiling_0.log,/home/elvouvali/.mlir-python311/bin/python /home/elvouvali/MailoHLS/GNN_branch/mlir_graph_gen.py /home/elvouvali/MailoHLS/Data/ApplicationDataset/rodinia_lavaMD_1_tiling_0/lavaMD.cpp --output /home/elvouvali/MailoHLS/.rodinia_lavaMD_1_tiling_0.gexf.tmp --cgeist /home/elvouvali/tools/Polygeist/build-mailohls-assertions/bin/cgeist --mlir-output /home/elvouvali/MailoHLS/audit_mlir/.rodinia_lavaMD_1_tiling_0.mlir.tmp
rodinia_lavaMD_1_tiling_1,failed,/home/elvouvali/MailoHLS/Data/ApplicationDataset/rodinia_lavaMD_1_tiling_1/lavaMD_flattenedArray.cpp,/home/elvouvali/MailoHLS/rodinia_lavaMD_1_tiling_1.gexf,0.372,exit=2; log=/home/elvouvali/MailoHLS/logs/rodinia_lavaMD_1_tiling_1.log,/home/elvouvali/.mlir-python311/bin/python /home/elvouvali/MailoHLS/GNN_branch/mlir_graph_gen.py /home/elvouvali/MailoHLS/Data/ApplicationDataset/rodinia_lavaMD_1_tiling_1/lavaMD_flattenedArray.cpp --output /home/elvouvali/MailoHLS/.rodinia_lavaMD_1_tiling_1.gexf.tmp --cgeist /home/elvouvali/tools/Polygeist/build-mailohls-assertions/bin/cgeist --mlir-output /home/elvouvali/MailoHLS/audit_mlir/.rodinia_lavaMD_1_tiling_1.mlir.tmp
rodinia_lavaMD_2_pipeline_0,failed,/home/elvouvali/MailoHLS/Data/ApplicationDataset/rodinia_lavaMD_2_pipeline_0/lavaMD.cpp,/home/elvouvali/MailoHLS/rodinia_lavaMD_2_pipeline_0.gexf,0.311,exit=2; log=/home/elvouvali/MailoHLS/logs/rodinia_lavaMD_2_pipeline_0.log,/home/elvouvali/.mlir-python311/bin/python /home/elvouvali/MailoHLS/GNN_branch/mlir_graph_gen.py /home/elvouvali/MailoHLS/Data/ApplicationDataset/rodinia_lavaMD_2_pipeline_0/lavaMD.cpp --output /home/elvouvali/MailoHLS/.rodinia_lavaMD_2_pipeline_0.gexf.tmp --cgeist /home/elvouvali/tools/Polygeist/build-mailohls-assertions/bin/cgeist --mlir-output /home/elvouvali/MailoHLS/audit_mlir/.rodinia_lavaMD_2_pipeline_0.mlir.tmp
rodinia_lc_gicov_0_baseline_0,failed,/home/elvouvali/MailoHLS/Data/ApplicationDataset/rodinia_lc_gicov_0_baseline_0/lc_gicov.cpp,/home/elvouvali/MailoHLS/rodinia_lc_gicov_0_baseline_0.gexf,0.313,exit=2; log=/home/elvouvali/MailoHLS/logs/rodinia_lc_gicov_0_baseline_0.log,/home/elvouvali/.mlir-python311/bin/python /home/elvouvali/MailoHLS/GNN_branch/mlir_graph_gen.py /home/elvouvali/MailoHLS/Data/ApplicationDataset/rodinia_lc_gicov_0_baseline_0/lc_gicov.cpp --output /home/elvouvali/MailoHLS/.rodinia_lc_gicov_0_baseline_0.gexf.tmp --cgeist /home/elvouvali/tools/Polygeist/build-mailohls-assertions/bin/cgeist --mlir-output /home/elvouvali/MailoHLS/audit_mlir/.rodinia_lc_gicov_0_baseline_0.mlir.tmp
rodinia_lc_mgvf_0_baseline_0,failed,/home/elvouvali/MailoHLS/Data/ApplicationDataset/rodinia_lc_mgvf_0_baseline_0/lc_mgvf.cpp,/home/elvouvali/MailoHLS/rodinia_lc_mgvf_0_baseline_0.gexf,0.317,exit=2; log=/home/elvouvali/MailoHLS/logs/rodinia_lc_mgvf_0_baseline_0.log,/home/elvouvali/.mlir-python311/bin/python /home/elvouvali/MailoHLS/GNN_branch/mlir_graph_gen.py /home/elvouvali/MailoHLS/Data/ApplicationDataset/rodinia_lc_mgvf_0_baseline_0/lc_mgvf.cpp --output /home/elvouvali/MailoHLS/.rodinia_lc_mgvf_0_baseline_0.gexf.tmp --cgeist /home/elvouvali/tools/Polygeist/build-mailohls-assertions/bin/cgeist --mlir-output /home/elvouvali/MailoHLS/audit_mlir/.rodinia_lc_mgvf_0_baseline_0.mlir.tmp
rodinia_lud_1_tiling_0,failed,/home/elvouvali/MailoHLS/Data/ApplicationDataset/rodinia_lud_1_tiling_0/lud.cpp,/home/elvouvali/MailoHLS/rodinia_lud_1_tiling_0.gexf,0.275,exit=2; log=/home/elvouvali/MailoHLS/logs/rodinia_lud_1_tiling_0.log,/home/elvouvali/.mlir-python311/bin/python /home/elvouvali/MailoHLS/GNN_branch/mlir_graph_gen.py /home/elvouvali/MailoHLS/Data/ApplicationDataset/rodinia_lud_1_tiling_0/lud.cpp --output /home/elvouvali/MailoHLS/.rodinia_lud_1_tiling_0.gexf.tmp --cgeist /home/elvouvali/tools/Polygeist/build-mailohls-assertions/bin/cgeist --mlir-output /home/elvouvali/MailoHLS/audit_mlir/.rodinia_lud_1_tiling_0.mlir.tmp
rodinia_pathfinder_0_baseline_0,failed,/home/elvouvali/MailoHLS/Data/ApplicationDataset/rodinia_pathfinder_0_baseline_0/pathfinder.cpp,/home/elvouvali/MailoHLS/rodinia_pathfinder_0_baseline_0.gexf,0.327,exit=2; log=/home/elvouvali/MailoHLS/logs/rodinia_pathfinder_0_baseline_0.log,/home/elvouvali/.mlir-python311/bin/python /home/elvouvali/MailoHLS/GNN_branch/mlir_graph_gen.py /home/elvouvali/MailoHLS/Data/ApplicationDataset/rodinia_pathfinder_0_baseline_0/pathfinder.cpp --output /home/elvouvali/MailoHLS/.rodinia_pathfinder_0_baseline_0.gexf.tmp --cgeist /home/elvouvali/tools/Polygeist/build-mailohls-assertions/bin/cgeist --mlir-output /home/elvouvali/MailoHLS/audit_mlir/.rodinia_pathfinder_0_baseline_0.mlir.tmp
rodinia_pathfinder_4_doublebuffer_0,failed,/home/elvouvali/MailoHLS/Data/ApplicationDataset/rodinia_pathfinder_4_doublebuffer_0/pathfinder.cpp,/home/elvouvali/MailoHLS/rodinia_pathfinder_4_doublebuffer_0.gexf,0.385,exit=2; log=/home/elvouvali/MailoHLS/logs/rodinia_pathfinder_4_doublebuffer_0.log,/home/elvouvali/.mlir-python311/bin/python /home/elvouvali/MailoHLS/GNN_branch/mlir_graph_gen.py /home/elvouvali/MailoHLS/Data/ApplicationDataset/rodinia_pathfinder_4_doublebuffer_0/pathfinder.cpp --output /home/elvouvali/MailoHLS/.rodinia_pathfinder_4_doublebuffer_0.gexf.tmp --cgeist /home/elvouvali/tools/Polygeist/build-mailohls-assertions/bin/cgeist --mlir-output /home/elvouvali/MailoHLS/audit_mlir/.rodinia_pathfinder_4_doublebuffer_0.mlir.tmp
rodinia_streamcluster_0_baseline_0,failed,/home/elvouvali/MailoHLS/Data/ApplicationDataset/rodinia_streamcluster_0_baseline_0/streamcluster.cpp,/home/elvouvali/MailoHLS/rodinia_streamcluster_0_baseline_0.gexf,0.400,exit=2; log=/home/elvouvali/MailoHLS/logs/rodinia_streamcluster_0_baseline_0.log,/home/elvouvali/.mlir-python311/bin/python /home/elvouvali/MailoHLS/GNN_branch/mlir_graph_gen.py /home/elvouvali/MailoHLS/Data/ApplicationDataset/rodinia_streamcluster_0_baseline_0/streamcluster.cpp --output /home/elvouvali/MailoHLS/.rodinia_streamcluster_0_baseline_0.gexf.tmp --cgeist /home/elvouvali/tools/Polygeist/build-mailohls-assertions/bin/cgeist --mlir-output /home/elvouvali/MailoHLS/audit_mlir/.rodinia_streamcluster_0_baseline_0.mlir.tmp
rodinia_streamcluster_1_tiling_0,failed,/home/elvouvali/MailoHLS/Data/ApplicationDataset/rodinia_streamcluster_1_tiling_0/streamcluster.cpp,/home/elvouvali/MailoHLS/rodinia_streamcluster_1_tiling_0.gexf,0.353,exit=2; log=/home/elvouvali/MailoHLS/logs/rodinia_streamcluster_1_tiling_0.log,/home/elvouvali/.mlir-python311/bin/python /home/elvouvali/MailoHLS/GNN_branch/mlir_graph_gen.py /home/elvouvali/MailoHLS/Data/ApplicationDataset/rodinia_streamcluster_1_tiling_0/streamcluster.cpp --output /home/elvouvali/MailoHLS/.rodinia_streamcluster_1_tiling_0.gexf.tmp --cgeist /home/elvouvali/tools/Polygeist/build-mailohls-assertions/bin/cgeist --mlir-output /home/elvouvali/MailoHLS/audit_mlir/.rodinia_streamcluster_1_tiling_0.mlir.tmp
rodinia_streamcluster_2_pipeline_1,failed,/home/elvouvali/MailoHLS/Data/ApplicationDataset/rodinia_streamcluster_2_pipeline_1/streamcluster.cpp,/home/elvouvali/MailoHLS/rodinia_streamcluster_2_pipeline_1.gexf,0.353,exit=2; log=/home/elvouvali/MailoHLS/logs/rodinia_streamcluster_2_pipeline_1.log,/home/elvouvali/.mlir-python311/bin/python /home/elvouvali/MailoHLS/GNN_branch/mlir_graph_gen.py /home/elvouvali/MailoHLS/Data/ApplicationDataset/rodinia_streamcluster_2_pipeline_1/streamcluster.cpp --output /home/elvouvali/MailoHLS/.rodinia_streamcluster_2_pipeline_1.gexf.tmp --cgeist /home/elvouvali/tools/Polygeist/build-mailohls-assertions/bin/cgeist --mlir-output /home/elvouvali/MailoHLS/audit_mlir/.rodinia_streamcluster_2_pipeline_1.mlir.tmp
rodinia_streamcluster_3_doublebuffer_0,failed,/home/elvouvali/MailoHLS/Data/ApplicationDataset/rodinia_streamcluster_3_doublebuffer_0/streamcluster.cpp,/home/elvouvali/MailoHLS/rodinia_streamcluster_3_doublebuffer_0.gexf,0.509,exit=2; log=/home/elvouvali/MailoHLS/logs/rodinia_streamcluster_3_doublebuffer_0.log,/home/elvouvali/.mlir-python311/bin/python /home/elvouvali/MailoHLS/GNN_branch/mlir_graph_gen.py /home/elvouvali/MailoHLS/Data/ApplicationDataset/rodinia_streamcluster_3_doublebuffer_0/streamcluster.cpp --output /home/elvouvali/MailoHLS/.rodinia_streamcluster_3_doublebuffer_0.gexf.tmp --cgeist /home/elvouvali/tools/Polygeist/build-mailohls-assertions/bin/cgeist --mlir-output /home/elvouvali/MailoHLS/audit_mlir/.rodinia_streamcluster_3_doublebuffer_0.mlir.tmp
rodinia_streamcluster_4_coalescing_0,failed,/home/elvouvali/MailoHLS/Data/ApplicationDataset/rodinia_streamcluster_4_coalescing_0/streamcluster.cpp,/home/elvouvali/MailoHLS/rodinia_streamcluster_4_coalescing_0.gexf,0.417,exit=2; log=/home/elvouvali/MailoHLS/logs/rodinia_streamcluster_4_coalescing_0.log,/home/elvouvali/.mlir-python311/bin/python /home/elvouvali/MailoHLS/GNN_branch/mlir_graph_gen.py /home/elvouvali/MailoHLS/Data/ApplicationDataset/rodinia_streamcluster_4_coalescing_0/streamcluster.cpp --output /home/elvouvali/MailoHLS/.rodinia_streamcluster_4_coalescing_0.gexf.tmp --cgeist /home/elvouvali/tools/Polygeist/build-mailohls-assertions/bin/cgeist --mlir-output /home/elvouvali/MailoHLS/audit_mlir/.rodinia_streamcluster_4_coalescing_0.mlir.tmp
serrano-kalman-filter,failed,/home/elvouvali/MailoHLS/Data/ApplicationDataset/serrano-kalman-filter/kernel.cpp,/home/elvouvali/MailoHLS/serrano-kalman-filter.gexf,0.362,exit=2; log=/home/elvouvali/MailoHLS/logs/serrano-kalman-filter.log,/home/elvouvali/.mlir-python311/bin/python /home/elvouvali/MailoHLS/GNN_branch/mlir_graph_gen.py /home/elvouvali/MailoHLS/Data/ApplicationDataset/serrano-kalman-filter/kernel.cpp --output /home/elvouvali/MailoHLS/.serrano-kalman-filter.gexf.tmp --cgeist /home/elvouvali/tools/Polygeist/build-mailohls-assertions/bin/cgeist --mlir-output /home/elvouvali/MailoHLS/audit_mlir/.serrano-kalman-filter.mlir.tmp
spcl_example_00,failed,/home/elvouvali/MailoHLS/Data/ApplicationDataset/spcl_example_00/Example0.cpp,/home/elvouvali/MailoHLS/spcl_example_00.gexf,0.335,exit=2; log=/home/elvouvali/MailoHLS/logs/spcl_example_00.log,/home/elvouvali/.mlir-python311/bin/python /home/elvouvali/MailoHLS/GNN_branch/mlir_graph_gen.py /home/elvouvali/MailoHLS/Data/ApplicationDataset/spcl_example_00/Example0.cpp --output /home/elvouvali/MailoHLS/.spcl_example_00.gexf.tmp --cgeist /home/elvouvali/tools/Polygeist/build-mailohls-assertions/bin/cgeist --mlir-output /home/elvouvali/MailoHLS/audit_mlir/.spcl_example_00.mlir.tmp
spcl_example_01,failed,/home/elvouvali/MailoHLS/Data/ApplicationDataset/spcl_example_01/Example1_Pipelined.cpp,/home/elvouvali/MailoHLS/spcl_example_01.gexf,0.272,exit=2; log=/home/elvouvali/MailoHLS/logs/spcl_example_01.log,/home/elvouvali/.mlir-python311/bin/python /home/elvouvali/MailoHLS/GNN_branch/mlir_graph_gen.py /home/elvouvali/MailoHLS/Data/ApplicationDataset/spcl_example_01/Example1_Pipelined.cpp --output /home/elvouvali/MailoHLS/.spcl_example_01.gexf.tmp --cgeist /home/elvouvali/tools/Polygeist/build-mailohls-assertions/bin/cgeist --mlir-output /home/elvouvali/MailoHLS/audit_mlir/.spcl_example_01.mlir.tmp
spcl_example_03,failed,/home/elvouvali/MailoHLS/Data/ApplicationDataset/spcl_example_03/Example3.cpp,/home/elvouvali/MailoHLS/spcl_example_03.gexf,0.334,exit=2; log=/home/elvouvali/MailoHLS/logs/spcl_example_03.log,/home/elvouvali/.mlir-python311/bin/python /home/elvouvali/MailoHLS/GNN_branch/mlir_graph_gen.py /home/elvouvali/MailoHLS/Data/ApplicationDataset/spcl_example_03/Example3.cpp --output /home/elvouvali/MailoHLS/.spcl_example_03.gexf.tmp --cgeist /home/elvouvali/tools/Polygeist/build-mailohls-assertions/bin/cgeist --mlir-output /home/elvouvali/MailoHLS/audit_mlir/.spcl_example_03.mlir.tmp
spcl_example_05,failed,/home/elvouvali/MailoHLS/Data/ApplicationDataset/spcl_example_05/Example5_Reordered.cpp,/home/elvouvali/MailoHLS/spcl_example_05.gexf,0.352,exit=2; log=/home/elvouvali/MailoHLS/logs/spcl_example_05.log,/home/elvouvali/.mlir-python311/bin/python /home/elvouvali/MailoHLS/GNN_branch/mlir_graph_gen.py /home/elvouvali/MailoHLS/Data/ApplicationDataset/spcl_example_05/Example5_Reordered.cpp --output /home/elvouvali/MailoHLS/.spcl_example_05.gexf.tmp --cgeist /home/elvouvali/tools/Polygeist/build-mailohls-assertions/bin/cgeist --mlir-output /home/elvouvali/MailoHLS/audit_mlir/.spcl_example_05.mlir.tmp
