Version,Device,Clock_Period_nsec,Latency_msec,Synthesis_Time_sec,BRAM_Utilization_percentage,DSP_Utilization_percentage,FF_Utilization_percentage,LUT_Utilization_percentage,Array_1,Array_2,OuterLoop_2,InnerLoop_1_2,Replicate_Count,Area,Weight,is_pareto
workload_632.cpp,xczu7ev-ffvc1156-2-e,10,10.63944,310.5,0,0,11,81,block_128_1,block_16_1,pipeline_1,unroll_64,2,23,0.40231173757,False
workload_875.cpp,xczu7ev-ffvc1156-2-e,10,10.63944,299,0,0,11,81,block_128_1,block_32_1,pipeline_1,unroll_64,1,23,0.40231173757,False
workload_836.cpp,xczu7ev-ffvc1156-2-e,10,10.6599,322,1,0,5,83,block_128_1,block_4_1,pipeline_1,unroll_64,1,22.25,0.43094425663,False
workload_872.cpp,xczu7ev-ffvc1156-2-e,10,44.9487,121,0,0,10,60,block_128_1,cyclic_2_1,unroll_2,unroll_64,1,17.5,0.38764406251,False
workload_99.cpp,xczu7ev-ffvc1156-2-e,10,10.63944,325,5,0,11,74,block_16_1,block_16_1,pipeline_1,unroll_64,1,22.5,0.421254955214,False
workload_34.cpp,xczu7ev-ffvc1156-2-e,10,94.38366,957,10,0,10,80,block_16_1,block_16_1,unroll_64,unroll_4,1,25,0.128577819782,False
workload_47.cpp,xczu7ev-ffvc1156-2-e,10,94.38366,635,8,0,9,70,block_16_1,block_8_1,unroll_64,unroll_4,1,21.75,0.148990685821,False
workload_143.cpp,xczu7ev-ffvc1156-2-e,10,47.93874,55,8,0,0,5,block_16_1,cyclic_16_1,unroll_2,unroll_16,3,3.25,0.676481271655,False
workload_152.cpp,xczu7ev-ffvc1156-2-e,10,70.87634,47,8,0,0,3,block_16_1,cyclic_16_1,unroll_2,unroll_8,1,2.75,0.474722765849,False
workload_123.cpp,xczu7ev-ffvc1156-2-e,10,44.9871,108,8,0,1,23,block_16_1,cyclic_16_1,unroll_4,unroll_64,1,8,0.548115397676,False
workload_43.cpp,xczu7ev-ffvc1156-2-e,10,44.98962,77,7,0,1,14,block_16_1,cyclic_8_1,unroll_2,unroll_64,1,5.5,0.638090601004,False
workload_15.cpp,xczu7ev-ffvc1156-2-e,10,53.83698,48,7,0,0,3,block_16_1,cyclic_8_1,unroll_2,unroll_8,1,2.5,0.630692989029,False
workload_218.cpp,xczu7ev-ffvc1156-2-e,10,10.6292,324,1,0,12,75,block_2_1,block_128_1,pipeline_1,unroll_32,1,22,0.440772547335,False
workload_11.cpp,xczu7ev-ffvc1156-2-e,10,10.64966,398,2,0,9,81,block_2_1,block_4_1,pipeline_1,unroll_16,5,23,0.40231266464,False
workload_144.cpp,xczu7ev-ffvc1156-2-e,10,10.64966,348,2,0,7,77,block_2_1,block_4_1,pipeline_1,unroll_64,3,21.5,0.460868649122,False
workload_162.cpp,xczu7ev-ffvc1156-2-e,10,42.03026,52,2,0,0,4,block_2_1,block_4_1,unroll_2,unroll_16,1,1.5,0.761386184386,False
workload_83.cpp,xczu7ev-ffvc1156-2-e,10,10.64966,442,3,0,12,87,block_2_1,cyclic_8_1,pipeline_1,unroll_8,1,25.5,0.316228786028,False
workload_155.cpp,xczu7ev-ffvc1156-2-e,10,34.49362,57,2,0,0,6,block_2_1,cyclic_8_1,unroll_2,unroll_32,1,2,0.833072322488,False
workload_905.cpp,xczu7ev-ffvc1156-2-e,10,10.63944,289,10,0,11,75,block_32_1,block_16_1,pipeline_1,unroll_64,1,24,0.366151723008,False
workload_909.cpp,xczu7ev-ffvc1156-2-e,10,10.6599,359,11,0,4,79,block_32_1,block_2_1,pipeline_1,unroll_64,1,23.5,0.383945727791,False
workload_72.cpp,xczu7ev-ffvc1156-2-e,10,94.13742,171,21,0,2,31,block_32_1,block_32_1,unroll_16,unroll_4,1,13.5,0.193027430568,False
workload_900.cpp,xczu7ev-ffvc1156-2-e,10,10.6599,340,12,0,4,79,block_32_1,block_4_1,pipeline_1,unroll_32,1,23.75,0.374977619734,False
workload_20.cpp,xczu7ev-ffvc1156-2-e,10,10.6599,465,12,0,13,99,block_32_1,block_4_1,pipeline_1,unroll_4,1,31,0.177495978416,False
workload_874.cpp,xczu7ev-ffvc1156-2-e,10,10.6599,356,12,0,3,78,block_32_1,block_4_1,pipeline_1,unroll_64,1,23.25,0.393057707086,False
workload_51.cpp,xczu7ev-ffvc1156-2-e,10,89.2227,57,12,0,0,9,block_32_1,block_4_1,unroll_8,unroll_2,1,5.25,0.321477755886,False
workload_167.cpp,xczu7ev-ffvc1156-2-e,10,49.23922,94,1,0,2,15,block_4_1,block_128_1,unroll_2,unroll_16,1,4.5,0.635793779308,False
workload_341.cpp,xczu7ev-ffvc1156-2-e,10,10.64966,429,2,0,15,99,block_4_1,block_2_1,pipeline_1,unroll_4,1,29,0.219885214841,False
workload_208.cpp,xczu7ev-ffvc1156-2-e,10,10.64966,343,2,0,5,77,block_4_1,block_2_1,pipeline_1,unroll_64,13,21,0.481537697415,False
workload_87.cpp,xczu7ev-ffvc1156-2-e,10,51.2011,119,2,0,3,28,block_4_1,block_2_1,unroll_16,unroll_16,1,8.25,0.506908078975,False
workload_287.cpp,xczu7ev-ffvc1156-2-e,10,44.32402,75,2,0,1,12,block_4_1,block_2_1,unroll_2,unroll_64,2,3.75,0.697568104438,False
workload_104.cpp,xczu7ev-ffvc1156-2-e,10,10.64966,409.5,3,0,7,79.5,block_4_1,block_4_1,pipeline_1,unroll_16,2,22.375,0.42608164549,False
workload_322.cpp,xczu7ev-ffvc1156-2-e,10,10.64966,362,3,0,6,77,block_4_1,block_4_1,pipeline_1,unroll_32,1,21.5,0.460868649122,False
workload_156.cpp,xczu7ev-ffvc1156-2-e,10,10.64966,346,3,0,5,75,block_4_1,block_4_1,pipeline_1,unroll_64,7,20.75,0.492000906919,False
workload_565.cpp,xczu7ev-ffvc1156-2-e,10,39.40882,70,3,0,2,12,block_4_1,block_4_1,unroll_2,unroll_64,1,4.25,0.7213100256,False
workload_363.cpp,xczu7ev-ffvc1156-2-e,10,10.6292,294,1,0,11,74,block_4_1,cyclic_64_1,pipeline_1,unroll_64,1,21.5,0.460866570815,False
workload_45.cpp,xczu7ev-ffvc1156-2-e,10,10.64966,486,3,0,11,87,block_4_1,cyclic_8_1,pipeline_1,unroll_8,1,25.25,0.324189701576,False
workload_133.cpp,xczu7ev-ffvc1156-2-e,10,43.34098,50,3,0,0,2,block_4_1,cyclic_8_1,unroll_2,unroll_8,1,1.25,0.747645021951,False
workload_506.cpp,xczu7ev-ffvc1156-2-e,10,10.63944,317,0,0,12,77,block_64_1,block_128_1,pipeline_1,unroll_64,1,22.25,0.430942355573,False
workload_775.cpp,xczu7ev-ffvc1156-2-e,10,10.6599,350,1,0,4,79,block_64_1,block_4_1,pipeline_1,unroll_64,1,21,0.481538010391,False
workload_819.cpp,xczu7ev-ffvc1156-2-e,10,10.6599,336,3,0,4,78,block_64_1,block_8_1,pipeline_1,unroll_64,1,21.25,0.471132110332,False
workload_93.cpp,xczu7ev-ffvc1156-2-e,10,52.85394,64,8,0,1,10,block_8_1,block_16_1,unroll_2,unroll_32,1,4.75,0.599653493903,False
workload_637.cpp,xczu7ev-ffvc1156-2-e,10,10.6599,362,3,0,5,78,block_8_1,block_2_1,pipeline_1,unroll_64,1,21.5,0.460869507437,False
workload_820.cpp,xczu7ev-ffvc1156-2-e,10,10.6599,308,4,0,4,75,block_8_1,block_4_1,pipeline_1,unroll_64,1,20.75,0.491958094256,False
workload_69.cpp,xczu7ev-ffvc1156-2-e,10,52.85394,55,5,0,1,8,block_8_1,block_8_1,unroll_2,unroll_32,1,3.5,0.626063475757,False
workload_2.cpp,xczu7ev-ffvc1156-2-e,10,69.56562,51,5,0,0,3,block_8_1,block_8_1,unroll_2,unroll_8,1,2,0.489332880034,False
workload_86.cpp,xczu7ev-ffvc1156-2-e,10,47.93622,53,5,0,0,7,block_8_1,cyclic_16_1,unroll_4,unroll_16,1,3,0.681242302869,False
workload_78.cpp,xczu7ev-ffvc1156-2-e,10,43.51254,103,5,0,1,24,block_8_1,cyclic_16_1,unroll_4,unroll_64,1,7.5,0.574263336544,False
workload_128.cpp,xczu7ev-ffvc1156-2-e,10,53.83698,43,3,0,0,2,block_8_1,cyclic_2_1,unroll_2,unroll_8,1,1.25,0.637036759853,False
workload_149.cpp,xczu7ev-ffvc1156-2-e,10,47.93622,59,4,0,0,7,block_8_1,cyclic_8_1,unroll_4,unroll_16,1,2.75,0.685470367303,False
workload_145.cpp,xczu7ev-ffvc1156-2-e,10,47.93502,75,4,0,1,15,block_8_1,cyclic_8_1,unroll_8,unroll_16,1,5,0.632306884481,False
workload_27.cpp,xczu7ev-ffvc1156-2-e,10,160.00278,191,3,0,2,10,cyclic_128_1,block_16_1,unroll_4,unroll_2,1,3.75,0.1,False
workload_65.cpp,xczu7ev-ffvc1156-2-e,10,104.29718,135,3,0,2,11,cyclic_128_1,block_16_1,unroll_4,unroll_4,1,4,0.243616419601,False
workload_763.cpp,xczu7ev-ffvc1156-2-e,10,10.6599,414,1,0,9,82,cyclic_128_1,block_2_1,pipeline_1,unroll_16,1,23,0.40231355413,False
workload_23.cpp,xczu7ev-ffvc1156-2-e,10,54.32478,345,10,0,6,51,cyclic_128_1,block_32_1,unroll_8,unroll_16,1,16.75,0.349316533092,False
workload_246.cpp,xczu7ev-ffvc1156-2-e,10,53.83698,87,0,0,3,20,cyclic_128_1,block_64_1,unroll_2,unroll_16,1,5.75,0.566266321603,False
workload_884.cpp,xczu7ev-ffvc1156-2-e,10,10.74173,88,0,0,3,15,cyclic_128_1,cyclic_128_1,pipeline_1,pipeline_1,1,4.5,1,True
workload_103.cpp,xczu7ev-ffvc1156-2-e,10,36.92058,67,3,0,15,11,cyclic_128_1,cyclic_16_1,unroll_2,pipeline_1,1,7.25,0.623726761872,False
workload_57.cpp,xczu7ev-ffvc1156-2-e,10,48.92178,66,3,0,2,10,cyclic_128_1,cyclic_16_1,unroll_2,unroll_16,1,3.75,0.656836002595,False
workload_168.cpp,xczu7ev-ffvc1156-2-e,10,36.92058,66,0,0,15,10,cyclic_128_1,cyclic_2_1,unroll_2,pipeline_1,1,6.25,0.657074855026,False
workload_722.cpp,xczu7ev-ffvc1156-2-e,10,36.92058,61,1,0,15,10,cyclic_128_1,cyclic_4_1,unroll_2,pipeline_1,2,6.5,0.646512510566,False
workload_546.cpp,xczu7ev-ffvc1156-2-e,10,36.91034,60,0,0,16,13,cyclic_128_1,cyclic_64_1,unroll_2,pipeline_1,1,7.25,0.623805379775,False
workload_643.cpp,xczu7ev-ffvc1156-2-e,10,36.92058,64,1,0,15,11,cyclic_128_1,cyclic_8_1,unroll_2,pipeline_1,1,6.75,0.63813368203,False
workload_170.cpp,xczu7ev-ffvc1156-2-e,10,10.63944,317,5,0,11,70,cyclic_16_1,block_128_1,pipeline_1,unroll_64,1,21.5,0.460867671524,False
workload_786.cpp,xczu7ev-ffvc1156-2-e,10,11.11001,67,10,0,0,6,cyclic_16_1,block_16_1,pipeline_1,pipeline_1,1,4,0.912139395015,False
workload_231.cpp,xczu7ev-ffvc1156-2-e,10,10.63944,295.5,5,0,11,70,cyclic_16_1,block_16_1,pipeline_1,unroll_64,4,21.5,0.460867671524,False
workload_611.cpp,xczu7ev-ffvc1156-2-e,10,13.32992,70,6,0,0,6,cyclic_16_1,block_2_1,pipeline_1,pipeline_1,1,3,0.944048175799,False
workload_114.cpp,xczu7ev-ffvc1156-2-e,10,41.50502,64,11,0,0,11,cyclic_16_1,block_2_1,unroll_16,pipeline_1,1,5.5,0.661381416813,False
workload_311.cpp,xczu7ev-ffvc1156-2-e,10,10.6599,340,7,0,8,74,cyclic_16_1,block_4_1,pipeline_1,unroll_64,1,22.25,0.43094425663,False
workload_887.cpp,xczu7ev-ffvc1156-2-e,10,49.9023,86,7,0,5,23,cyclic_16_1,block_4_1,unroll_4,unroll_64,1,8.75,0.496944791439,False
workload_291.cpp,xczu7ev-ffvc1156-2-e,10,11.09978,65.5,5,0,1,9,cyclic_16_1,block_64_1,pipeline_1,pipeline_1,4,3.75,0.91204769264,False
workload_463.cpp,xczu7ev-ffvc1156-2-e,10,10.63944,282,5,0,11,70,cyclic_16_1,block_64_1,pipeline_1,unroll_64,2,21.5,0.460867671524,False
workload_298.cpp,xczu7ev-ffvc1156-2-e,10,11.0384,64,10,0,0,6,cyclic_16_1,cyclic_16_1,pipeline_1,pipeline_1,7,4,0.912111105076,False
workload_827.cpp,xczu7ev-ffvc1156-2-e,10,10.63944,303,5,0,11,70,cyclic_16_1,cyclic_16_1,pipeline_1,unroll_64,1,21.5,0.460867671524,False
workload_331.cpp,xczu7ev-ffvc1156-2-e,10,36.92058,43,13,0,0,2,cyclic_16_1,cyclic_16_1,unroll_2,pipeline_1,1,3.75,0.757226040866,False
workload_245.cpp,xczu7ev-ffvc1156-2-e,10,13.32992,63,6,0,0,6,cyclic_16_1,cyclic_2_1,pipeline_1,pipeline_1,2,3,0.944048175799,False
workload_49.cpp,xczu7ev-ffvc1156-2-e,10,10.6599,515,6,0,18,96,cyclic_16_1,cyclic_2_1,pipeline_1,unroll_4,1,30,0.197539512548,False
workload_798.cpp,xczu7ev-ffvc1156-2-e,10,10.6599,375,6,0,8,76,cyclic_16_1,cyclic_2_1,pipeline_1,unroll_64,1,22.5,0.421256834501,False
workload_94.cpp,xczu7ev-ffvc1156-2-e,10,68.2507,72,3,0,2,14,cyclic_16_1,cyclic_2_1,unroll_16,unroll_4,1,4.75,0.474819829609,False
workload_340.cpp,xczu7ev-ffvc1156-2-e,10,43.51506,65,3,0,0,10,cyclic_16_1,cyclic_2_1,unroll_2,unroll_64,1,3.25,0.71775767554,False
workload_10.cpp,xczu7ev-ffvc1156-2-e,10,68.2507,152,3,0,3,28,cyclic_16_1,cyclic_2_1,unroll_32,unroll_4,1,8.5,0.40136523635,False
workload_870.cpp,xczu7ev-ffvc1156-2-e,10,11.0384,60,10,0,0,6,cyclic_16_1,cyclic_32_1,pipeline_1,pipeline_1,1,4,0.912111105076,False
workload_538.cpp,xczu7ev-ffvc1156-2-e,10,10.63944,351,5,0,13,74,cyclic_16_1,cyclic_32_1,pipeline_1,unroll_16,1,23,0.40231173757,False
workload_0.cpp,xczu7ev-ffvc1156-2-e,10,12.02048,68,7,0,0,6,cyclic_16_1,cyclic_4_1,pipeline_1,pipeline_1,5,3.25,0.940599975003,False
workload_237.cpp,xczu7ev-ffvc1156-2-e,10,139.03378,42,3,0,0,2,cyclic_16_1,cyclic_4_1,unroll_2,unroll_2,1,1.25,0.121785698377,False
workload_68.cpp,xczu7ev-ffvc1156-2-e,10,41.83398,102,11,0,1,22,cyclic_16_1,cyclic_4_1,unroll_32,pipeline_1,1,8.5,0.550731515344,False
workload_9.cpp,xczu7ev-ffvc1156-2-e,10,68.25118,404,3,0,7,55,cyclic_16_1,cyclic_4_1,unroll_64,unroll_4,1,16.25,0.286587441663,False
workload_214.cpp,xczu7ev-ffvc1156-2-e,10,11.02817,65,5,0,1,7,cyclic_16_1,cyclic_64_1,pipeline_1,pipeline_1,6,3.25,0.942223183909,False
workload_367.cpp,xczu7ev-ffvc1156-2-e,10,10.63944,481,5,0,15,80,cyclic_16_1,cyclic_64_1,pipeline_1,unroll_8,1,25,0.332293744977,False
workload_485.cpp,xczu7ev-ffvc1156-2-e,10,36.91034,47,10,0,1,4,cyclic_16_1,cyclic_64_1,unroll_2,pipeline_1,1,3.75,0.75729928163,False
workload_213.cpp,xczu7ev-ffvc1156-2-e,10,11.36576,60,8,0,0,5,cyclic_16_1,cyclic_8_1,pipeline_1,pipeline_1,2,3.25,0.942134636807,False
workload_438.cpp,xczu7ev-ffvc1156-2-e,10,10.6599,326,7,0,8,74,cyclic_16_1,cyclic_8_1,pipeline_1,unroll_64,1,22.25,0.43094425663,False
workload_112.cpp,xczu7ev-ffvc1156-2-e,10,10.6599,445,7,0,13,84,cyclic_16_1,cyclic_8_1,pipeline_1,unroll_8,1,26,0.300739296103,False
workload_436.cpp,xczu7ev-ffvc1156-2-e,10,39.53966,48,12,0,0,4,cyclic_16_1,cyclic_8_1,unroll_4,pipeline_1,1,4,0.729065680334,False
workload_122.cpp,xczu7ev-ffvc1156-2-e,10,10.6292,404,1,0,13,75,cyclic_2_1,block_128_1,pipeline_1,unroll_16,1,22.25,0.430941314089,False
workload_267.cpp,xczu7ev-ffvc1156-2-e,10,10.6292,313,1,0,11,71,cyclic_2_1,block_128_1,pipeline_1,unroll_64,7,20.75,1,True
workload_582.cpp,xczu7ev-ffvc1156-2-e,10,31.65722,52,1,0,2,6,cyclic_2_1,block_128_1,unroll_2,pipeline_1,1,2.25,0.846254183363,False
workload_692.cpp,xczu7ev-ffvc1156-2-e,10,13.30945,68,6,0,3,7,cyclic_2_1,block_16_1,pipeline_1,pipeline_1,1,4,0.906882075972,False
workload_739.cpp,xczu7ev-ffvc1156-2-e,10,10.6292,382,1,0,13,75,cyclic_2_1,block_16_1,pipeline_1,unroll_16,1,22.25,0.430941314089,False
workload_602.cpp,xczu7ev-ffvc1156-2-e,10,10.6292,356,1,0,12,72,cyclic_2_1,block_16_1,pipeline_1,unroll_32,1,21.25,0.471129353609,False
workload_220.cpp,xczu7ev-ffvc1156-2-e,10,10.6292,322,1,0,11,71,cyclic_2_1,block_16_1,pipeline_1,unroll_64,10,20.75,1,True
workload_855.cpp,xczu7ev-ffvc1156-2-e,10,47.9285,54,6,0,1,5,cyclic_2_1,block_16_1,unroll_2,unroll_16,1,3,0.681316706273,False
workload_355.cpp,xczu7ev-ffvc1156-2-e,10,39.57266,77,6,0,2,17,cyclic_2_1,block_16_1,unroll_2,unroll_64,2,6.25,0.643655619469,False
workload_640.cpp,xczu7ev-ffvc1156-2-e,10,13.30945,72,1,0,0,6,cyclic_2_1,block_2_1,pipeline_1,pipeline_1,3,1.75,1,True
workload_618.cpp,xczu7ev-ffvc1156-2-e,10,10.64966,411,1,0,10,80,cyclic_2_1,block_2_1,pipeline_1,unroll_16,3,22.75,0.411712361166,False
workload_857.cpp,xczu7ev-ffvc1156-2-e,10,10.64966,345,1,0,8,76,cyclic_2_1,block_2_1,pipeline_1,unroll_64,2,21.25,0.471131372992,False
workload_844.cpp,xczu7ev-ffvc1156-2-e,10,31.65722,41,2,0,0,1,cyclic_2_1,block_2_1,unroll_2,pipeline_1,2,0.75,1,True
workload_501.cpp,xczu7ev-ffvc1156-2-e,10,51.2053,50.5,1,0,0,3,cyclic_2_1,block_2_1,unroll_2,unroll_16,4,1,0.663504472252,False
workload_604.cpp,xczu7ev-ffvc1156-2-e,10,44.32402,69.5,1,0,1,11,cyclic_2_1,block_2_1,unroll_2,unroll_64,2,3.25,0.710295451013,False
workload_774.cpp,xczu7ev-ffvc1156-2-e,10,60.38034,46.5,1,0,0,2,cyclic_2_1,block_2_1,unroll_2,unroll_8,2,0.75,0.572459334553,False
workload_778.cpp,xczu7ev-ffvc1156-2-e,10,31.65486,49,2,0,0,2,cyclic_2_1,block_2_1,unroll_4,pipeline_1,1,1,1,True
workload_198.cpp,xczu7ev-ffvc1156-2-e,10,13.30945,68,11,0,3,7,cyclic_2_1,block_32_1,pipeline_1,pipeline_1,5,5.25,0.863546893571,False
workload_401.cpp,xczu7ev-ffvc1156-2-e,10,10.6292,378,1,0,13,75,cyclic_2_1,block_32_1,pipeline_1,unroll_16,1,22.25,0.430941314089,False
workload_191.cpp,xczu7ev-ffvc1156-2-e,10,10.6292,328,1,0,12,72,cyclic_2_1,block_32_1,pipeline_1,unroll_32,1,21.25,0.471129353609,False
workload_262.cpp,xczu7ev-ffvc1156-2-e,10,10.6292,320,1,0,11,71,cyclic_2_1,block_32_1,pipeline_1,unroll_64,5,20.75,1,True
workload_176.cpp,xczu7ev-ffvc1156-2-e,10,81.35186,46,11,0,0,2,cyclic_2_1,block_32_1,unroll_2,unroll_2,1,3.25,0.390000896823,False
workload_365.cpp,xczu7ev-ffvc1156-2-e,10,13.30945,66,2,0,2,6,cyclic_2_1,block_4_1,pipeline_1,pipeline_1,3,2.5,0.964479508607,False
workload_845.cpp,xczu7ev-ffvc1156-2-e,10,10.64966,411,2,0,10,79,cyclic_2_1,block_4_1,pipeline_1,unroll_16,1,22.75,0.411712361166,False
workload_384.cpp,xczu7ev-ffvc1156-2-e,10,10.64966,404,2,0,9,76,cyclic_2_1,block_4_1,pipeline_1,unroll_32,1,21.75,0.450749712119,False
workload_107.cpp,xczu7ev-ffvc1156-2-e,10,10.64966,331,2,0,8,75,cyclic_2_1,block_4_1,pipeline_1,unroll_64,13,21.25,0.471131372992,False
workload_662.cpp,xczu7ev-ffvc1156-2-e,10,31.65722,45,2,0,0,1,cyclic_2_1,block_4_1,unroll_2,pipeline_1,1,0.75,1,True
workload_830.cpp,xczu7ev-ffvc1156-2-e,10,47.27314,52,2,0,0,3,cyclic_2_1,block_4_1,unroll_2,unroll_16,1,1.25,0.705030830564,False
workload_360.cpp,xczu7ev-ffvc1156-2-e,10,39.40882,63,2,0,2,11,cyclic_2_1,block_4_1,unroll_2,unroll_64,1,3.75,0.738504053275,False
workload_254.cpp,xczu7ev-ffvc1156-2-e,10,31.65486,47.5,2,0,0,2,cyclic_2_1,block_4_1,unroll_4,pipeline_1,4,1,1,True
workload_129.cpp,xczu7ev-ffvc1156-2-e,10,47.27062,59,2,0,1,7,cyclic_2_1,block_4_1,unroll_4,unroll_16,1,2.5,0.695841908037,False
workload_342.cpp,xczu7ev-ffvc1156-2-e,10,39.4063,91.5,2,0,4,23,cyclic_2_1,block_4_1,unroll_4,unroll_64,2,7.25,0.604486642578,False
workload_300.cpp,xczu7ev-ffvc1156-2-e,10,13.30945,69,1,0,4,9,cyclic_2_1,block_64_1,pipeline_1,pipeline_1,6,3.5,0.922378544395,False
workload_576.cpp,xczu7ev-ffvc1156-2-e,10,10.6292,329,1,0,12,72,cyclic_2_1,block_64_1,pipeline_1,unroll_32,1,21.25,0.471129353609,False
workload_226.cpp,xczu7ev-ffvc1156-2-e,10,10.6292,325,1,0,11,71,cyclic_2_1,block_64_1,pipeline_1,unroll_64,9,20.75,1,True
workload_217.cpp,xczu7ev-ffvc1156-2-e,10,31.65722,46,1,0,1,3,cyclic_2_1,block_64_1,unroll_2,pipeline_1,5,1.25,0.875857271776,False
workload_876.cpp,xczu7ev-ffvc1156-2-e,10,47.9285,65,1,0,1,13,cyclic_2_1,block_64_1,unroll_2,unroll_16,1,3.75,0.665732992562,False
workload_250.cpp,xczu7ev-ffvc1156-2-e,10,81.35186,43,1,0,1,3,cyclic_2_1,block_64_1,unroll_2,unroll_2,1,1.25,0.3958353013,False
workload_609.cpp,xczu7ev-ffvc1156-2-e,10,59.06962,56,1,0,1,8,cyclic_2_1,block_64_1,unroll_2,unroll_8,1,2.5,0.580737076403,False
workload_196.cpp,xczu7ev-ffvc1156-2-e,10,31.65486,49,1,0,1,6,cyclic_2_1,block_64_1,unroll_4,pipeline_1,6,2,0.854354336374,False
workload_652.cpp,xczu7ev-ffvc1156-2-e,10,13.30945,69,3,0,2,6,cyclic_2_1,block_8_1,pipeline_1,pipeline_1,3,2.75,0.953358452895,False
workload_788.cpp,xczu7ev-ffvc1156-2-e,10,10.64966,379,3,0,10,78,cyclic_2_1,block_8_1,pipeline_1,unroll_16,1,22.75,0.411712361166,False
workload_487.cpp,xczu7ev-ffvc1156-2-e,10,10.64966,338.5,3,0,8,73,cyclic_2_1,block_8_1,pipeline_1,unroll_64,8,21,0.481537697415,False
workload_180.cpp,xczu7ev-ffvc1156-2-e,10,31.65722,48,3,0,0,1,cyclic_2_1,block_8_1,unroll_2,pipeline_1,1,1,0.882089318195,False
workload_750.cpp,xczu7ev-ffvc1156-2-e,10,31.65486,46.5,3,0,0,2,cyclic_2_1,block_8_1,unroll_4,pipeline_1,2,1.25,0.875871443648,False
workload_470.cpp,xczu7ev-ffvc1156-2-e,10,13.30945,73,1,0,2,8,cyclic_2_1,cyclic_128_1,pipeline_1,pipeline_1,1,2.75,0.953358452895,False
workload_769.cpp,xczu7ev-ffvc1156-2-e,10,13.30945,73,3,0,0,6,cyclic_2_1,cyclic_16_1,pipeline_1,pipeline_1,1,2.25,0.975534666931,False
workload_304.cpp,xczu7ev-ffvc1156-2-e,10,10.6292,320,1,0,12,72,cyclic_2_1,cyclic_16_1,pipeline_1,unroll_32,1,21.25,0.471129353609,False
workload_689.cpp,xczu7ev-ffvc1156-2-e,10,10.6292,308.5,1,0,11,71,cyclic_2_1,cyclic_16_1,pipeline_1,unroll_64,4,20.75,1,True
workload_765.cpp,xczu7ev-ffvc1156-2-e,10,37.44274,44,3,0,0,3,cyclic_2_1,cyclic_16_1,unroll_2,unroll_16,2,1.5,0.812382551795,False
workload_816.cpp,xczu7ev-ffvc1156-2-e,10,33.01654,79,3,0,1,19,cyclic_2_1,cyclic_16_1,unroll_4,unroll_64,1,5.75,0.698124882016,False
workload_376.cpp,xczu7ev-ffvc1156-2-e,10,13.30945,71,1,0,0,6,cyclic_2_1,cyclic_2_1,pipeline_1,pipeline_1,9,1.75,1,True
workload_903.cpp,xczu7ev-ffvc1156-2-e,10,10.64966,356,1,0,8,75,cyclic_2_1,cyclic_2_1,pipeline_1,unroll_64,1,21,0.481537697415,False
workload_265.cpp,xczu7ev-ffvc1156-2-e,10,31.65722,43.5,2,0,0,1,cyclic_2_1,cyclic_2_1,unroll_2,pipeline_1,2,0.75,1,True
workload_283.cpp,xczu7ev-ffvc1156-2-e,10,33.01906,58,1,0,0,9,cyclic_2_1,cyclic_2_1,unroll_2,unroll_64,1,2.5,0.829134351347,False
workload_854.cpp,xczu7ev-ffvc1156-2-e,10,43.34098,46,1,0,0,2,cyclic_2_1,cyclic_2_1,unroll_2,unroll_8,1,0.75,0.746348453283,False
workload_646.cpp,xczu7ev-ffvc1156-2-e,10,13.30945,71,1,0,0,6,cyclic_2_1,cyclic_4_1,pipeline_1,pipeline_1,1,1.75,1,True
workload_723.cpp,xczu7ev-ffvc1156-2-e,10,10.64966,383,2,0,10,78,cyclic_2_1,cyclic_4_1,pipeline_1,unroll_16,1,22.5,0.421255919511,False
workload_415.cpp,xczu7ev-ffvc1156-2-e,10,10.64966,344.5,2,0,8,74,cyclic_2_1,cyclic_4_1,pipeline_1,unroll_64,4,21,0.481537697415,False
workload_432.cpp,xczu7ev-ffvc1156-2-e,10,31.65722,42,2,0,0,1,cyclic_2_1,cyclic_4_1,unroll_2,pipeline_1,1,0.75,1,True
workload_332.cpp,xczu7ev-ffvc1156-2-e,10,13.30945,67,1,0,1,7,cyclic_2_1,cyclic_64_1,pipeline_1,pipeline_1,7,2.25,0.975534666931,False
workload_299.cpp,xczu7ev-ffvc1156-2-e,10,10.6292,317.5,1,0,11,71,cyclic_2_1,cyclic_64_1,pipeline_1,unroll_64,2,20.75,1,True
workload_368.cpp,xczu7ev-ffvc1156-2-e,10,31.65722,46,1,0,1,3,cyclic_2_1,cyclic_64_1,unroll_2,pipeline_1,9,1.25,0.875857271776,False
workload_171.cpp,xczu7ev-ffvc1156-2-e,10,42.68562,51,1,0,1,4,cyclic_2_1,cyclic_64_1,unroll_2,unroll_16,4,1.5,0.754177525613,False
workload_440.cpp,xczu7ev-ffvc1156-2-e,10,33.01906,59,1,0,1,10,cyclic_2_1,cyclic_64_1,unroll_2,unroll_64,2,3,0.811420569321,False
workload_307.cpp,xczu7ev-ffvc1156-2-e,10,31.65486,53,1,0,1,6,cyclic_2_1,cyclic_64_1,unroll_4,pipeline_1,1,2,0.854354336374,False
workload_585.cpp,xczu7ev-ffvc1156-2-e,10,13.30945,73,2,0,0,6,cyclic_2_1,cyclic_8_1,pipeline_1,pipeline_1,1,2,0.983975130094,False
workload_651.cpp,xczu7ev-ffvc1156-2-e,10,10.64966,379,2,0,10,78,cyclic_2_1,cyclic_8_1,pipeline_1,unroll_16,2,22.5,0.421255919511,False
workload_780.cpp,xczu7ev-ffvc1156-2-e,10,31.65722,45,3,0,0,1,cyclic_2_1,cyclic_8_1,unroll_2,pipeline_1,1,1,0.882089318195,False
workload_189.cpp,xczu7ev-ffvc1156-2-e,10,37.44274,50,2,0,0,3,cyclic_2_1,cyclic_8_1,unroll_2,unroll_16,1,1.25,0.814007640922,False
workload_575.cpp,xczu7ev-ffvc1156-2-e,10,10.89518,70,10,0,2,11,cyclic_32_1,block_128_1,pipeline_1,pipeline_1,1,5.75,0.838038924213,False
workload_79.cpp,xczu7ev-ffvc1156-2-e,10,75.46014,189,7,0,3,34,cyclic_32_1,block_128_1,unroll_8,unroll_4,1,11,0.308699003232,False
workload_274.cpp,xczu7ev-ffvc1156-2-e,10,10.63944,291,10,0,11,71,cyclic_32_1,block_16_1,pipeline_1,unroll_64,1,23,0.40231173757,False
workload_542.cpp,xczu7ev-ffvc1156-2-e,10,13.32992,66.5,11,0,0,7,cyclic_32_1,block_2_1,pipeline_1,pipeline_1,2,4.5,0.897679511433,False
workload_714.cpp,xczu7ev-ffvc1156-2-e,10,10.6599,344,6,0,7,74,cyclic_32_1,block_2_1,pipeline_1,unroll_64,1,21.75,0.450750616112,False
workload_656.cpp,xczu7ev-ffvc1156-2-e,10,36.92058,47,21,0,0,3,cyclic_32_1,block_2_1,unroll_2,pipeline_1,1,6,0.667597324648,False
workload_434.cpp,xczu7ev-ffvc1156-2-e,10,72.18706,49,6,0,0,4,cyclic_32_1,block_2_1,unroll_2,unroll_8,1,2.5,0.465288277996,False
workload_5.cpp,xczu7ev-ffvc1156-2-e,10,59.73522,55,16,0,0,6,cyclic_32_1,block_32_1,unroll_2,unroll_8,2,5.5,0.527575044243,False
workload_110.cpp,xczu7ev-ffvc1156-2-e,10,60.22302,93,16,0,2,21,cyclic_32_1,block_32_1,unroll_8,unroll_8,1,9.75,0.413553706773,False
workload_454.cpp,xczu7ev-ffvc1156-2-e,10,10.6599,328,7,0,6,73,cyclic_32_1,block_4_1,pipeline_1,unroll_64,1,21.5,0.460869507437,False
workload_477.cpp,xczu7ev-ffvc1156-2-e,10,10.9361,65,10,0,1,10,cyclic_32_1,block_64_1,pipeline_1,pipeline_1,2,5.25,0.867369524467,False
workload_892.cpp,xczu7ev-ffvc1156-2-e,10,10.6599,309,8,0,5,72,cyclic_32_1,block_8_1,pipeline_1,unroll_64,1,21.25,0.471132110332,False
workload_63.cpp,xczu7ev-ffvc1156-2-e,10,42.00086,448,22,0,3,70,cyclic_32_1,block_8_1,unroll_64,pipeline_1,1,23.75,0.296591105563,False
workload_693.cpp,xczu7ev-ffvc1156-2-e,10,10.86449,69,10,0,2,9,cyclic_32_1,cyclic_128_1,pipeline_1,pipeline_1,1,5.25,0.86732844723,False
workload_683.cpp,xczu7ev-ffvc1156-2-e,10,48.26642,53,6,0,2,7,cyclic_32_1,cyclic_128_1,unroll_2,unroll_16,1,3.75,0.662709958289,False
workload_60.cpp,xczu7ev-ffvc1156-2-e,10,41.50502,88,23,0,0,20,cyclic_32_1,cyclic_16_1,unroll_16,pipeline_1,1,10.75,0.482049435887,False
workload_105.cpp,xczu7ev-ffvc1156-2-e,10,39.53966,52,23,0,0,6,cyclic_32_1,cyclic_16_1,unroll_4,pipeline_1,1,7.25,0.603447022612,False
workload_120.cpp,xczu7ev-ffvc1156-2-e,10,43.51254,78,8,0,1,19,cyclic_32_1,cyclic_16_1,unroll_4,unroll_64,1,7,0.59316573009,False
workload_351.cpp,xczu7ev-ffvc1156-2-e,10,10.6599,333,6,0,8,73,cyclic_32_1,cyclic_2_1,pipeline_1,unroll_64,1,21.75,0.450750616112,False
workload_35.cpp,xczu7ev-ffvc1156-2-e,10,70.54494,74,6,0,1,11,cyclic_32_1,cyclic_2_1,unroll_8,unroll_4,1,4.5,0.460385438958,False
workload_428.cpp,xczu7ev-ffvc1156-2-e,10,12.02048,69,12,0,0,6,cyclic_32_1,cyclic_4_1,pipeline_1,pipeline_1,1,4.5,0.905360495655,False
workload_382.cpp,xczu7ev-ffvc1156-2-e,10,10.86449,65,10,0,1,8,cyclic_32_1,cyclic_64_1,pipeline_1,pipeline_1,4,4.75,0.897143912144,False
workload_459.cpp,xczu7ev-ffvc1156-2-e,10,10.63944,298.5,10,0,11,71.5,cyclic_32_1,cyclic_64_1,pipeline_1,unroll_64,2,23.125,0.39766584875,False
workload_455.cpp,xczu7ev-ffvc1156-2-e,10,36.91034,48.5,21,0,1,5,cyclic_32_1,cyclic_64_1,unroll_2,pipeline_1,2,6.75,0.638216879601,False
workload_150.cpp,xczu7ev-ffvc1156-2-e,10,39.52942,54,21,0,1,10,cyclic_32_1,cyclic_64_1,unroll_4,pipeline_1,2,8,0.581851711571,False
workload_490.cpp,xczu7ev-ffvc1156-2-e,10,11.36576,61,13,0,0,6,cyclic_32_1,cyclic_8_1,pipeline_1,pipeline_1,1,4.75,0.896719183936,False
workload_483.cpp,xczu7ev-ffvc1156-2-e,10,10.6599,442,7,0,12,83,cyclic_32_1,cyclic_8_1,pipeline_1,unroll_8,1,25.5,0.316229490876,False
workload_153.cpp,xczu7ev-ffvc1156-2-e,10,10.6292,391,1,0,13,75,cyclic_4_1,block_128_1,pipeline_1,unroll_16,1,22.25,0.430941314089,False
workload_115.cpp,xczu7ev-ffvc1156-2-e,10,10.6292,305.5,1,0,11,71,cyclic_4_1,block_128_1,pipeline_1,unroll_64,4,20.75,1,True
workload_318.cpp,xczu7ev-ffvc1156-2-e,10,31.65722,52,3,0,2,6,cyclic_4_1,block_128_1,unroll_2,pipeline_1,1,2.75,0.828805698487,False
workload_126.cpp,xczu7ev-ffvc1156-2-e,10,81.35186,48,1,0,2,6,cyclic_4_1,block_128_1,unroll_2,unroll_2,1,2.25,0.394466882885,False
workload_472.cpp,xczu7ev-ffvc1156-2-e,10,12.02047,68,7,0,4,7,cyclic_4_1,block_16_1,pipeline_1,pipeline_1,3,4.5,0.905360551501,False
workload_787.cpp,xczu7ev-ffvc1156-2-e,10,10.6292,319,1,0,12,72,cyclic_4_1,block_16_1,pipeline_1,unroll_32,1,21.25,0.471129353609,False
workload_259.cpp,xczu7ev-ffvc1156-2-e,10,10.6292,309,1,0,11,71,cyclic_4_1,block_16_1,pipeline_1,unroll_64,14,20.75,1,True
workload_759.cpp,xczu7ev-ffvc1156-2-e,10,13.31968,64,2,0,0,6,cyclic_4_1,block_2_1,pipeline_1,pipeline_1,3,2,0.983974582351,False
workload_630.cpp,xczu7ev-ffvc1156-2-e,10,10.64966,384,2,0,10,80,cyclic_4_1,block_2_1,pipeline_1,unroll_16,2,23,0.40231266464,False
workload_310.cpp,xczu7ev-ffvc1156-2-e,10,10.64966,359.5,2,0,8,75,cyclic_4_1,block_2_1,pipeline_1,unroll_64,2,21.25,0.471131372992,False
workload_815.cpp,xczu7ev-ffvc1156-2-e,10,31.66746,43,3,0,0,1,cyclic_4_1,block_2_1,unroll_2,pipeline_1,1,1,0.881966084289,False
workload_556.cpp,xczu7ev-ffvc1156-2-e,10,51.2053,49,1,0,0,3,cyclic_4_1,block_2_1,unroll_2,unroll_16,4,1,0.663504472252,False
workload_731.cpp,xczu7ev-ffvc1156-2-e,10,60.38034,44,1,0,0,2,cyclic_4_1,block_2_1,unroll_2,unroll_8,1,0.75,0.572459334553,False
workload_221.cpp,xczu7ev-ffvc1156-2-e,10,12.02047,70,12,0,4,8,cyclic_4_1,block_32_1,pipeline_1,pipeline_1,1,6,0.823532975166,False
workload_560.cpp,xczu7ev-ffvc1156-2-e,10,10.6292,302.5,1,0,11,71,cyclic_4_1,block_32_1,pipeline_1,unroll_64,2,20.75,1,True
workload_88.cpp,xczu7ev-ffvc1156-2-e,10,81.35186,45,12,0,0,2,cyclic_4_1,block_32_1,unroll_2,unroll_2,1,3.5,0.388418774279,False
workload_333.cpp,xczu7ev-ffvc1156-2-e,10,12.02047,67,3,0,0,6,cyclic_4_1,block_4_1,pipeline_1,pipeline_1,3,2.25,0.981801084032,False
workload_181.cpp,xczu7ev-ffvc1156-2-e,10,10.64966,350,3,0,8,74,cyclic_4_1,block_4_1,pipeline_1,unroll_64,13,21.25,0.471131372992,False
workload_408.cpp,xczu7ev-ffvc1156-2-e,10,31.66746,42,3,0,0,1,cyclic_4_1,block_4_1,unroll_2,pipeline_1,1,1,0.881966084289,False
workload_131.cpp,xczu7ev-ffvc1156-2-e,10,78.73042,47,3,0,0,1,cyclic_4_1,block_4_1,unroll_2,unroll_2,2,1,0.415584806276,False
workload_345.cpp,xczu7ev-ffvc1156-2-e,10,39.40882,61,3,0,2,11,cyclic_4_1,block_4_1,unroll_2,unroll_64,1,4,0.730055407454,False
workload_305.cpp,xczu7ev-ffvc1156-2-e,10,31.6651,42,3,0,0,2,cyclic_4_1,block_4_1,unroll_4,pipeline_1,1,1.25,0.875809755015,False
workload_98.cpp,xczu7ev-ffvc1156-2-e,10,47.27062,58,3,0,1,7,cyclic_4_1,block_4_1,unroll_4,unroll_16,1,2.75,0.692030080516,False
workload_364.cpp,xczu7ev-ffvc1156-2-e,10,12.01024,67,1,0,5,9,cyclic_4_1,block_64_1,pipeline_1,pipeline_1,6,3.75,0.911889714775,False
workload_370.cpp,xczu7ev-ffvc1156-2-e,10,10.6292,388.5,1,0,13,75,cyclic_4_1,block_64_1,pipeline_1,unroll_16,2,22.25,0.430941314089,False
workload_244.cpp,xczu7ev-ffvc1156-2-e,10,10.6292,316,1,0,12,72,cyclic_4_1,block_64_1,pipeline_1,unroll_32,1,21.25,0.471129353609,False
workload_161.cpp,xczu7ev-ffvc1156-2-e,10,10.6292,320,1,0,11,71,cyclic_4_1,block_64_1,pipeline_1,unroll_64,5,20.75,1,True
workload_676.cpp,xczu7ev-ffvc1156-2-e,10,31.65722,48,3,0,1,3,cyclic_4_1,block_64_1,unroll_2,pipeline_1,2,1.75,0.861975503716,False
workload_373.cpp,xczu7ev-ffvc1156-2-e,10,44.32402,3452,1,0,2,17,cyclic_4_1,block_64_1,unroll_2,unroll_64,1,5,0.659592253014,False
workload_369.cpp,xczu7ev-ffvc1156-2-e,10,12.02047,72,4,0,2,6,cyclic_4_1,block_8_1,pipeline_1,pipeline_1,2,3,0.951491539482,False
workload_458.cpp,xczu7ev-ffvc1156-2-e,10,10.64966,331,4,0,8,73,cyclic_4_1,block_8_1,pipeline_1,unroll_64,3,21.25,0.471131372992,False
workload_55.cpp,xczu7ev-ffvc1156-2-e,10,10.64966,442,4,0,13,84,cyclic_4_1,block_8_1,pipeline_1,unroll_8,1,25.25,0.324189701576,False
workload_158.cpp,xczu7ev-ffvc1156-2-e,10,81.35186,41,4,0,0,1,cyclic_4_1,block_8_1,unroll_2,unroll_2,1,1.25,0.3958353013,False
workload_451.cpp,xczu7ev-ffvc1156-2-e,10,12.01024,66.5,4,0,0,5,cyclic_4_1,cyclic_16_1,pipeline_1,pipeline_1,10,2.25,0.9818364544,False
workload_257.cpp,xczu7ev-ffvc1156-2-e,10,10.6292,306.5,1,0,11,71,cyclic_4_1,cyclic_16_1,pipeline_1,unroll_64,8,20.75,1,True
workload_517.cpp,xczu7ev-ffvc1156-2-e,10,31.66746,45,5,0,0,1,cyclic_4_1,cyclic_16_1,unroll_2,pipeline_1,3,1.5,0.869087284166,False
workload_407.cpp,xczu7ev-ffvc1156-2-e,10,13.31968,70,2,0,0,6,cyclic_4_1,cyclic_2_1,pipeline_1,pipeline_1,3,2,0.983974582351,False
workload_752.cpp,xczu7ev-ffvc1156-2-e,10,10.64966,335,2,0,8,75,cyclic_4_1,cyclic_2_1,pipeline_1,unroll_64,1,21.25,0.471131372992,False
workload_871.cpp,xczu7ev-ffvc1156-2-e,10,10.64966,448,2,0,13,85,cyclic_4_1,cyclic_2_1,pipeline_1,unroll_8,1,25,0.332294505749,False
workload_242.cpp,xczu7ev-ffvc1156-2-e,10,31.66746,45,3,0,0,1,cyclic_4_1,cyclic_2_1,unroll_2,pipeline_1,3,1,0.881966084289,False
workload_224.cpp,xczu7ev-ffvc1156-2-e,10,78.73042,46.5,2,0,0,1,cyclic_4_1,cyclic_2_1,unroll_2,unroll_2,2,0.75,0.415279923739,False
workload_266.cpp,xczu7ev-ffvc1156-2-e,10,33.01906,66,2,0,0,10,cyclic_4_1,cyclic_2_1,unroll_2,unroll_64,2,3,0.811420569321,False
workload_859.cpp,xczu7ev-ffvc1156-2-e,10,43.34098,44,1,0,0,2,cyclic_4_1,cyclic_2_1,unroll_2,unroll_8,1,0.75,0.746348453283,False
workload_77.cpp,xczu7ev-ffvc1156-2-e,10,78.7279,49,2,0,0,2,cyclic_4_1,cyclic_2_1,unroll_4,unroll_2,1,1,0.41560424864,False
workload_258.cpp,xczu7ev-ffvc1156-2-e,10,33.01654,78,2,0,1,19,cyclic_4_1,cyclic_2_1,unroll_4,unroll_64,1,5.5,0.707255993961,False
workload_54.cpp,xczu7ev-ffvc1156-2-e,10,78.7267,50,2,0,0,4,cyclic_4_1,cyclic_2_1,unroll_8,unroll_2,1,1.5,0.415723146206,False
workload_488.cpp,xczu7ev-ffvc1156-2-e,10,10.6292,292,1,0,11,71,cyclic_4_1,cyclic_32_1,pipeline_1,unroll_64,1,20.75,1,True
workload_232.cpp,xczu7ev-ffvc1156-2-e,10,12.01024,62,3,0,0,6,cyclic_4_1,cyclic_4_1,pipeline_1,pipeline_1,7,2.25,0.9818364544,False
workload_357.cpp,xczu7ev-ffvc1156-2-e,10,10.64966,337,2,0,8,74,cyclic_4_1,cyclic_4_1,pipeline_1,unroll_64,4,21,0.481537697415,False
workload_612.cpp,xczu7ev-ffvc1156-2-e,10,31.66746,46,3,0,0,1,cyclic_4_1,cyclic_4_1,unroll_2,pipeline_1,1,1,0.881966084289,False
workload_449.cpp,xczu7ev-ffvc1156-2-e,10,33.01906,59.5,3,0,0,9,cyclic_4_1,cyclic_4_1,unroll_2,unroll_64,2,3,0.811420569321,False
workload_561.cpp,xczu7ev-ffvc1156-2-e,10,12.00001,67,1,0,1,7,cyclic_4_1,cyclic_64_1,pipeline_1,pipeline_1,10,2.25,1,True
workload_111.cpp,xczu7ev-ffvc1156-2-e,10,10.6292,354.5,1,0,13,75,cyclic_4_1,cyclic_64_1,pipeline_1,unroll_16,4,22.25,0.430941314089,False
workload_500.cpp,xczu7ev-ffvc1156-2-e,10,10.6292,300.5,1,0,11,71,cyclic_4_1,cyclic_64_1,pipeline_1,unroll_64,4,20.75,1,True
workload_601.cpp,xczu7ev-ffvc1156-2-e,10,10.6292,487,1,0,15,81,cyclic_4_1,cyclic_64_1,pipeline_1,unroll_8,1,24.25,0.357470557574,False
workload_716.cpp,xczu7ev-ffvc1156-2-e,10,31.65722,46.5,3,0,1,3,cyclic_4_1,cyclic_64_1,unroll_2,pipeline_1,2,1.75,0.861975503716,False
workload_272.cpp,xczu7ev-ffvc1156-2-e,10,42.68562,46,1,0,1,4,cyclic_4_1,cyclic_64_1,unroll_2,unroll_16,1,1.5,0.754177525613,False
workload_761.cpp,xczu7ev-ffvc1156-2-e,10,46.61778,50,1,0,1,6,cyclic_4_1,cyclic_64_1,unroll_2,unroll_32,1,2,0.708416274708,False
workload_414.cpp,xczu7ev-ffvc1156-2-e,10,12.01024,61.5,3,0,0,6,cyclic_4_1,cyclic_8_1,pipeline_1,pipeline_1,4,2.25,0.9818364544,False
workload_623.cpp,xczu7ev-ffvc1156-2-e,10,10.64966,379.5,4,0,10,77,cyclic_4_1,cyclic_8_1,pipeline_1,unroll_16,2,22.75,0.411712361166,False
workload_1.cpp,xczu7ev-ffvc1156-2-e,10,10.64966,352,4,0,8,73,cyclic_4_1,cyclic_8_1,pipeline_1,unroll_64,7,21.25,0.471131372992,False
workload_388.cpp,xczu7ev-ffvc1156-2-e,10,31.66746,47,4,0,0,1,cyclic_4_1,cyclic_8_1,unroll_2,pipeline_1,1,1.25,0.875795465077,False
workload_140.cpp,xczu7ev-ffvc1156-2-e,10,33.01906,67,3,0,0,10,cyclic_4_1,cyclic_8_1,unroll_2,unroll_64,1,3.25,0.802026274304,False
workload_314.cpp,xczu7ev-ffvc1156-2-e,10,10.63944,326,0,0,12,74,cyclic_64_1,block_128_1,pipeline_1,unroll_64,2,21.5,0.460867671524,False
workload_648.cpp,xczu7ev-ffvc1156-2-e,10,36.91034,52,0,0,9,10,cyclic_64_1,block_128_1,unroll_2,pipeline_1,1,4.75,0.719044958687,False
workload_309.cpp,xczu7ev-ffvc1156-2-e,10,58.4245,99,0,0,3,18,cyclic_64_1,block_128_1,unroll_2,unroll_16,1,5.25,0.543282160394,False
workload_899.cpp,xczu7ev-ffvc1156-2-e,10,11.09978,72,5,0,1,11,cyclic_64_1,block_16_1,pipeline_1,pipeline_1,1,4.25,0.912113695482,False
workload_137.cpp,xczu7ev-ffvc1156-2-e,10,10.63944,327,0,0,12,76,cyclic_64_1,block_16_1,pipeline_1,unroll_32,3,22,0.440773611885,False
workload_121.cpp,xczu7ev-ffvc1156-2-e,10,10.63944,300.5,0,0,12,74,cyclic_64_1,block_16_1,pipeline_1,unroll_64,10,21.5,0.460867671524,False
workload_396.cpp,xczu7ev-ffvc1156-2-e,10,10.63944,474,0,0,16,84,cyclic_64_1,block_16_1,pipeline_1,unroll_8,1,25,0.332293744977,False
workload_635.cpp,xczu7ev-ffvc1156-2-e,10,53.5093,54,5,0,2,9,cyclic_64_1,block_16_1,unroll_2,unroll_16,1,4,0.610726199005,False
workload_513.cpp,xczu7ev-ffvc1156-2-e,10,50.06866,80.5,5,0,3,19,cyclic_64_1,block_16_1,unroll_2,unroll_64,2,6.75,0.562729715282,False
workload_12.cpp,xczu7ev-ffvc1156-2-e,10,50.14806,102,5,0,4,23,cyclic_64_1,block_16_1,unroll_4,unroll_32,1,8,0.52100110957,False
workload_303.cpp,xczu7ev-ffvc1156-2-e,10,13.31969,69,1,0,1,9,cyclic_64_1,block_2_1,pipeline_1,pipeline_1,4,2.75,0.953303387466,False
workload_456.cpp,xczu7ev-ffvc1156-2-e,10,10.6599,400,1,0,9,80,cyclic_64_1,block_2_1,pipeline_1,unroll_16,2,22.5,0.421256834501,False
workload_230.cpp,xczu7ev-ffvc1156-2-e,10,10.6599,343,1,0,8,77,cyclic_64_1,block_2_1,pipeline_1,unroll_32,1,21.5,0.460869507437,False
workload_219.cpp,xczu7ev-ffvc1156-2-e,10,10.6599,328,1,0,7,75,cyclic_64_1,block_2_1,pipeline_1,unroll_64,3,20.75,0.491958094256,False
workload_532.cpp,xczu7ev-ffvc1156-2-e,10,10.6599,489,1,0,12,85,cyclic_64_1,block_2_1,pipeline_1,unroll_8,2,24.5,0.348936552807,False
workload_209.cpp,xczu7ev-ffvc1156-2-e,10,36.91034,52,0,0,7,5,cyclic_64_1,block_2_1,unroll_2,pipeline_1,5,3,0.782967911337,False
workload_178.cpp,xczu7ev-ffvc1156-2-e,10,62.35666,55,0,0,1,7,cyclic_64_1,block_2_1,unroll_2,unroll_16,5,2,0.553259131876,False
workload_205.cpp,xczu7ev-ffvc1156-2-e,10,57.11378,64,0,0,2,9,cyclic_64_1,block_2_1,unroll_2,unroll_32,1,2.75,0.596784773258,False
workload_405.cpp,xczu7ev-ffvc1156-2-e,10,54.82002,75,0,0,2,12,cyclic_64_1,block_2_1,unroll_2,unroll_64,3,3.5,0.608074036208,False
workload_371.cpp,xczu7ev-ffvc1156-2-e,10,72.84242,53,0,0,1,6,cyclic_64_1,block_2_1,unroll_2,unroll_8,4,1.75,0.462430841806,False
workload_796.cpp,xczu7ev-ffvc1156-2-e,10,62.35414,69,0,0,2,12,cyclic_64_1,block_2_1,unroll_4,unroll_16,1,3.5,0.540718599527,False
workload_270.cpp,xczu7ev-ffvc1156-2-e,10,10.9361,62,10,0,1,11,cyclic_64_1,block_32_1,pipeline_1,pipeline_1,3,5.5,0.852649491938,False
workload_240.cpp,xczu7ev-ffvc1156-2-e,10,12.02048,68,1,0,1,9,cyclic_64_1,block_4_1,pipeline_1,pipeline_1,3,2.75,0.958085558665,False
workload_160.cpp,xczu7ev-ffvc1156-2-e,10,10.6599,320.5,1,0,5,73,cyclic_64_1,block_4_1,pipeline_1,unroll_64,6,19.75,1,True
workload_284.cpp,xczu7ev-ffvc1156-2-e,10,36.91034,48,1,0,7,6,cyclic_64_1,block_4_1,unroll_2,pipeline_1,1,3.5,0.766213864428,False
workload_108.cpp,xczu7ev-ffvc1156-2-e,10,53.18162,57,1,0,1,7,cyclic_64_1,block_4_1,unroll_2,unroll_16,1,2.25,0.6394384901,False
workload_277.cpp,xczu7ev-ffvc1156-2-e,10,49.90482,68.5,1,0,3,13,cyclic_64_1,block_4_1,unroll_2,unroll_64,2,4.25,0.63650870904,False
workload_843.cpp,xczu7ev-ffvc1156-2-e,10,39.52942,63,1,0,7,9,cyclic_64_1,block_4_1,unroll_4,pipeline_1,1,4.25,0.720433537841,False
workload_212.cpp,xczu7ev-ffvc1156-2-e,10,10.85426,66,0,0,2,12,cyclic_64_1,block_64_1,pipeline_1,pipeline_1,3,3.5,0.926876510368,False
workload_354.cpp,xczu7ev-ffvc1156-2-e,10,10.63944,299,0,0,12,74,cyclic_64_1,block_64_1,pipeline_1,unroll_64,5,21.5,0.460867671524,False
workload_644.cpp,xczu7ev-ffvc1156-2-e,10,10.63944,450,0,0,16,84,cyclic_64_1,block_64_1,pipeline_1,unroll_8,1,25,0.332293744977,False
workload_600.cpp,xczu7ev-ffvc1156-2-e,10,36.91034,54,0,0,8,8,cyclic_64_1,block_64_1,unroll_2,pipeline_1,2,4,0.748088401831,False
workload_557.cpp,xczu7ev-ffvc1156-2-e,10,54.82002,319,0,0,3,19,cyclic_64_1,block_64_1,unroll_2,unroll_64,1,5.5,0.56539609637,False
workload_810.cpp,xczu7ev-ffvc1156-2-e,10,11.38622,65,3,0,1,10,cyclic_64_1,block_8_1,pipeline_1,pipeline_1,1,3.5,0.927244741357,False
workload_249.cpp,xczu7ev-ffvc1156-2-e,10,10.6599,353,2,0,6,77,cyclic_64_1,block_8_1,pipeline_1,unroll_16,1,21.25,0.471132110332,False
workload_747.cpp,xczu7ev-ffvc1156-2-e,10,10.6599,315.5,2,0,4,73,cyclic_64_1,block_8_1,pipeline_1,unroll_64,2,19.75,1,True
workload_135.cpp,xczu7ev-ffvc1156-2-e,10,40.83926,75,1,0,8,18,cyclic_64_1,block_8_1,unroll_8,pipeline_1,1,6.75,0.617070257776,False
workload_577.cpp,xczu7ev-ffvc1156-2-e,10,10.63944,375.5,0,0,13,78,cyclic_64_1,cyclic_128_1,pipeline_1,unroll_16,2,22.75,0.411711414722,False
workload_504.cpp,xczu7ev-ffvc1156-2-e,10,36.91034,58,0,0,9,10,cyclic_64_1,cyclic_128_1,unroll_2,pipeline_1,1,4.75,0.719044958687,False
workload_587.cpp,xczu7ev-ffvc1156-2-e,10,11.02817,62,5,0,1,8,cyclic_64_1,cyclic_16_1,pipeline_1,pipeline_1,3,3.5,0.927094150747,False
workload_777.cpp,xczu7ev-ffvc1156-2-e,10,10.63944,323,0,0,12,74,cyclic_64_1,cyclic_16_1,pipeline_1,unroll_64,3,21.5,0.460867671524,False
workload_375.cpp,xczu7ev-ffvc1156-2-e,10,36.91034,50,3,0,7,6,cyclic_64_1,cyclic_16_1,unroll_2,pipeline_1,1,4,0.748088401831,False
workload_649.cpp,xczu7ev-ffvc1156-2-e,10,48.5941,50,3,0,1,6,cyclic_64_1,cyclic_16_1,unroll_2,unroll_16,1,2.5,0.682546480596,False
workload_614.cpp,xczu7ev-ffvc1156-2-e,10,72.84242,54,3,0,1,6,cyclic_64_1,cyclic_16_1,unroll_2,unroll_8,1,2.5,0.459913029565,False
workload_297.cpp,xczu7ev-ffvc1156-2-e,10,13.31969,69,1,0,1,8,cyclic_64_1,cyclic_2_1,pipeline_1,pipeline_1,4,2.5,0.964431723018,False
workload_390.cpp,xczu7ev-ffvc1156-2-e,10,10.6599,407,1,0,9,77,cyclic_64_1,cyclic_2_1,pipeline_1,unroll_32,1,21.75,0.450750616112,False
workload_670.cpp,xczu7ev-ffvc1156-2-e,10,10.6599,336,1,0,8,76,cyclic_64_1,cyclic_2_1,pipeline_1,unroll_64,2,21.25,0.471132110332,False
workload_134.cpp,xczu7ev-ffvc1156-2-e,10,36.91034,51,0,0,7,5,cyclic_64_1,cyclic_2_1,unroll_2,pipeline_1,5,3,0.782967911337,False
workload_247.cpp,xczu7ev-ffvc1156-2-e,10,43.51506,63,1,0,1,11,cyclic_64_1,cyclic_2_1,unroll_2,unroll_64,2,3.25,0.71775767554,False
workload_824.cpp,xczu7ev-ffvc1156-2-e,10,55.80306,48,0,0,1,6,cyclic_64_1,cyclic_2_1,unroll_2,unroll_8,1,1.75,0.616561924022,False
workload_421.cpp,xczu7ev-ffvc1156-2-e,10,39.52942,60,0,0,7,9,cyclic_64_1,cyclic_2_1,unroll_4,pipeline_1,1,4,0.729143286774,False
workload_188.cpp,xczu7ev-ffvc1156-2-e,10,43.51254,91,1,0,2,21,cyclic_64_1,cyclic_2_1,unroll_4,unroll_64,1,6,0.630264447097,False
workload_466.cpp,xczu7ev-ffvc1156-2-e,10,10.86449,66,10,0,1,8,cyclic_64_1,cyclic_32_1,pipeline_1,pipeline_1,2,4.75,0.897143912144,False
workload_445.cpp,xczu7ev-ffvc1156-2-e,10,10.63944,375,0,0,13,78,cyclic_64_1,cyclic_32_1,pipeline_1,unroll_16,1,22.75,0.411711414722,False
workload_48.cpp,xczu7ev-ffvc1156-2-e,10,56.3723,265,5,0,4,39,cyclic_64_1,cyclic_32_1,unroll_16,unroll_8,1,12,0.368738126465,False
workload_511.cpp,xczu7ev-ffvc1156-2-e,10,43.51506,67,5,0,1,11,cyclic_64_1,cyclic_32_1,unroll_2,unroll_64,1,4.25,0.689807878938,False
workload_383.cpp,xczu7ev-ffvc1156-2-e,10,12.01025,67.5,1,0,1,8,cyclic_64_1,cyclic_4_1,pipeline_1,pipeline_1,4,2.5,0.970391203814,False
workload_792.cpp,xczu7ev-ffvc1156-2-e,10,10.6599,375,1,0,10,78,cyclic_64_1,cyclic_4_1,pipeline_1,unroll_16,1,22.25,0.43094425663,False
workload_157.cpp,xczu7ev-ffvc1156-2-e,10,10.6599,339.5,1,0,8,74,cyclic_64_1,cyclic_4_1,pipeline_1,unroll_64,4,20.75,0.491958094256,False
workload_8.cpp,xczu7ev-ffvc1156-2-e,10,36.91034,54,1,0,7,6,cyclic_64_1,cyclic_4_1,unroll_2,pipeline_1,1,3.5,0.766213864428,False
workload_201.cpp,xczu7ev-ffvc1156-2-e,10,48.59158,71,1,0,1,11,cyclic_64_1,cyclic_4_1,unroll_4,unroll_16,1,3.25,0.670334002868,False
workload_260.cpp,xczu7ev-ffvc1156-2-e,10,10.78265,69,0,0,2,10,cyclic_64_1,cyclic_64_1,pipeline_1,pipeline_1,12,3,1,True
workload_441.cpp,xczu7ev-ffvc1156-2-e,10,10.63944,359,0,0,13,78,cyclic_64_1,cyclic_64_1,pipeline_1,unroll_16,3,22.75,0.411711414722,False
workload_323.cpp,xczu7ev-ffvc1156-2-e,10,10.63944,294,0,0,12,74,cyclic_64_1,cyclic_64_1,pipeline_1,unroll_64,5,21.5,0.460867671524,False
workload_650.cpp,xczu7ev-ffvc1156-2-e,10,10.63944,463,0,0,16,84,cyclic_64_1,cyclic_64_1,pipeline_1,unroll_8,1,25,0.332293744977,False
workload_282.cpp,xczu7ev-ffvc1156-2-e,10,36.91034,54.5,0,0,8,8,cyclic_64_1,cyclic_64_1,unroll_2,pipeline_1,4,4,0.748088401831,False
workload_29.cpp,xczu7ev-ffvc1156-2-e,10,48.5941,57.5,0,0,2,8,cyclic_64_1,cyclic_64_1,unroll_2,unroll_16,4,2.5,0.682546480596,False
workload_595.cpp,xczu7ev-ffvc1156-2-e,10,57.11378,64,0,0,3,9,cyclic_64_1,cyclic_64_1,unroll_2,unroll_32,1,3,0.593993273153,False
workload_358.cpp,xczu7ev-ffvc1156-2-e,10,43.51506,63.5,0,0,2,12,cyclic_64_1,cyclic_64_1,unroll_2,unroll_64,4,3.5,0.711375718342,False
workload_325.cpp,xczu7ev-ffvc1156-2-e,10,11.35553,63,3,0,1,7,cyclic_64_1,cyclic_8_1,pipeline_1,pipeline_1,4,2.75,0.957834948346,False
workload_361.cpp,xczu7ev-ffvc1156-2-e,10,10.6599,317,1,0,8,74,cyclic_64_1,cyclic_8_1,pipeline_1,unroll_64,2,20.75,0.491958094256,False
workload_175.cpp,xczu7ev-ffvc1156-2-e,10,36.91034,53,1,0,7,6,cyclic_64_1,cyclic_8_1,unroll_2,pipeline_1,1,3.5,0.766213864428,False
workload_672.cpp,xczu7ev-ffvc1156-2-e,10,48.5941,51,1,0,1,6,cyclic_64_1,cyclic_8_1,unroll_2,unroll_16,1,2,0.687886745697,False
workload_172.cpp,xczu7ev-ffvc1156-2-e,10,44.98962,60.5,1,0,1,8,cyclic_64_1,cyclic_8_1,unroll_2,unroll_32,2,2.5,0.718849960249,False
workload_109.cpp,xczu7ev-ffvc1156-2-e,10,43.51506,60,1,0,1,11,cyclic_64_1,cyclic_8_1,unroll_2,unroll_64,3,3.25,0.71775767554,False
workload_537.cpp,xczu7ev-ffvc1156-2-e,10,11.38622,69.5,3,0,2,9,cyclic_8_1,block_128_1,pipeline_1,pipeline_1,2,3.5,0.927244741357,False
workload_130.cpp,xczu7ev-ffvc1156-2-e,10,10.63944,370,3,0,13,74,cyclic_8_1,block_128_1,pipeline_1,unroll_16,2,22.5,0.421254955214,False
workload_14.cpp,xczu7ev-ffvc1156-2-e,10,10.63944,572,3,0,20,92,cyclic_8_1,block_128_1,pipeline_1,unroll_4,1,28.75,0.22583103233,False
workload_526.cpp,xczu7ev-ffvc1156-2-e,10,10.63944,290,3,0,11,70,cyclic_8_1,block_128_1,pipeline_1,unroll_64,6,21,0.481537021035,False
workload_190.cpp,xczu7ev-ffvc1156-2-e,10,41.49478,111,5,0,2,35,cyclic_8_1,block_128_1,unroll_16,pipeline_1,1,10.5,0.490233908311,False
workload_564.cpp,xczu7ev-ffvc1156-2-e,10,36.91034,49,5,0,2,6,cyclic_8_1,block_128_1,unroll_2,pipeline_1,1,3.25,0.77478760927,False
workload_726.cpp,xczu7ev-ffvc1156-2-e,10,11.39645,67,8,0,3,6,cyclic_8_1,block_16_1,pipeline_1,pipeline_1,1,4.25,0.911722712079,False
workload_173.cpp,xczu7ev-ffvc1156-2-e,10,10.63944,286,3,0,11,70,cyclic_8_1,block_16_1,pipeline_1,unroll_64,4,21,0.481537021035,False
workload_32.cpp,xczu7ev-ffvc1156-2-e,10,41.50502,72,8,0,0,11,cyclic_8_1,block_16_1,unroll_16,pipeline_1,1,4.75,0.688550762804,False
workload_127.cpp,xczu7ev-ffvc1156-2-e,10,36.92058,41,8,0,0,2,cyclic_8_1,block_16_1,unroll_2,pipeline_1,1,2.5,0.797780662431,False
workload_67.cpp,xczu7ev-ffvc1156-2-e,10,53.01526,80,8,0,3,18,cyclic_8_1,block_16_1,unroll_4,unroll_32,1,7.25,0.52825991927,False
workload_138.cpp,xczu7ev-ffvc1156-2-e,10,13.32992,63.5,3,0,0,6,cyclic_8_1,block_2_1,pipeline_1,pipeline_1,4,2.25,0.975402496049,False
workload_194.cpp,xczu7ev-ffvc1156-2-e,10,10.6599,410,3,0,10,79,cyclic_8_1,block_2_1,pipeline_1,unroll_16,1,23,0.40231355413,False
workload_223.cpp,xczu7ev-ffvc1156-2-e,10,10.6599,330,3,0,8,75,cyclic_8_1,block_2_1,pipeline_1,unroll_64,1,21.5,0.460869507437,False
workload_668.cpp,xczu7ev-ffvc1156-2-e,10,10.6599,438,3,0,13,85,cyclic_8_1,block_2_1,pipeline_1,unroll_8,1,25.25,0.32419042528,False
workload_241.cpp,xczu7ev-ffvc1156-2-e,10,36.92058,44,6,0,0,1,cyclic_8_1,block_2_1,unroll_2,pipeline_1,2,1.75,0.814754203347,False
workload_146.cpp,xczu7ev-ffvc1156-2-e,10,61.7013,50,2,0,0,3,cyclic_8_1,block_2_1,unroll_2,unroll_16,1,1.25,0.560843866709,False
workload_26.cpp,xczu7ev-ffvc1156-2-e,10,40.8495,49,6,0,0,5,cyclic_8_1,block_2_1,unroll_8,pipeline_1,1,2.75,0.754780587552,False
workload_165.cpp,xczu7ev-ffvc1156-2-e,10,54.8163,149,2,0,4,40,cyclic_8_1,block_2_1,unroll_8,unroll_64,1,11.5,0.389220171179,False
workload_132.cpp,xczu7ev-ffvc1156-2-e,10,11.39645,62.5,13,0,4,7,cyclic_8_1,block_32_1,pipeline_1,pipeline_1,2,6,0.823727233341,False
workload_195.cpp,xczu7ev-ffvc1156-2-e,10,10.63944,301,3,0,11,70,cyclic_8_1,block_32_1,pipeline_1,unroll_64,2,21,0.481537021035,False
workload_225.cpp,xczu7ev-ffvc1156-2-e,10,36.92058,42,10,0,0,2,cyclic_8_1,block_32_1,unroll_2,pipeline_1,1,3,0.782884307292,False
workload_809.cpp,xczu7ev-ffvc1156-2-e,10,12.03071,62,4,0,0,6,cyclic_8_1,block_4_1,pipeline_1,pipeline_1,1,2.5,0.970303145983,False
workload_117.cpp,xczu7ev-ffvc1156-2-e,10,10.6599,326,4,0,8,74,cyclic_8_1,block_4_1,pipeline_1,unroll_64,5,21.5,0.460869507437,False
workload_708.cpp,xczu7ev-ffvc1156-2-e,10,39.53966,48,6,0,0,2,cyclic_8_1,block_4_1,unroll_4,pipeline_1,1,2,0.783077360401,False
workload_116.cpp,xczu7ev-ffvc1156-2-e,10,42.00086,161,6,0,3,32,cyclic_8_1,block_4_1,unroll_64,pipeline_1,1,10.25,0.495486441982,False
workload_151.cpp,xczu7ev-ffvc1156-2-e,10,57.76542,762,4,0,22,98,cyclic_8_1,block_4_1,unroll_64,unroll_16,1,31,0.136767670526,False
workload_182.cpp,xczu7ev-ffvc1156-2-e,10,11.38622,63,3,0,4,8,cyclic_8_1,block_64_1,pipeline_1,pipeline_1,3,3.75,0.912192310308,False
workload_295.cpp,xczu7ev-ffvc1156-2-e,10,10.63944,335,3,0,12,72,cyclic_8_1,block_64_1,pipeline_1,unroll_32,1,21.75,0.450748719417,False
workload_352.cpp,xczu7ev-ffvc1156-2-e,10,10.63944,316,3,0,11,70,cyclic_8_1,block_64_1,pipeline_1,unroll_64,4,21,0.481537021035,False
workload_659.cpp,xczu7ev-ffvc1156-2-e,10,36.91034,43,5,0,1,4,cyclic_8_1,block_64_1,unroll_2,pipeline_1,1,2.5,0.797872777899,False
workload_28.cpp,xczu7ev-ffvc1156-2-e,10,41.99062,299,5,0,3,80,cyclic_8_1,block_64_1,unroll_64,pipeline_1,1,22,0.331751667452,False
workload_169.cpp,xczu7ev-ffvc1156-2-e,10,10.6599,311,5,0,7,73,cyclic_8_1,block_8_1,pipeline_1,unroll_64,2,21.25,0.471132110332,False
workload_106.cpp,xczu7ev-ffvc1156-2-e,10,41.50502,60,7,0,0,9,cyclic_8_1,block_8_1,unroll_16,pipeline_1,1,4,0.713747661099,False
workload_523.cpp,xczu7ev-ffvc1156-2-e,10,11.36576,66.5,5,0,0,5,cyclic_8_1,cyclic_16_1,pipeline_1,pipeline_1,6,2.5,0.972872264503,False
workload_707.cpp,xczu7ev-ffvc1156-2-e,10,10.63944,304,3,0,11,70,cyclic_8_1,cyclic_16_1,pipeline_1,unroll_64,3,21,0.481537021035,False
workload_881.cpp,xczu7ev-ffvc1156-2-e,10,36.92058,44,8,0,0,2,cyclic_8_1,cyclic_16_1,unroll_2,pipeline_1,1,2.5,0.797780662431,False
workload_760.cpp,xczu7ev-ffvc1156-2-e,10,43.51506,59,4,0,0,10,cyclic_8_1,cyclic_16_1,unroll_2,unroll_64,1,3.5,0.711375718342,False
workload_7.cpp,xczu7ev-ffvc1156-2-e,10,41.83398,106,8,0,1,21,cyclic_8_1,cyclic_16_1,unroll_32,pipeline_1,1,7.5,0.582588584094,False
workload_227.cpp,xczu7ev-ffvc1156-2-e,10,13.32992,62.5,3,0,0,6,cyclic_8_1,cyclic_2_1,pipeline_1,pipeline_1,2,2.25,0.975402496049,False
workload_476.cpp,xczu7ev-ffvc1156-2-e,10,10.6599,375,3,0,10,79,cyclic_8_1,cyclic_2_1,pipeline_1,unroll_16,1,23,0.40231355413,False
workload_139.cpp,xczu7ev-ffvc1156-2-e,10,10.6599,367,3,0,8,74,cyclic_8_1,cyclic_2_1,pipeline_1,unroll_64,1,21.25,0.471132110332,False
workload_610.cpp,xczu7ev-ffvc1156-2-e,10,43.51506,66,2,0,0,10,cyclic_8_1,cyclic_2_1,unroll_2,unroll_64,1,3,0.723650295525,False
workload_81.cpp,xczu7ev-ffvc1156-2-e,10,42.00086,160,6,0,3,31,cyclic_8_1,cyclic_2_1,unroll_64,pipeline_1,1,10,0.503453287541,False
workload_141.cpp,xczu7ev-ffvc1156-2-e,10,47.93502,64,2,0,1,11,cyclic_8_1,cyclic_2_1,unroll_8,unroll_16,1,3.5,0.67131008761,False
workload_147.cpp,xczu7ev-ffvc1156-2-e,10,65.62974,54.5,2,0,0,6,cyclic_8_1,cyclic_2_1,unroll_8,unroll_4,2,2,0.523650259482,False
workload_719.cpp,xczu7ev-ffvc1156-2-e,10,11.36576,59,8,0,0,5,cyclic_8_1,cyclic_32_1,pipeline_1,pipeline_1,1,3.25,0.942134636807,False
workload_580.cpp,xczu7ev-ffvc1156-2-e,10,10.63944,321,3,0,11,70,cyclic_8_1,cyclic_32_1,pipeline_1,unroll_64,1,21,0.481537021035,False
workload_33.cpp,xczu7ev-ffvc1156-2-e,10,64.31854,90,7,0,2,17,cyclic_8_1,cyclic_32_1,unroll_16,unroll_8,1,6.5,0.47185679903,False
workload_605.cpp,xczu7ev-ffvc1156-2-e,10,10.6599,347,3,0,8,74,cyclic_8_1,cyclic_4_1,pipeline_1,unroll_64,1,21.25,0.471132110332,False
workload_682.cpp,xczu7ev-ffvc1156-2-e,10,39.53966,48,6,0,0,2,cyclic_8_1,cyclic_4_1,unroll_4,pipeline_1,1,2,0.783077360401,False
workload_210.cpp,xczu7ev-ffvc1156-2-e,10,136.40982,44,2,0,0,3,cyclic_8_1,cyclic_4_1,unroll_4,unroll_2,1,1.25,0.127433297853,False
workload_474.cpp,xczu7ev-ffvc1156-2-e,10,11.35553,64.5,3,0,1,6,cyclic_8_1,cyclic_64_1,pipeline_1,pipeline_1,6,2.5,1,True
workload_634.cpp,xczu7ev-ffvc1156-2-e,10,10.63944,352,3,0,13,74,cyclic_8_1,cyclic_64_1,pipeline_1,unroll_16,1,22.5,0.421254955214,False
workload_312.cpp,xczu7ev-ffvc1156-2-e,10,10.63944,284,3,0,11,70,cyclic_8_1,cyclic_64_1,pipeline_1,unroll_64,1,21,0.481537021035,False
workload_849.cpp,xczu7ev-ffvc1156-2-e,10,36.91034,43,5,0,1,4,cyclic_8_1,cyclic_64_1,unroll_2,pipeline_1,1,2.5,0.797872777899,False
workload_773.cpp,xczu7ev-ffvc1156-2-e,10,53.18162,45,3,0,1,4,cyclic_8_1,cyclic_64_1,unroll_2,unroll_16,1,2,0.641285520622,False
workload_533.cpp,xczu7ev-ffvc1156-2-e,10,39.52942,51,5,0,1,7,cyclic_8_1,cyclic_64_1,unroll_4,pipeline_1,1,3.25,0.753297817326,False
workload_334.cpp,xczu7ev-ffvc1156-2-e,10,11.36576,61.5,5,0,0,5,cyclic_8_1,cyclic_8_1,pipeline_1,pipeline_1,8,2.5,0.972872264503,False
workload_200.cpp,xczu7ev-ffvc1156-2-e,10,43.51506,57,4,0,0,9,cyclic_8_1,cyclic_8_1,unroll_2,unroll_64,1,3.25,0.71775767554,False
