Version,Device,Clock_Period_nsec,Latency_msec,Synthesis_Time_sec,BRAM_Utilization_percentage,DSP_Utilization_percentage,FF_Utilization_percentage,LUT_Utilization_percentage,OuterLoop_1,OuterLoop_2,OuterLoop_3,OuterLoop_4,InnerLoop_1_1,InnerLoop_1_2,InnerLoop_1_3,InnerLoop_1_4,InnerLoop_2_1,Replicate_Count,Area,Weight,is_pareto
stencil3d_293.c,xczu7ev-ffvc1156-2-e,10,0.22218,259.5,1,20,1,21,pipeline_1,pipeline_1,pipeline_1,pipeline_1,pipeline_1,pipeline_1,pipeline_1,pipeline_1,unroll_15,4,10.75,1,True
stencil3d_379.c,xczu7ev-ffvc1156-2-e,10,0.22218,252,1,21,1,21,pipeline_1,pipeline_1,pipeline_1,pipeline_1,pipeline_1,pipeline_1,pipeline_1,unroll_2,unroll_15,1,11,0.985317711047,False
stencil3d_576.c,xczu7ev-ffvc1156-2-e,10,0.22218,285,1,20,1,22,pipeline_1,pipeline_1,pipeline_1,pipeline_1,pipeline_1,pipeline_1,unroll_2,pipeline_1,unroll_15,1,11,0.985317711047,False
stencil3d_617.c,xczu7ev-ffvc1156-2-e,10,0.22218,254,1,22,1,21,pipeline_1,pipeline_1,pipeline_1,pipeline_1,pipeline_1,pipeline_1,unroll_2,unroll_2,unroll_15,1,11.25,0.970756169933,False
stencil3d_501.c,xczu7ev-ffvc1156-2-e,10,0.22218,268.5,1,20,1,22,pipeline_1,pipeline_1,pipeline_1,pipeline_1,pipeline_1,pipeline_1,unroll_31,pipeline_1,unroll_15,2,11,0.985317711047,False
stencil3d_390.c,xczu7ev-ffvc1156-2-e,10,0.22218,284.5,1,20,1,21,pipeline_1,pipeline_1,pipeline_1,pipeline_1,pipeline_1,unroll_16,pipeline_1,pipeline_1,unroll_15,2,10.75,1,True
stencil3d_469.c,xczu7ev-ffvc1156-2-e,10,0.22218,283.5,1,20,1,22,pipeline_1,pipeline_1,pipeline_1,pipeline_1,pipeline_1,unroll_16,unroll_2,pipeline_1,unroll_15,4,11,0.985317711047,False
stencil3d_721.c,xczu7ev-ffvc1156-2-e,10,0.22218,262,1,35,2,26,pipeline_1,pipeline_1,pipeline_1,pipeline_1,pipeline_1,unroll_16,unroll_2,pipeline_1,unroll_2,1,16,0.75419318792,False
stencil3d_651.c,xczu7ev-ffvc1156-2-e,10,0.22218,260,1,21,1,21,pipeline_1,pipeline_1,pipeline_1,pipeline_1,pipeline_1,unroll_16,unroll_2,unroll_2,unroll_15,1,11,0.985317711047,False
stencil3d_712.c,xczu7ev-ffvc1156-2-e,10,0.22218,300,1,61,3,35,pipeline_1,pipeline_1,pipeline_1,pipeline_1,pipeline_1,unroll_16,unroll_2,unroll_2,unroll_4,1,25,0.38407197461,False
stencil3d_386.c,xczu7ev-ffvc1156-2-e,10,0.22218,256,1,20,1,22,pipeline_1,pipeline_1,pipeline_1,pipeline_1,pipeline_1,unroll_16,unroll_31,pipeline_1,unroll_15,1,11,0.985317711047,False
stencil3d_380.c,xczu7ev-ffvc1156-2-e,10,0.22218,270,1,22,1,22,pipeline_1,pipeline_1,pipeline_1,pipeline_1,pipeline_1,unroll_16,unroll_31,unroll_4,unroll_15,2,11.5,0.956315376656,False
stencil3d_648.c,xczu7ev-ffvc1156-2-e,10,0.22218,288,1,22,1,21,pipeline_1,pipeline_1,pipeline_1,pipeline_1,pipeline_1,unroll_2,unroll_2,unroll_2,unroll_15,1,11.25,0.970756169933,False
stencil3d_214.c,xczu7ev-ffvc1156-2-e,10,0.22218,278,1,22,1,22,pipeline_1,pipeline_1,pipeline_1,pipeline_1,pipeline_1,unroll_8,unroll_31,pipeline_1,unroll_15,1,11.5,0.956315376656,False
stencil3d_687.c,xczu7ev-ffvc1156-2-e,10,0.22218,252,1,22,1,22,pipeline_1,pipeline_1,pipeline_1,pipeline_1,unroll_2,unroll_16,pipeline_1,pipeline_1,unroll_15,1,11.5,0.956315376656,False
stencil3d_534.c,xczu7ev-ffvc1156-2-e,10,0.22218,286,1,21,1,21,pipeline_1,pipeline_1,pipeline_1,pipeline_1,unroll_2,unroll_16,pipeline_1,unroll_2,unroll_15,1,11,0.985317711047,False
stencil3d_581.c,xczu7ev-ffvc1156-2-e,10,0.22218,255,1,21,1,21,pipeline_1,pipeline_1,pipeline_1,pipeline_1,unroll_2,unroll_16,unroll_2,unroll_2,unroll_15,1,11,0.985317711047,False
stencil3d_295.c,xczu7ev-ffvc1156-2-e,10,0.22218,284,1,22,1,22,pipeline_1,pipeline_1,pipeline_1,pipeline_1,unroll_8,unroll_16,unroll_31,pipeline_1,unroll_15,1,11.5,0.956315376656,False
stencil3d_269.c,xczu7ev-ffvc1156-2-e,10,0.22218,251,1,22,1,22,pipeline_1,pipeline_1,pipeline_1,pipeline_1,unroll_8,unroll_8,unroll_31,pipeline_1,unroll_15,1,11.5,0.956315376656,False
stencil3d_376.c,xczu7ev-ffvc1156-2-e,10,0.34486,37,1,2,1,3,pipeline_1,pipeline_1,pipeline_1,unroll_2,pipeline_1,pipeline_1,pipeline_1,pipeline_1,unroll_15,4,1.75,1,True
stencil3d_657.c,xczu7ev-ffvc1156-2-e,10,0.34486,33,1,3,1,4,pipeline_1,pipeline_1,pipeline_1,unroll_2,pipeline_1,pipeline_1,pipeline_1,pipeline_1,unroll_2,1,2.25,0.602672039656,False
stencil3d_440.c,xczu7ev-ffvc1156-2-e,10,0.28981,44.5,1,10,1,6,pipeline_1,pipeline_1,pipeline_1,unroll_2,pipeline_1,pipeline_1,pipeline_1,unroll_2,unroll_15,2,4.5,1,True
stencil3d_585.c,xczu7ev-ffvc1156-2-e,10,0.53731,32,1,1,1,2,pipeline_1,pipeline_1,pipeline_1,unroll_2,pipeline_1,pipeline_1,pipeline_1,unroll_2,unroll_2,1,1.25,0.253859548673,False
stencil3d_626.c,xczu7ev-ffvc1156-2-e,10,0.53251,69,1,1,1,8,pipeline_1,pipeline_1,pipeline_1,unroll_2,pipeline_1,pipeline_1,pipeline_1,unroll_31,unroll_2,1,2.75,0.263611560139,False
stencil3d_706.c,xczu7ev-ffvc1156-2-e,10,0.51451,121,1,1,1,11,pipeline_1,pipeline_1,pipeline_1,unroll_2,pipeline_1,pipeline_1,pipeline_1,unroll_31,unroll_4,1,3.5,0.294224876948,False
stencil3d_395.c,xczu7ev-ffvc1156-2-e,10,0.34486,35.5,1,2,1,3,pipeline_1,pipeline_1,pipeline_1,unroll_2,pipeline_1,pipeline_1,unroll_2,pipeline_1,unroll_15,8,1.75,1,True
stencil3d_163.c,xczu7ev-ffvc1156-2-e,10,0.34486,36,1,3,1,4,pipeline_1,pipeline_1,pipeline_1,unroll_2,pipeline_1,pipeline_1,unroll_2,pipeline_1,unroll_2,3,2.25,0.602672039656,False
stencil3d_301.c,xczu7ev-ffvc1156-2-e,10,0.28981,43,1,10,1,6,pipeline_1,pipeline_1,pipeline_1,unroll_2,pipeline_1,pipeline_1,unroll_2,unroll_2,unroll_15,7,4.5,1,True
stencil3d_462.c,xczu7ev-ffvc1156-2-e,10,0.53731,32,1,1,1,2,pipeline_1,pipeline_1,pipeline_1,unroll_2,pipeline_1,pipeline_1,unroll_2,unroll_2,unroll_2,2,1.25,0.253859548673,False
stencil3d_558.c,xczu7ev-ffvc1156-2-e,10,0.50131,31,1,1,1,2,pipeline_1,pipeline_1,pipeline_1,unroll_2,pipeline_1,pipeline_1,unroll_2,unroll_2,unroll_4,1,1.25,1,True
stencil3d_357.c,xczu7ev-ffvc1156-2-e,10,0.34486,37,1,2,1,3,pipeline_1,pipeline_1,pipeline_1,unroll_2,pipeline_1,pipeline_1,unroll_31,pipeline_1,unroll_15,4,1.75,1,True
stencil3d_397.c,xczu7ev-ffvc1156-2-e,10,0.28981,44,1,10,1,6,pipeline_1,pipeline_1,pipeline_1,unroll_2,pipeline_1,pipeline_1,unroll_31,unroll_2,unroll_15,2,4.5,1,True
stencil3d_524.c,xczu7ev-ffvc1156-2-e,10,0.53251,74,1,1,1,8,pipeline_1,pipeline_1,pipeline_1,unroll_2,pipeline_1,pipeline_1,unroll_31,unroll_31,unroll_2,1,2.75,0.263611560139,False
stencil3d_461.c,xczu7ev-ffvc1156-2-e,10,0.34486,38.5,1,2,1,3,pipeline_1,pipeline_1,pipeline_1,unroll_2,pipeline_1,pipeline_1,unroll_4,pipeline_1,unroll_15,2,1.75,1,True
stencil3d_496.c,xczu7ev-ffvc1156-2-e,10,0.34486,38,1,2,1,3,pipeline_1,pipeline_1,pipeline_1,unroll_2,pipeline_1,unroll_16,pipeline_1,pipeline_1,unroll_15,3,1.75,1,True
stencil3d_677.c,xczu7ev-ffvc1156-2-e,10,0.28981,44,1,10,1,6,pipeline_1,pipeline_1,pipeline_1,unroll_2,pipeline_1,unroll_16,pipeline_1,unroll_2,unroll_15,1,4.5,1,True
stencil3d_609.c,xczu7ev-ffvc1156-2-e,10,0.53731,34,1,1,1,2,pipeline_1,pipeline_1,pipeline_1,unroll_2,pipeline_1,unroll_16,pipeline_1,unroll_2,unroll_2,1,1.25,0.253859548673,False
stencil3d_468.c,xczu7ev-ffvc1156-2-e,10,0.53251,77,1,1,1,8,pipeline_1,pipeline_1,pipeline_1,unroll_2,pipeline_1,unroll_16,pipeline_1,unroll_31,unroll_2,7,2.75,0.263611560139,False
stencil3d_611.c,xczu7ev-ffvc1156-2-e,10,0.51451,106,1,1,1,11,pipeline_1,pipeline_1,pipeline_1,unroll_2,pipeline_1,unroll_16,pipeline_1,unroll_31,unroll_4,1,3.5,0.294224876948,False
stencil3d_317.c,xczu7ev-ffvc1156-2-e,10,0.34486,37,1,2,1,3,pipeline_1,pipeline_1,pipeline_1,unroll_2,pipeline_1,unroll_16,unroll_2,pipeline_1,unroll_15,5,1.75,1,True
stencil3d_490.c,xczu7ev-ffvc1156-2-e,10,0.34486,33,1,3,1,4,pipeline_1,pipeline_1,pipeline_1,unroll_2,pipeline_1,unroll_16,unroll_2,pipeline_1,unroll_2,3,2.25,0.602672039656,False
stencil3d_715.c,xczu7ev-ffvc1156-2-e,10,0.34486,35,1,3,1,4,pipeline_1,pipeline_1,pipeline_1,unroll_2,pipeline_1,unroll_16,unroll_2,pipeline_1,unroll_4,1,2.25,0.602672039656,False
stencil3d_451.c,xczu7ev-ffvc1156-2-e,10,0.28981,44,1,10,1,6,pipeline_1,pipeline_1,pipeline_1,unroll_2,pipeline_1,unroll_16,unroll_2,unroll_2,unroll_15,3,4.5,1,True
stencil3d_356.c,xczu7ev-ffvc1156-2-e,10,0.53731,32,1,1,1,2,pipeline_1,pipeline_1,pipeline_1,unroll_2,pipeline_1,unroll_16,unroll_2,unroll_2,unroll_2,3,1.25,0.253859548673,False
stencil3d_559.c,xczu7ev-ffvc1156-2-e,10,0.50131,34,1,1,1,2,pipeline_1,pipeline_1,pipeline_1,unroll_2,pipeline_1,unroll_16,unroll_2,unroll_2,unroll_4,1,1.25,1,True
stencil3d_412.c,xczu7ev-ffvc1156-2-e,10,0.53251,71,1,1,1,8,pipeline_1,pipeline_1,pipeline_1,unroll_2,pipeline_1,unroll_16,unroll_2,unroll_31,unroll_2,1,2.75,0.263611560139,False
stencil3d_435.c,xczu7ev-ffvc1156-2-e,10,0.34486,36,1,3,1,4,pipeline_1,pipeline_1,pipeline_1,unroll_2,pipeline_1,unroll_16,unroll_31,pipeline_1,pipeline_1,1,2.25,0.602672039656,False
stencil3d_132.c,xczu7ev-ffvc1156-2-e,10,0.34486,38,1,2,1,3,pipeline_1,pipeline_1,pipeline_1,unroll_2,pipeline_1,unroll_16,unroll_31,pipeline_1,unroll_15,9,1.75,1,True
stencil3d_452.c,xczu7ev-ffvc1156-2-e,10,0.34486,39,1,3,1,4,pipeline_1,pipeline_1,pipeline_1,unroll_2,pipeline_1,unroll_16,unroll_31,pipeline_1,unroll_2,1,2.25,0.602672039656,False
stencil3d_414.c,xczu7ev-ffvc1156-2-e,10,0.28981,44,1,10,1,6,pipeline_1,pipeline_1,pipeline_1,unroll_2,pipeline_1,unroll_16,unroll_31,unroll_2,unroll_15,3,4.5,1,True
stencil3d_495.c,xczu7ev-ffvc1156-2-e,10,0.53731,34,1,1,1,2,pipeline_1,pipeline_1,pipeline_1,unroll_2,pipeline_1,unroll_16,unroll_31,unroll_2,unroll_2,3,1.25,0.253859548673,False
stencil3d_384.c,xczu7ev-ffvc1156-2-e,10,0.53251,77.5,1,1,1,8,pipeline_1,pipeline_1,pipeline_1,unroll_2,pipeline_1,unroll_16,unroll_31,unroll_31,unroll_2,4,2.75,0.263611560139,False
stencil3d_457.c,xczu7ev-ffvc1156-2-e,10,0.51451,125,1,1,1,11,pipeline_1,pipeline_1,pipeline_1,unroll_2,pipeline_1,unroll_16,unroll_31,unroll_31,unroll_4,1,3.5,0.294224876948,False
stencil3d_427.c,xczu7ev-ffvc1156-2-e,10,0.31996,60,1,16,1,12,pipeline_1,pipeline_1,pipeline_1,unroll_2,pipeline_1,unroll_16,unroll_31,unroll_4,unroll_15,1,7.5,0.628095390694,False
stencil3d_400.c,xczu7ev-ffvc1156-2-e,10,0.34486,36,1,2,1,3,pipeline_1,pipeline_1,pipeline_1,unroll_2,pipeline_1,unroll_16,unroll_4,pipeline_1,unroll_15,1,1.75,1,True
stencil3d_283.c,xczu7ev-ffvc1156-2-e,10,0.34486,34,1,3,1,4,pipeline_1,pipeline_1,pipeline_1,unroll_2,pipeline_1,unroll_16,unroll_4,pipeline_1,unroll_2,1,2.25,0.602672039656,False
stencil3d_536.c,xczu7ev-ffvc1156-2-e,10,0.28981,44,1,10,1,6,pipeline_1,pipeline_1,pipeline_1,unroll_2,pipeline_1,unroll_16,unroll_4,unroll_2,unroll_15,1,4.5,1,True
stencil3d_442.c,xczu7ev-ffvc1156-2-e,10,0.53731,32,1,1,1,2,pipeline_1,pipeline_1,pipeline_1,unroll_2,pipeline_1,unroll_16,unroll_4,unroll_2,unroll_2,2,1.25,0.253859548673,False
stencil3d_482.c,xczu7ev-ffvc1156-2-e,10,0.50131,34,1,1,1,2,pipeline_1,pipeline_1,pipeline_1,unroll_2,pipeline_1,unroll_16,unroll_4,unroll_2,unroll_4,1,1.25,1,True
stencil3d_607.c,xczu7ev-ffvc1156-2-e,10,0.34486,35,1,2,1,3,pipeline_1,pipeline_1,pipeline_1,unroll_2,pipeline_1,unroll_2,pipeline_1,pipeline_1,unroll_15,1,1.75,1,True
stencil3d_415.c,xczu7ev-ffvc1156-2-e,10,0.53731,29.5,1,1,1,2,pipeline_1,pipeline_1,pipeline_1,unroll_2,pipeline_1,unroll_2,pipeline_1,unroll_2,unroll_2,2,1.25,0.253859548673,False
stencil3d_424.c,xczu7ev-ffvc1156-2-e,10,0.31996,50,1,16,1,12,pipeline_1,pipeline_1,pipeline_1,unroll_2,pipeline_1,unroll_2,pipeline_1,unroll_4,unroll_15,1,7.5,0.628095390694,False
stencil3d_396.c,xczu7ev-ffvc1156-2-e,10,0.34486,37,1,2,1,3,pipeline_1,pipeline_1,pipeline_1,unroll_2,pipeline_1,unroll_2,unroll_2,pipeline_1,unroll_15,1,1.75,1,True
stencil3d_548.c,xczu7ev-ffvc1156-2-e,10,0.34486,34,1,3,1,4,pipeline_1,pipeline_1,pipeline_1,unroll_2,pipeline_1,unroll_2,unroll_2,pipeline_1,unroll_4,1,2.25,0.602672039656,False
stencil3d_257.c,xczu7ev-ffvc1156-2-e,10,0.28981,45,1,10,1,6,pipeline_1,pipeline_1,pipeline_1,unroll_2,pipeline_1,unroll_2,unroll_2,unroll_2,unroll_15,1,4.5,1,True
stencil3d_449.c,xczu7ev-ffvc1156-2-e,10,0.53731,32,1,1,1,2,pipeline_1,pipeline_1,pipeline_1,unroll_2,pipeline_1,unroll_2,unroll_2,unroll_2,unroll_2,2,1.25,0.253859548673,False
stencil3d_203.c,xczu7ev-ffvc1156-2-e,10,0.50131,34,1,1,1,2,pipeline_1,pipeline_1,pipeline_1,unroll_2,pipeline_1,unroll_2,unroll_2,unroll_2,unroll_4,11,1.25,1,True
stencil3d_612.c,xczu7ev-ffvc1156-2-e,10,0.51451,122,1,1,1,11,pipeline_1,pipeline_1,pipeline_1,unroll_2,pipeline_1,unroll_2,unroll_2,unroll_31,unroll_4,1,3.5,0.294224876948,False
stencil3d_341.c,xczu7ev-ffvc1156-2-e,10,0.31996,58,1,16,1,12,pipeline_1,pipeline_1,pipeline_1,unroll_2,pipeline_1,unroll_2,unroll_2,unroll_4,unroll_15,1,7.5,0.628095390694,False
stencil3d_485.c,xczu7ev-ffvc1156-2-e,10,0.53581,37,1,1,1,3,pipeline_1,pipeline_1,pipeline_1,unroll_2,pipeline_1,unroll_2,unroll_2,unroll_4,unroll_4,1,1.5,0.257916874939,False
stencil3d_405.c,xczu7ev-ffvc1156-2-e,10,0.34486,35.5,1,2,1,3,pipeline_1,pipeline_1,pipeline_1,unroll_2,pipeline_1,unroll_2,unroll_31,pipeline_1,unroll_15,2,1.75,1,True
stencil3d_475.c,xczu7ev-ffvc1156-2-e,10,0.34486,38,1,3,1,4,pipeline_1,pipeline_1,pipeline_1,unroll_2,pipeline_1,unroll_2,unroll_31,pipeline_1,unroll_2,1,2.25,0.602672039656,False
stencil3d_407.c,xczu7ev-ffvc1156-2-e,10,0.34486,33,1,3,1,4,pipeline_1,pipeline_1,pipeline_1,unroll_2,pipeline_1,unroll_2,unroll_31,pipeline_1,unroll_4,1,2.25,0.602672039656,False
stencil3d_476.c,xczu7ev-ffvc1156-2-e,10,0.28981,46,1,10,1,6,pipeline_1,pipeline_1,pipeline_1,unroll_2,pipeline_1,unroll_2,unroll_31,unroll_2,unroll_15,2,4.5,1,True
stencil3d_373.c,xczu7ev-ffvc1156-2-e,10,0.50131,34.5,1,1,1,2,pipeline_1,pipeline_1,pipeline_1,unroll_2,pipeline_1,unroll_2,unroll_31,unroll_2,unroll_4,2,1.25,1,True
stencil3d_555.c,xczu7ev-ffvc1156-2-e,10,0.53251,78,1,1,1,8,pipeline_1,pipeline_1,pipeline_1,unroll_2,pipeline_1,unroll_2,unroll_31,unroll_31,unroll_2,1,2.75,0.263611560139,False
stencil3d_670.c,xczu7ev-ffvc1156-2-e,10,0.51451,124,1,1,1,11,pipeline_1,pipeline_1,pipeline_1,unroll_2,pipeline_1,unroll_2,unroll_31,unroll_31,unroll_4,1,3.5,0.294224876948,False
stencil3d_493.c,xczu7ev-ffvc1156-2-e,10,0.34486,36.5,1,2,1,3,pipeline_1,pipeline_1,pipeline_1,unroll_2,pipeline_1,unroll_2,unroll_4,pipeline_1,unroll_15,2,1.75,1,True
stencil3d_282.c,xczu7ev-ffvc1156-2-e,10,0.50131,31,1,1,1,2,pipeline_1,pipeline_1,pipeline_1,unroll_2,pipeline_1,unroll_2,unroll_4,unroll_2,unroll_4,5,1.25,1,True
stencil3d_361.c,xczu7ev-ffvc1156-2-e,10,0.28981,47,1,10,1,6,pipeline_1,pipeline_1,pipeline_1,unroll_2,pipeline_1,unroll_4,unroll_2,unroll_2,unroll_15,1,4.5,1,True
stencil3d_487.c,xczu7ev-ffvc1156-2-e,10,0.53731,31,1,1,1,2,pipeline_1,pipeline_1,pipeline_1,unroll_2,pipeline_1,unroll_4,unroll_2,unroll_2,unroll_2,1,1.25,0.253859548673,False
stencil3d_410.c,xczu7ev-ffvc1156-2-e,10,0.28981,42,1,10,1,6,pipeline_1,pipeline_1,pipeline_1,unroll_2,pipeline_1,unroll_4,unroll_31,unroll_2,unroll_15,2,4.5,1,True
stencil3d_340.c,xczu7ev-ffvc1156-2-e,10,0.34486,38,1,2,1,3,pipeline_1,pipeline_1,pipeline_1,unroll_2,pipeline_1,unroll_8,unroll_31,pipeline_1,unroll_15,1,1.75,1,True
stencil3d_382.c,xczu7ev-ffvc1156-2-e,10,0.34486,40,1,2,1,3,pipeline_1,pipeline_1,pipeline_1,unroll_2,pipeline_1,unroll_8,unroll_4,pipeline_1,unroll_15,1,1.75,1,True
stencil3d_696.c,xczu7ev-ffvc1156-2-e,10,0.34486,37,1,2,1,3,pipeline_1,pipeline_1,pipeline_1,unroll_2,unroll_16,pipeline_1,pipeline_1,pipeline_1,unroll_15,1,1.75,1,True
stencil3d_640.c,xczu7ev-ffvc1156-2-e,10,0.34486,36,1,2,1,3,pipeline_1,pipeline_1,pipeline_1,unroll_2,unroll_16,pipeline_1,unroll_2,pipeline_1,unroll_15,3,1.75,1,True
stencil3d_474.c,xczu7ev-ffvc1156-2-e,10,0.34486,38,1,2,1,3,pipeline_1,pipeline_1,pipeline_1,unroll_2,unroll_16,pipeline_1,unroll_31,pipeline_1,unroll_15,3,1.75,1,True
stencil3d_561.c,xczu7ev-ffvc1156-2-e,10,0.34486,38,1,3,1,4,pipeline_1,pipeline_1,pipeline_1,unroll_2,unroll_16,pipeline_1,unroll_31,pipeline_1,unroll_2,1,2.25,0.602672039656,False
stencil3d_604.c,xczu7ev-ffvc1156-2-e,10,0.34486,39.5,1,2,1,3,pipeline_1,pipeline_1,pipeline_1,unroll_2,unroll_16,unroll_16,unroll_2,pipeline_1,unroll_15,2,1.75,1,True
stencil3d_588.c,xczu7ev-ffvc1156-2-e,10,0.28981,49,1,10,1,6,pipeline_1,pipeline_1,pipeline_1,unroll_2,unroll_16,unroll_16,unroll_2,unroll_2,unroll_15,1,4.5,1,True
stencil3d_550.c,xczu7ev-ffvc1156-2-e,10,0.34486,42,1,2,1,3,pipeline_1,pipeline_1,pipeline_1,unroll_2,unroll_16,unroll_16,unroll_31,pipeline_1,unroll_15,1,1.75,1,True
stencil3d_653.c,xczu7ev-ffvc1156-2-e,10,0.53731,36,1,1,1,2,pipeline_1,pipeline_1,pipeline_1,unroll_2,unroll_16,unroll_16,unroll_31,unroll_2,unroll_2,1,1.25,0.253859548673,False
stencil3d_718.c,xczu7ev-ffvc1156-2-e,10,0.28981,46,1,10,1,6,pipeline_1,pipeline_1,pipeline_1,unroll_2,unroll_16,unroll_2,unroll_2,unroll_2,unroll_15,1,4.5,1,True
stencil3d_664.c,xczu7ev-ffvc1156-2-e,10,0.50131,34,1,1,1,2,pipeline_1,pipeline_1,pipeline_1,unroll_2,unroll_16,unroll_2,unroll_2,unroll_2,unroll_4,1,1.25,1,True
stencil3d_584.c,xczu7ev-ffvc1156-2-e,10,0.50131,34.5,1,1,1,2,pipeline_1,pipeline_1,pipeline_1,unroll_2,unroll_16,unroll_2,unroll_31,unroll_2,unroll_4,2,1.25,1,True
stencil3d_560.c,xczu7ev-ffvc1156-2-e,10,0.34486,38,1,2,1,3,pipeline_1,pipeline_1,pipeline_1,unroll_2,unroll_8,pipeline_1,unroll_2,pipeline_1,unroll_15,2,1.75,1,True
stencil3d_527.c,xczu7ev-ffvc1156-2-e,10,0.34486,38,1,2,1,3,pipeline_1,pipeline_1,pipeline_1,unroll_2,unroll_8,pipeline_1,unroll_31,pipeline_1,unroll_15,1,1.75,1,True
stencil3d_654.c,xczu7ev-ffvc1156-2-e,10,0.34486,36.5,1,2,1,3,pipeline_1,pipeline_1,pipeline_1,unroll_2,unroll_8,unroll_16,pipeline_1,pipeline_1,unroll_15,2,1.75,1,True
stencil3d_513.c,xczu7ev-ffvc1156-2-e,10,0.34486,38,1,2,1,3,pipeline_1,pipeline_1,pipeline_1,unroll_2,unroll_8,unroll_16,unroll_2,pipeline_1,unroll_15,3,1.75,1,True
stencil3d_516.c,xczu7ev-ffvc1156-2-e,10,0.28981,45,1,10,1,6,pipeline_1,pipeline_1,pipeline_1,unroll_2,unroll_8,unroll_16,unroll_2,unroll_2,unroll_15,1,4.5,1,True
stencil3d_453.c,xczu7ev-ffvc1156-2-e,10,0.28981,50,1,10,1,6,pipeline_1,pipeline_1,pipeline_1,unroll_2,unroll_8,unroll_16,unroll_31,unroll_2,unroll_15,1,4.5,1,True
stencil3d_484.c,xczu7ev-ffvc1156-2-e,10,0.28981,44,1,10,1,6,pipeline_1,pipeline_1,pipeline_1,unroll_2,unroll_8,unroll_16,unroll_4,unroll_2,unroll_15,1,4.5,1,True
stencil3d_596.c,xczu7ev-ffvc1156-2-e,10,0.34486,36,1,2,1,3,pipeline_1,pipeline_1,pipeline_1,unroll_2,unroll_8,unroll_2,unroll_2,pipeline_1,unroll_15,1,1.75,1,True
stencil3d_287.c,xczu7ev-ffvc1156-2-e,10,0.34486,35,1,3,1,4,pipeline_1,pipeline_1,pipeline_1,unroll_2,unroll_8,unroll_2,unroll_2,pipeline_1,unroll_2,1,2.25,0.602672039656,False
stencil3d_243.c,xczu7ev-ffvc1156-2-e,10,0.50131,34,1,1,1,2,pipeline_1,pipeline_1,pipeline_1,unroll_2,unroll_8,unroll_2,unroll_2,unroll_2,unroll_4,1,1.25,1,True
stencil3d_511.c,xczu7ev-ffvc1156-2-e,10,0.28965,452,1,18,3,32,pipeline_1,pipeline_1,pipeline_1,unroll_31,pipeline_1,pipeline_1,unroll_2,unroll_2,unroll_15,1,13.5,0.637750338184,False
stencil3d_652.c,xczu7ev-ffvc1156-2-e,10,0.28965,395,1,18,3,32,pipeline_1,pipeline_1,pipeline_1,unroll_31,pipeline_1,unroll_2,unroll_2,unroll_2,unroll_15,1,13.5,0.637750338184,False
stencil3d_409.c,xczu7ev-ffvc1156-2-e,10,0.53715,112,1,1,2,11,pipeline_1,pipeline_1,pipeline_1,unroll_31,pipeline_1,unroll_2,unroll_4,unroll_2,unroll_4,1,3.75,0.248661999959,False
stencil3d_30.c,xczu7ev-ffvc1156-2-e,10,0.45495,436,1,83,10,67,pipeline_1,pipeline_1,pipeline_1,unroll_31,unroll_2,unroll_2,unroll_4,unroll_8,pipeline_1,1,40.25,0.1,False
stencil3d_623.c,xczu7ev-ffvc1156-2-e,10,0.32319,44,1,5,1,6,pipeline_1,pipeline_1,pipeline_1,unroll_4,pipeline_1,pipeline_1,pipeline_1,pipeline_1,unroll_15,1,3.25,1,True
stencil3d_602.c,xczu7ev-ffvc1156-2-e,10,0.32319,41.5,1,5,1,6,pipeline_1,pipeline_1,pipeline_1,unroll_4,pipeline_1,pipeline_1,unroll_2,pipeline_1,unroll_15,2,3.25,1,True
stencil3d_418.c,xczu7ev-ffvc1156-2-e,10,0.32319,38,1,6,1,6,pipeline_1,pipeline_1,pipeline_1,unroll_4,pipeline_1,unroll_16,pipeline_1,pipeline_1,unroll_2,1,3.5,0.664891364796,False
stencil3d_553.c,xczu7ev-ffvc1156-2-e,10,0.57178,33,1,1,1,2,pipeline_1,pipeline_1,pipeline_1,unroll_4,pipeline_1,unroll_16,pipeline_1,unroll_2,unroll_2,1,1.25,0.182533020688,False
stencil3d_467.c,xczu7ev-ffvc1156-2-e,10,0.32319,41.5,1,6,1,6,pipeline_1,pipeline_1,pipeline_1,unroll_4,pipeline_1,unroll_16,unroll_2,pipeline_1,unroll_2,2,3.5,0.664891364796,False
stencil3d_703.c,xczu7ev-ffvc1156-2-e,10,0.32319,47,1,5,1,6,pipeline_1,pipeline_1,pipeline_1,unroll_4,pipeline_1,unroll_16,unroll_31,pipeline_1,unroll_15,1,3.25,1,True
stencil3d_697.c,xczu7ev-ffvc1156-2-e,10,0.27987,55,1,11,1,10,pipeline_1,pipeline_1,pipeline_1,unroll_8,pipeline_1,pipeline_1,unroll_2,pipeline_1,unroll_15,1,5.75,1,True
stencil3d_332.c,xczu7ev-ffvc1156-2-e,10,0.27987,57,1,12,1,11,pipeline_1,pipeline_1,pipeline_1,unroll_8,pipeline_1,pipeline_1,unroll_2,pipeline_1,unroll_2,1,6.25,0.784294360423,False
stencil3d_656.c,xczu7ev-ffvc1156-2-e,10,0.27987,57,1,11,1,10,pipeline_1,pipeline_1,pipeline_1,unroll_8,pipeline_1,pipeline_1,unroll_31,pipeline_1,unroll_15,1,5.75,1,True
stencil3d_454.c,xczu7ev-ffvc1156-2-e,10,0.27987,57,1,12,1,11,pipeline_1,pipeline_1,pipeline_1,unroll_8,pipeline_1,unroll_16,pipeline_1,pipeline_1,unroll_2,1,6.25,0.784294360423,False
stencil3d_281.c,xczu7ev-ffvc1156-2-e,10,0.27987,53.5,1,11,1,10,pipeline_1,pipeline_1,pipeline_1,unroll_8,pipeline_1,unroll_16,unroll_2,pipeline_1,unroll_15,2,5.75,1,True
stencil3d_363.c,xczu7ev-ffvc1156-2-e,10,0.27987,57,1,12,1,11,pipeline_1,pipeline_1,pipeline_1,unroll_8,pipeline_1,unroll_16,unroll_2,pipeline_1,unroll_2,2,6.25,0.784294360423,False
stencil3d_630.c,xczu7ev-ffvc1156-2-e,10,0.53338,40,1,1,1,5,pipeline_1,pipeline_1,pipeline_1,unroll_8,pipeline_1,unroll_16,unroll_2,unroll_2,unroll_4,1,2,0.263737765632,False
stencil3d_492.c,xczu7ev-ffvc1156-2-e,10,0.27987,60,1,11,1,10,pipeline_1,pipeline_1,pipeline_1,unroll_8,pipeline_1,unroll_16,unroll_31,pipeline_1,unroll_15,1,5.75,1,True
stencil3d_678.c,xczu7ev-ffvc1156-2-e,10,0.30778,76,1,14,1,15,pipeline_1,pipeline_1,pipeline_1,unroll_8,pipeline_1,unroll_16,unroll_31,unroll_2,unroll_15,1,7.75,0.681845074353,False
stencil3d_358.c,xczu7ev-ffvc1156-2-e,10,0.27987,58,1,11,1,10,pipeline_1,pipeline_1,pipeline_1,unroll_8,pipeline_1,unroll_2,unroll_2,pipeline_1,unroll_15,1,5.75,1,True
stencil3d_450.c,xczu7ev-ffvc1156-2-e,10,0.53338,43,1,1,1,5,pipeline_1,pipeline_1,pipeline_1,unroll_8,pipeline_1,unroll_2,unroll_2,unroll_2,unroll_4,1,2,0.263737765632,False
stencil3d_261.c,xczu7ev-ffvc1156-2-e,10,0.27987,53,1,13,1,11,pipeline_1,pipeline_1,pipeline_1,unroll_8,pipeline_1,unroll_2,unroll_8,pipeline_1,pipeline_1,1,6.5,0.788183417937,False
stencil3d_411.c,xczu7ev-ffvc1156-2-e,10,0.27987,50,1,11,1,10,pipeline_1,pipeline_1,pipeline_1,unroll_8,pipeline_1,unroll_8,unroll_31,pipeline_1,unroll_15,1,5.75,1,True
stencil3d_665.c,xczu7ev-ffvc1156-2-e,10,0.27987,56,1,11,1,10,pipeline_1,pipeline_1,pipeline_1,unroll_8,unroll_16,pipeline_1,unroll_2,pipeline_1,unroll_15,1,5.75,1,True
stencil3d_430.c,xczu7ev-ffvc1156-2-e,10,0.22335,296,1,21.5,1,20,pipeline_1,pipeline_1,unroll_2,pipeline_1,pipeline_1,pipeline_1,pipeline_1,unroll_2,unroll_15,2,10.875,0.989932233696,False
stencil3d_428.c,xczu7ev-ffvc1156-2-e,10,0.2271,245,1,20,1,21,pipeline_1,pipeline_1,unroll_2,pipeline_1,pipeline_1,pipeline_1,unroll_2,pipeline_1,unroll_15,1,10.75,0.971223177949,False
stencil3d_378.c,xczu7ev-ffvc1156-2-e,10,0.2271,252,1,22,1,20,pipeline_1,pipeline_1,unroll_2,pipeline_1,pipeline_1,pipeline_1,unroll_2,unroll_2,unroll_15,1,11,0.96775247102,False
stencil3d_193.c,xczu7ev-ffvc1156-2-e,10,0.2235,259,1,44,2,30,pipeline_1,pipeline_1,unroll_2,pipeline_1,pipeline_1,pipeline_1,unroll_8,unroll_4,unroll_2,1,19.25,0.600945617364,False
stencil3d_182.c,xczu7ev-ffvc1156-2-e,10,0.2235,273,1,53,3,31,pipeline_1,pipeline_1,unroll_2,pipeline_1,unroll_2,pipeline_1,unroll_8,unroll_4,unroll_4,2,22,0.48727470476,False
stencil3d_215.c,xczu7ev-ffvc1156-2-e,10,0.2235,279,1,35,2,26,pipeline_1,pipeline_1,unroll_2,pipeline_1,unroll_2,unroll_16,unroll_8,pipeline_1,unroll_2,1,16,0.754090467718,False
stencil3d_183.c,xczu7ev-ffvc1156-2-e,10,0.2235,276,1,35,2,26,pipeline_1,pipeline_1,unroll_2,pipeline_1,unroll_2,unroll_16,unroll_8,unroll_4,unroll_2,1,16,0.754090467718,False
stencil3d_138.c,xczu7ev-ffvc1156-2-e,10,0.2235,278,1,53,3,31,pipeline_1,pipeline_1,unroll_2,pipeline_1,unroll_2,unroll_4,unroll_8,unroll_4,unroll_4,1,22,0.48727470476,False
stencil3d_98.c,xczu7ev-ffvc1156-2-e,10,0.2235,281,1,61,3,36,pipeline_1,pipeline_1,unroll_2,pipeline_1,unroll_4,unroll_2,unroll_8,unroll_31,unroll_4,1,25.25,0.384043984203,False
stencil3d_480.c,xczu7ev-ffvc1156-2-e,10,0.29099,38,1,10,1,6,pipeline_1,pipeline_1,unroll_2,unroll_2,pipeline_1,pipeline_1,pipeline_1,unroll_2,unroll_15,2,4.5,0.74384720051,False
stencil3d_441.c,xczu7ev-ffvc1156-2-e,10,0.53849,28,1,1,1,1,pipeline_1,pipeline_1,unroll_2,unroll_2,pipeline_1,pipeline_1,pipeline_1,unroll_2,unroll_2,1,1,0.250308950483,False
stencil3d_447.c,xczu7ev-ffvc1156-2-e,10,0.53369,77,1,1,1,7,pipeline_1,pipeline_1,unroll_2,unroll_2,pipeline_1,pipeline_1,pipeline_1,unroll_31,unroll_2,1,2.5,0.261878083378,False
stencil3d_338.c,xczu7ev-ffvc1156-2-e,10,0.29474,45,1,10,1,6,pipeline_1,pipeline_1,unroll_2,unroll_2,pipeline_1,pipeline_1,unroll_2,unroll_2,unroll_15,1,4.5,0.731507224777,False
stencil3d_354.c,xczu7ev-ffvc1156-2-e,10,0.54224,30,1,1,1,1,pipeline_1,pipeline_1,unroll_2,unroll_2,pipeline_1,pipeline_1,unroll_2,unroll_2,unroll_2,1,1,0.24160080354,False
stencil3d_413.c,xczu7ev-ffvc1156-2-e,10,0.50624,32,1,1,1,2,pipeline_1,pipeline_1,unroll_2,unroll_2,pipeline_1,pipeline_1,unroll_2,unroll_2,unroll_4,2,1.25,0.328546216827,False
stencil3d_385.c,xczu7ev-ffvc1156-2-e,10,0.32489,49,1,15,1,11,pipeline_1,pipeline_1,unroll_2,unroll_2,pipeline_1,pipeline_1,unroll_2,unroll_4,unroll_15,1,7,0.619040860152,False
stencil3d_342.c,xczu7ev-ffvc1156-2-e,10,0.57494,29,1,1,1,2,pipeline_1,pipeline_1,unroll_2,unroll_2,pipeline_1,pipeline_1,unroll_2,unroll_4,unroll_2,1,1.25,0.177083575406,False
stencil3d_387.c,xczu7ev-ffvc1156-2-e,10,0.51704,104,1,1,1,10,pipeline_1,pipeline_1,unroll_2,unroll_2,pipeline_1,pipeline_1,unroll_4,unroll_31,unroll_4,1,3.25,0.292283042816,False
stencil3d_82.c,xczu7ev-ffvc1156-2-e,10,0.32249,56,1,15,1,11,pipeline_1,pipeline_1,unroll_2,unroll_2,pipeline_1,pipeline_1,unroll_4,unroll_4,unroll_15,1,7,0.62416543634,False
stencil3d_64.c,xczu7ev-ffvc1156-2-e,10,0.31829,84,1,25,2,20,pipeline_1,pipeline_1,unroll_2,unroll_2,pipeline_1,pipeline_1,unroll_4,unroll_8,unroll_15,1,12,0.590096974696,False
stencil3d_512.c,xczu7ev-ffvc1156-2-e,10,0.53849,31,1,1,1,1,pipeline_1,pipeline_1,unroll_2,unroll_2,pipeline_1,unroll_16,pipeline_1,unroll_2,unroll_2,1,1,0.250308950483,False
stencil3d_528.c,xczu7ev-ffvc1156-2-e,10,0.53369,77,1,1,1,7,pipeline_1,pipeline_1,unroll_2,unroll_2,pipeline_1,unroll_16,pipeline_1,unroll_31,unroll_2,1,2.5,0.261878083378,False
stencil3d_646.c,xczu7ev-ffvc1156-2-e,10,0.54224,32,1,1,1,1,pipeline_1,pipeline_1,unroll_2,unroll_2,pipeline_1,unroll_16,unroll_2,unroll_2,unroll_2,1,1,0.24160080354,False
stencil3d_388.c,xczu7ev-ffvc1156-2-e,10,0.53744,73,1,1,1,7,pipeline_1,pipeline_1,unroll_2,unroll_2,pipeline_1,unroll_16,unroll_2,unroll_31,unroll_2,1,2.5,0.253358252727,False
stencil3d_251.c,xczu7ev-ffvc1156-2-e,10,0.34979,34,1,3,1,3,pipeline_1,pipeline_1,unroll_2,unroll_2,pipeline_1,unroll_2,unroll_2,pipeline_1,pipeline_1,1,2,0.589527255537,False
stencil3d_225.c,xczu7ev-ffvc1156-2-e,10,0.29474,42.5,1,10,1,6,pipeline_1,pipeline_1,unroll_2,unroll_2,pipeline_1,unroll_2,unroll_2,unroll_2,unroll_15,2,4.5,0.731507224777,False
stencil3d_265.c,xczu7ev-ffvc1156-2-e,10,0.50624,30,1,1,1,2,pipeline_1,pipeline_1,unroll_2,unroll_2,pipeline_1,unroll_2,unroll_2,unroll_2,unroll_4,1,1.25,0.328546216827,False
stencil3d_519.c,xczu7ev-ffvc1156-2-e,10,0.28994,50,1,10,1,7,pipeline_1,pipeline_1,unroll_2,unroll_2,pipeline_1,unroll_2,unroll_31,unroll_2,unroll_15,1,4.75,0.74666178893,False
stencil3d_541.c,xczu7ev-ffvc1156-2-e,10,0.53504,73,1,1,1,7,pipeline_1,pipeline_1,unroll_2,unroll_2,pipeline_1,unroll_2,unroll_4,unroll_31,unroll_2,1,2.5,0.258800268382,False
stencil3d_329.c,xczu7ev-ffvc1156-2-e,10,0.50264,33,1,1,1,2,pipeline_1,pipeline_1,unroll_2,unroll_2,pipeline_1,unroll_2,unroll_8,unroll_2,unroll_4,1,1.25,0.336677876301,False
stencil3d_359.c,xczu7ev-ffvc1156-2-e,10,0.53714,32,1,1,1,3,pipeline_1,pipeline_1,unroll_2,unroll_2,pipeline_1,unroll_2,unroll_8,unroll_4,unroll_4,1,1.5,0.254740410877,False
stencil3d_26.c,xczu7ev-ffvc1156-2-e,10,0.54074,34,1,1,1,3,pipeline_1,pipeline_1,unroll_2,unroll_2,unroll_2,pipeline_1,unroll_2,unroll_4,unroll_4,1,1.5,0.246291850523,False
stencil3d_131.c,xczu7ev-ffvc1156-2-e,10,0.53834,32,1,1,1,3,pipeline_1,pipeline_1,unroll_2,unroll_2,unroll_2,pipeline_1,unroll_4,unroll_4,unroll_4,1,1.5,0.2518998032,False
stencil3d_121.c,xczu7ev-ffvc1156-2-e,10,0.54674,41,1,1,1,4,pipeline_1,pipeline_1,unroll_2,unroll_2,unroll_2,pipeline_1,unroll_4,unroll_8,unroll_4,2,1.75,0.233018560536,False
stencil3d_277.c,xczu7ev-ffvc1156-2-e,10,0.34979,31,1,3,1,3,pipeline_1,pipeline_1,unroll_2,unroll_2,unroll_8,unroll_2,unroll_2,pipeline_1,unroll_4,1,2,0.589527255537,False
stencil3d_119.c,xczu7ev-ffvc1156-2-e,10,0.50624,30,1,1,1,2,pipeline_1,pipeline_1,unroll_2,unroll_2,unroll_8,unroll_2,unroll_2,unroll_2,unroll_4,1,1.25,0.328546216827,False
stencil3d_117.c,xczu7ev-ffvc1156-2-e,10,0.58543,1428,1,1,9,37,pipeline_1,pipeline_1,unroll_2,unroll_31,pipeline_1,unroll_2,pipeline_1,unroll_8,unroll_4,1,12,0.130724653331,False
stencil3d_595.c,xczu7ev-ffvc1156-2-e,10,0.57191,36,1,1,1,3,pipeline_1,pipeline_1,unroll_2,unroll_4,pipeline_1,unroll_16,unroll_31,unroll_2,unroll_2,1,1.5,0.182751527342,False
stencil3d_370.c,xczu7ev-ffvc1156-2-e,10,0.60788,33,1,1,1,3,pipeline_1,pipeline_1,unroll_2,unroll_4,pipeline_1,unroll_2,pipeline_1,unroll_4,unroll_2,1,1.5,0.131571746775,False
stencil3d_704.c,xczu7ev-ffvc1156-2-e,10,0.28105,55,1,11,1,10,pipeline_1,pipeline_1,unroll_2,unroll_8,pipeline_1,pipeline_1,pipeline_1,pipeline_1,unroll_15,1,5.75,0.783645052652,False
stencil3d_244.c,xczu7ev-ffvc1156-2-e,10,0.57671,33,1,1,1,3,pipeline_1,pipeline_1,unroll_2,unroll_8,pipeline_1,pipeline_1,unroll_2,unroll_2,unroll_2,1,1.5,0.174537126849,False
stencil3d_302.c,xczu7ev-ffvc1156-2-e,10,0.57333,307,1,1,3,17,pipeline_1,pipeline_1,unroll_2,unroll_8,pipeline_1,pipeline_1,unroll_2,unroll_31,unroll_2,1,5.5,0.175240692757,False
stencil3d_162.c,xczu7ev-ffvc1156-2-e,10,0.2812,54,1,13,1,11,pipeline_1,pipeline_1,unroll_2,unroll_8,pipeline_1,unroll_2,unroll_8,pipeline_1,pipeline_1,1,6.5,0.784947666477,False
stencil3d_207.c,xczu7ev-ffvc1156-2-e,10,0.55985,49,1,11,1,9,pipeline_1,pipeline_1,unroll_2,unroll_8,pipeline_1,unroll_2,unroll_8,unroll_4,pipeline_1,1,5.5,0.197059172646,False
stencil3d_25.c,xczu7ev-ffvc1156-2-e,10,0.5832,113,1,1,2,12,pipeline_1,pipeline_1,unroll_2,unroll_8,unroll_4,pipeline_1,pipeline_1,unroll_8,unroll_4,1,4,0.163930339163,False
stencil3d_263.c,xczu7ev-ffvc1156-2-e,10,0.2812,50,1,12,1,11,pipeline_1,pipeline_1,unroll_2,unroll_8,unroll_4,unroll_16,unroll_8,pipeline_1,unroll_2,2,6.25,0.781143644236,False
stencil3d_600.c,xczu7ev-ffvc1156-2-e,10,0.51058,44,1,1,1,3,pipeline_1,pipeline_1,unroll_31,unroll_2,pipeline_1,unroll_2,unroll_2,unroll_2,unroll_4,1,1.5,0.320544675782,False
stencil3d_714.c,xczu7ev-ffvc1156-2-e,10,0.2227,263,1,21,1,20,pipeline_1,pipeline_1,unroll_4,pipeline_1,pipeline_1,unroll_16,pipeline_1,unroll_2,unroll_15,1,10.75,0.996936450083,False
stencil3d_195.c,xczu7ev-ffvc1156-2-e,10,0.22797,312,1,40,2,28,pipeline_1,pipeline_1,unroll_4,pipeline_1,pipeline_1,unroll_8,unroll_2,unroll_31,unroll_15,1,17.75,0.667887561479,False
stencil3d_170.c,xczu7ev-ffvc1156-2-e,10,0.22222,290,1,22,2,24,pipeline_1,pipeline_1,unroll_4,pipeline_1,pipeline_1,unroll_8,unroll_31,pipeline_1,unroll_15,1,12.25,0.95611392979,False
stencil3d_271.c,xczu7ev-ffvc1156-2-e,10,0.22222,303,1,44,3,32,pipeline_1,pipeline_1,unroll_4,pipeline_1,pipeline_1,unroll_8,unroll_31,pipeline_1,unroll_2,1,20,0.568541627139,False
stencil3d_38.c,xczu7ev-ffvc1156-2-e,10,0.22222,339,1,40,2,30,pipeline_1,pipeline_1,unroll_4,pipeline_1,pipeline_1,unroll_8,unroll_31,unroll_31,unroll_15,1,18.25,0.645960571201,False
stencil3d_331.c,xczu7ev-ffvc1156-2-e,10,0.2227,258,1,21,1,20,pipeline_1,pipeline_1,unroll_4,pipeline_1,unroll_2,unroll_16,pipeline_1,unroll_2,unroll_15,2,10.75,0.996936450083,False
stencil3d_679.c,xczu7ev-ffvc1156-2-e,10,0.2227,273,1,43,2,29,pipeline_1,pipeline_1,unroll_4,pipeline_1,unroll_2,unroll_16,pipeline_1,unroll_2,unroll_2,1,18.75,0.623228213822,False
stencil3d_173.c,xczu7ev-ffvc1156-2-e,10,0.22222,353,1,40,2,30,pipeline_1,pipeline_1,unroll_4,pipeline_1,unroll_2,unroll_8,unroll_31,unroll_31,unroll_15,1,18.25,0.645960571201,False
stencil3d_151.c,xczu7ev-ffvc1156-2-e,10,0.22222,354,1,40,2,30,pipeline_1,pipeline_1,unroll_4,pipeline_1,unroll_4,unroll_8,unroll_31,unroll_31,unroll_15,1,18.25,0.645960571201,False
stencil3d_586.c,xczu7ev-ffvc1156-2-e,10,0.34539,35,1,2,1,3,pipeline_1,pipeline_1,unroll_4,unroll_2,pipeline_1,pipeline_1,pipeline_1,pipeline_1,unroll_15,1,1.75,0.605185386898,False
stencil3d_324.c,xczu7ev-ffvc1156-2-e,10,0.53304,70,1,1,1,7,pipeline_1,pipeline_1,unroll_4,unroll_2,pipeline_1,pipeline_1,pipeline_1,unroll_31,unroll_2,2,2.5,0.26336324058,False
stencil3d_444.c,xczu7ev-ffvc1156-2-e,10,0.53831,70,1,1,1,7,pipeline_1,pipeline_1,unroll_4,unroll_2,pipeline_1,pipeline_1,unroll_2,unroll_31,unroll_2,1,2.5,0.251396974037,False
stencil3d_533.c,xczu7ev-ffvc1156-2-e,10,0.53736,37,1,1,1,4,pipeline_1,pipeline_1,unroll_4,unroll_2,pipeline_1,pipeline_1,unroll_31,unroll_2,unroll_2,1,1.75,0.254422037037,False
stencil3d_634.c,xczu7ev-ffvc1156-2-e,10,0.34539,38,1,2,1,3,pipeline_1,pipeline_1,unroll_4,unroll_2,pipeline_1,unroll_16,pipeline_1,pipeline_1,unroll_15,1,1.75,0.605185386898,False
stencil3d_460.c,xczu7ev-ffvc1156-2-e,10,0.53304,69,1,1,1,7,pipeline_1,pipeline_1,unroll_4,unroll_2,pipeline_1,unroll_16,pipeline_1,unroll_31,unroll_2,1,2.5,0.26336324058,False
stencil3d_635.c,xczu7ev-ffvc1156-2-e,10,0.29561,46,1,10,1,6,pipeline_1,pipeline_1,unroll_4,unroll_2,pipeline_1,unroll_16,unroll_2,unroll_2,unroll_15,1,4.5,0.731115458794,False
stencil3d_336.c,xczu7ev-ffvc1156-2-e,10,0.29034,42,1,11,1,6,pipeline_1,pipeline_1,unroll_4,unroll_2,pipeline_1,unroll_2,pipeline_1,unroll_2,unroll_15,1,4.75,0.745782354771,False
stencil3d_355.c,xczu7ev-ffvc1156-2-e,10,0.35066,33,1,2,1,3,pipeline_1,pipeline_1,unroll_4,unroll_2,pipeline_1,unroll_4,unroll_2,pipeline_1,unroll_15,1,1.75,0.584297615142,False
stencil3d_639.c,xczu7ev-ffvc1156-2-e,10,0.34539,36,1,2,1,3,pipeline_1,pipeline_1,unroll_4,unroll_2,unroll_2,unroll_16,pipeline_1,pipeline_1,unroll_15,1,1.75,0.605185386898,False
stencil3d_360.c,xczu7ev-ffvc1156-2-e,10,0.29561,47,1,10,1,6,pipeline_1,pipeline_1,unroll_4,unroll_2,unroll_2,unroll_16,unroll_2,unroll_2,unroll_15,1,4.5,0.731115458794,False
stencil3d_393.c,xczu7ev-ffvc1156-2-e,10,0.54311,31,1,1,1,1,pipeline_1,pipeline_1,unroll_4,unroll_2,unroll_2,unroll_16,unroll_2,unroll_2,unroll_2,1,1,0.239617049807,False
stencil3d_699.c,xczu7ev-ffvc1156-2-e,10,0.29034,40,1,11,1,6,pipeline_1,pipeline_1,unroll_4,unroll_2,unroll_2,unroll_2,pipeline_1,unroll_2,unroll_15,1,4.75,0.745782354771,False
stencil3d_562.c,xczu7ev-ffvc1156-2-e,10,0.34539,36,1,2,1,3,pipeline_1,pipeline_1,unroll_4,unroll_2,unroll_8,unroll_16,pipeline_1,pipeline_1,unroll_15,1,1.75,0.605185386898,False
stencil3d_156.c,xczu7ev-ffvc1156-2-e,10,0.35605,2119,1,2,5,49,pipeline_1,pipeline_1,unroll_4,unroll_31,pipeline_1,unroll_2,unroll_2,unroll_4,unroll_15,1,14.25,0.425154154812,False
stencil3d_230.c,xczu7ev-ffvc1156-2-e,10,0.56777,123,1,1,2,11,pipeline_1,pipeline_1,unroll_4,unroll_4,pipeline_1,unroll_2,pipeline_1,unroll_31,unroll_2,1,3.75,0.189516970209,False
stencil3d_158.c,xczu7ev-ffvc1156-2-e,10,0.53391,33,1,1,1,3,pipeline_1,pipeline_1,unroll_4,unroll_4,unroll_8,unroll_2,pipeline_1,unroll_2,unroll_4,1,1.5,0.262505141743,False
stencil3d_6.c,xczu7ev-ffvc1156-2-e,10,0.54757,46,1,1,1,5,pipeline_1,pipeline_1,unroll_8,unroll_2,pipeline_1,pipeline_1,unroll_4,unroll_8,unroll_4,1,2,0.231321104728,False
stencil3d_344.c,xczu7ev-ffvc1156-2-e,10,0.22229,249,1,22,1,22,pipeline_1,unroll_2,pipeline_1,pipeline_1,pipeline_1,unroll_16,unroll_2,pipeline_1,unroll_15,1,11.5,0.956310737776,False
stencil3d_103.c,xczu7ev-ffvc1156-2-e,10,0.22229,283,1,22,1,22,pipeline_1,unroll_2,pipeline_1,pipeline_1,pipeline_1,unroll_16,unroll_31,pipeline_1,unroll_15,2,11.5,0.956310737776,False
stencil3d_510.c,xczu7ev-ffvc1156-2-e,10,0.22229,248,1,21,1,21,pipeline_1,unroll_2,pipeline_1,pipeline_1,pipeline_1,unroll_16,unroll_31,unroll_2,unroll_15,1,11,0.985303566816,False
stencil3d_175.c,xczu7ev-ffvc1156-2-e,10,0.22229,321,1,40,2,28,pipeline_1,unroll_2,pipeline_1,pipeline_1,pipeline_1,unroll_16,unroll_31,unroll_31,unroll_15,2,17.75,0.66916650728,False
stencil3d_231.c,xczu7ev-ffvc1156-2-e,10,0.22979,282,1,22,1,21,pipeline_1,unroll_2,pipeline_1,pipeline_1,pipeline_1,unroll_2,unroll_2,unroll_2,unroll_15,1,11.25,0.947108259772,False
stencil3d_306.c,xczu7ev-ffvc1156-2-e,10,0.22859,285,1,22,1,21,pipeline_1,unroll_2,pipeline_1,pipeline_1,pipeline_1,unroll_4,unroll_2,unroll_2,unroll_15,1,11.25,0.952701407795,False
stencil3d_368.c,xczu7ev-ffvc1156-2-e,10,0.35082,39,1,2,1,3,pipeline_1,unroll_2,pipeline_1,unroll_2,pipeline_1,pipeline_1,pipeline_1,pipeline_1,unroll_15,1,1.75,0.583668324599,False
stencil3d_403.c,xczu7ev-ffvc1156-2-e,10,0.29577,45.5,1,10,1,6,pipeline_1,unroll_2,pipeline_1,unroll_2,pipeline_1,pipeline_1,pipeline_1,unroll_2,unroll_15,2,4.5,0.73099336723,False
stencil3d_383.c,xczu7ev-ffvc1156-2-e,10,0.35082,37,1,2,1,3,pipeline_1,unroll_2,pipeline_1,unroll_2,pipeline_1,pipeline_1,unroll_2,pipeline_1,unroll_15,1,1.75,0.583668324599,False
stencil3d_345.c,xczu7ev-ffvc1156-2-e,10,0.29577,45,1,10,1,6,pipeline_1,unroll_2,pipeline_1,unroll_2,pipeline_1,pipeline_1,unroll_2,unroll_2,unroll_15,3,4.5,0.73099336723,False
stencil3d_446.c,xczu7ev-ffvc1156-2-e,10,0.50727,31,1,1,1,2,pipeline_1,unroll_2,pipeline_1,unroll_2,pipeline_1,pipeline_1,unroll_4,unroll_2,unroll_4,1,1.25,0.327948784907,False
stencil3d_530.c,xczu7ev-ffvc1156-2-e,10,0.52047,110,1,1,1,10,pipeline_1,unroll_2,pipeline_1,unroll_2,pipeline_1,pipeline_1,unroll_4,unroll_31,unroll_4,1,3.25,0.285865250118,False
stencil3d_601.c,xczu7ev-ffvc1156-2-e,10,0.34497,42,1,2,1,4,pipeline_1,unroll_2,pipeline_1,unroll_2,pipeline_1,unroll_16,pipeline_1,pipeline_1,unroll_15,1,2,0.604812048135,False
stencil3d_374.c,xczu7ev-ffvc1156-2-e,10,0.28992,47,1,10,1,7,pipeline_1,unroll_2,pipeline_1,unroll_2,pipeline_1,unroll_16,unroll_2,unroll_2,unroll_15,1,4.75,0.74670160145,False
stencil3d_321.c,xczu7ev-ffvc1156-2-e,10,0.53742,34,1,1,1,2,pipeline_1,unroll_2,pipeline_1,unroll_2,pipeline_1,unroll_16,unroll_2,unroll_2,unroll_2,1,1.25,0.253597685772,False
stencil3d_221.c,xczu7ev-ffvc1156-2-e,10,0.53262,75,1,1,1,8,pipeline_1,unroll_2,pipeline_1,unroll_2,pipeline_1,unroll_16,unroll_2,unroll_31,unroll_2,1,2.75,0.263365864218,False
stencil3d_255.c,xczu7ev-ffvc1156-2-e,10,0.57012,35,1,1,1,3,pipeline_1,unroll_2,pipeline_1,unroll_2,pipeline_1,unroll_16,unroll_2,unroll_4,unroll_2,1,1.5,0.185923246736,False
stencil3d_539.c,xczu7ev-ffvc1156-2-e,10,0.50142,38,1,1,1,3,pipeline_1,unroll_2,pipeline_1,unroll_2,pipeline_1,unroll_16,unroll_31,unroll_2,unroll_4,1,1.5,0.337856187687,False
stencil3d_292.c,xczu7ev-ffvc1156-2-e,10,0.32007,61,1,15,1,12,pipeline_1,unroll_2,pipeline_1,unroll_2,pipeline_1,unroll_16,unroll_31,unroll_4,unroll_15,1,7.25,0.630417237378,False
stencil3d_316.c,xczu7ev-ffvc1156-2-e,10,0.35082,37,1,2,1,3,pipeline_1,unroll_2,pipeline_1,unroll_2,unroll_8,pipeline_1,unroll_2,pipeline_1,unroll_15,1,1.75,0.583668324599,False
stencil3d_394.c,xczu7ev-ffvc1156-2-e,10,0.50892,34,1,1,1,2,pipeline_1,unroll_2,pipeline_1,unroll_2,unroll_8,unroll_2,unroll_2,unroll_2,unroll_4,1,1.25,0.325966339853,False
stencil3d_48.c,xczu7ev-ffvc1156-2-e,10,0.35066,155,1,52,5,35,pipeline_1,unroll_2,pipeline_1,unroll_31,pipeline_1,unroll_8,unroll_31,pipeline_1,unroll_4,1,23.25,0.265872300168,False
stencil3d_349.c,xczu7ev-ffvc1156-2-e,10,0.56851,299,1,1,4,18,pipeline_1,unroll_2,pipeline_1,unroll_8,pipeline_1,unroll_16,unroll_2,unroll_31,unroll_2,1,6,0.180697560087,False
stencil3d_323.c,xczu7ev-ffvc1156-2-e,10,0.27998,59,1,11,1,11,pipeline_1,unroll_2,pipeline_1,unroll_8,pipeline_1,unroll_16,unroll_31,pipeline_1,unroll_15,1,6,0.786478704549,False
stencil3d_9.c,xczu7ev-ffvc1156-2-e,10,0.28748,57,1,13,1,11,pipeline_1,unroll_2,pipeline_1,unroll_8,pipeline_1,unroll_2,pipeline_1,pipeline_1,pipeline_1,1,6.5,0.761663298186,False
stencil3d_123.c,xczu7ev-ffvc1156-2-e,10,0.28748,53.5,1,11,1,10,pipeline_1,unroll_2,pipeline_1,unroll_8,pipeline_1,unroll_2,unroll_2,pipeline_1,unroll_15,2,5.75,0.754575303777,False
stencil3d_218.c,xczu7ev-ffvc1156-2-e,10,0.31833,174,1,34,3,29,pipeline_1,unroll_2,pipeline_1,unroll_8,pipeline_1,unroll_2,unroll_2,unroll_4,unroll_15,1,16.75,0.471708520421,False
stencil3d_222.c,xczu7ev-ffvc1156-2-e,10,0.22827,353,1,40,2,29,pipeline_1,unroll_2,unroll_2,pipeline_1,pipeline_1,pipeline_1,unroll_31,unroll_31,unroll_15,1,18,0.656158406769,False
stencil3d_16.c,xczu7ev-ffvc1156-2-e,10,0.22947,300,1,34,2,27,pipeline_1,unroll_2,unroll_2,pipeline_1,pipeline_1,pipeline_1,unroll_8,unroll_31,unroll_2,1,16,0.75115193251,False
stencil3d_172.c,xczu7ev-ffvc1156-2-e,10,0.23472,281,1,22,1,20,pipeline_1,unroll_2,unroll_2,pipeline_1,pipeline_1,unroll_2,unroll_2,unroll_2,unroll_15,1,11,0.926182035849,False
stencil3d_259.c,xczu7ev-ffvc1156-2-e,10,0.23352,270,1,22,1,20,pipeline_1,unroll_2,unroll_2,pipeline_1,pipeline_1,unroll_4,unroll_2,unroll_2,unroll_15,1,11,0.932830474423,False
stencil3d_67.c,xczu7ev-ffvc1156-2-e,10,0.23292,276,1,68,3,38,pipeline_1,unroll_2,unroll_2,pipeline_1,pipeline_1,unroll_8,unroll_2,unroll_31,pipeline_1,1,27.5,0.382489971025,False
stencil3d_437.c,xczu7ev-ffvc1156-2-e,10,0.29696,42,1,10,1,5,pipeline_1,unroll_2,unroll_2,unroll_2,pipeline_1,pipeline_1,pipeline_1,unroll_2,unroll_15,1,4.25,1,True
stencil3d_523.c,xczu7ev-ffvc1156-2-e,10,0.50846,30,1,1,1,1,pipeline_1,unroll_2,unroll_2,unroll_2,pipeline_1,pipeline_1,pipeline_1,unroll_2,unroll_4,3,1,1,True
stencil3d_198.c,xczu7ev-ffvc1156-2-e,10,0.35576,32,1,3,1,3,pipeline_1,unroll_2,unroll_2,unroll_2,pipeline_1,pipeline_1,unroll_2,pipeline_1,pipeline_1,1,2,0.566719563784,False
stencil3d_188.c,xczu7ev-ffvc1156-2-e,10,0.35576,34,1,2,1,3,pipeline_1,unroll_2,unroll_2,unroll_2,pipeline_1,pipeline_1,unroll_2,pipeline_1,unroll_15,2,1.75,0.564385804854,False
stencil3d_199.c,xczu7ev-ffvc1156-2-e,10,0.35576,33.5,1,3,1,3,pipeline_1,unroll_2,unroll_2,unroll_2,pipeline_1,pipeline_1,unroll_2,pipeline_1,unroll_2,2,2,0.566719563784,False
stencil3d_104.c,xczu7ev-ffvc1156-2-e,10,0.30071,39,1,10,1,5,pipeline_1,unroll_2,unroll_2,unroll_2,pipeline_1,pipeline_1,unroll_2,unroll_2,unroll_15,1,4.25,0.715359168999,False
stencil3d_276.c,xczu7ev-ffvc1156-2-e,10,0.54821,31,1,1,1,1,pipeline_1,unroll_2,unroll_2,unroll_2,pipeline_1,pipeline_1,unroll_2,unroll_2,unroll_2,1,1,0.228265388357,False
stencil3d_247.c,xczu7ev-ffvc1156-2-e,10,0.54341,73,1,1,1,7,pipeline_1,unroll_2,unroll_2,unroll_2,pipeline_1,pipeline_1,unroll_2,unroll_31,unroll_2,2,2.5,0.240054054854,False
stencil3d_185.c,xczu7ev-ffvc1156-2-e,10,0.53561,32,1,2,1,2,pipeline_1,unroll_2,unroll_2,unroll_2,pipeline_1,pipeline_1,unroll_2,unroll_4,pipeline_1,1,1.5,0.258397072155,False
stencil3d_125.c,xczu7ev-ffvc1156-2-e,10,0.58091,31,1,1,1,2,pipeline_1,unroll_2,unroll_2,unroll_2,pipeline_1,pipeline_1,unroll_2,unroll_4,unroll_2,2,1.25,0.167291693852,False
stencil3d_294.c,xczu7ev-ffvc1156-2-e,10,0.29831,40,1,10,1,6,pipeline_1,unroll_2,unroll_2,unroll_2,pipeline_1,pipeline_1,unroll_4,unroll_2,unroll_15,1,4.5,0.72601152443,False
stencil3d_298.c,xczu7ev-ffvc1156-2-e,10,0.35216,33.5,1,2,1,3,pipeline_1,unroll_2,unroll_2,unroll_2,pipeline_1,pipeline_1,unroll_8,pipeline_1,unroll_15,2,1.75,0.578409582543,False
stencil3d_691.c,xczu7ev-ffvc1156-2-e,10,0.29111,45,1,10,1,6,pipeline_1,unroll_2,unroll_2,unroll_2,pipeline_1,unroll_16,pipeline_1,unroll_2,unroll_15,1,4.5,0.743326489646,False
stencil3d_707.c,xczu7ev-ffvc1156-2-e,10,0.50261,35,1,1,1,2,pipeline_1,unroll_2,unroll_2,unroll_2,pipeline_1,unroll_16,pipeline_1,unroll_2,unroll_4,1,1.25,0.336766199458,False
stencil3d_143.c,xczu7ev-ffvc1156-2-e,10,0.30236,43.5,1,10,1,5,pipeline_1,unroll_2,unroll_2,unroll_2,pipeline_1,unroll_2,unroll_2,unroll_2,unroll_15,2,4.25,0.708245798029,False
stencil3d_455.c,xczu7ev-ffvc1156-2-e,10,0.51386,31,1,1,1,1,pipeline_1,unroll_2,unroll_2,unroll_2,pipeline_1,unroll_2,unroll_2,unroll_2,unroll_4,2,1,0.313821596414,False
stencil3d_353.c,xczu7ev-ffvc1156-2-e,10,0.51146,30,1,1,1,1,pipeline_1,unroll_2,unroll_2,unroll_2,pipeline_1,unroll_2,unroll_4,unroll_2,unroll_4,1,1,0.320592819054,False
stencil3d_200.c,xczu7ev-ffvc1156-2-e,10,0.30116,43,1,10,1,5,pipeline_1,unroll_2,unroll_2,unroll_2,pipeline_1,unroll_4,unroll_2,unroll_2,unroll_15,1,4.25,0.713417637589,False
stencil3d_367.c,xczu7ev-ffvc1156-2-e,10,0.54866,29,1,1,1,1,pipeline_1,unroll_2,unroll_2,unroll_2,pipeline_1,unroll_4,unroll_2,unroll_2,unroll_2,1,1,0.227286537617,False
stencil3d_328.c,xczu7ev-ffvc1156-2-e,10,0.29486,49,1,10,1,6,pipeline_1,unroll_2,unroll_2,unroll_2,unroll_8,unroll_16,unroll_2,unroll_2,unroll_15,1,4.5,0.731476335243,False
stencil3d_318.c,xczu7ev-ffvc1156-2-e,10,0.35741,35,1,3,1,3,pipeline_1,unroll_2,unroll_2,unroll_2,unroll_8,unroll_2,unroll_2,pipeline_1,unroll_4,1,2,0.560379840589,False
stencil3d_603.c,xczu7ev-ffvc1156-2-e,10,0.54053,42,1,1,1,4,pipeline_1,unroll_2,unroll_2,unroll_8,pipeline_1,pipeline_1,pipeline_1,unroll_2,unroll_4,1,1.75,0.247029940624,False
stencil3d_304.c,xczu7ev-ffvc1156-2-e,10,0.29077,47,1,11,1,9,pipeline_1,unroll_2,unroll_2,unroll_8,pipeline_1,pipeline_1,unroll_2,pipeline_1,unroll_15,1,5.5,0.738162444614,False
stencil3d_145.c,xczu7ev-ffvc1156-2-e,10,0.29077,50,1,12,1,10,pipeline_1,unroll_2,unroll_2,unroll_8,pipeline_1,pipeline_1,unroll_2,pipeline_1,unroll_2,1,6,0.742661139658,False
stencil3d_202.c,xczu7ev-ffvc1156-2-e,10,0.58268,35,1,1,1,2,pipeline_1,unroll_2,unroll_2,unroll_8,pipeline_1,pipeline_1,unroll_2,unroll_2,unroll_2,1,1.25,0.164515296802,False
stencil3d_240.c,xczu7ev-ffvc1156-2-e,10,0.28717,55,1,11,1,10,pipeline_1,unroll_2,unroll_2,unroll_8,pipeline_1,pipeline_1,unroll_8,pipeline_1,unroll_15,1,5.75,0.755973777782,False
stencil3d_290.c,xczu7ev-ffvc1156-2-e,10,0.31508,70,1,12,1,14,pipeline_1,unroll_2,unroll_2,unroll_8,pipeline_1,pipeline_1,unroll_8,unroll_2,unroll_15,1,7,0.650318066053,False
stencil3d_279.c,xczu7ev-ffvc1156-2-e,10,0.28492,50,1,11,1,10,pipeline_1,unroll_2,unroll_2,unroll_8,pipeline_1,unroll_16,unroll_2,pipeline_1,unroll_15,1,5.75,0.766134954311,False
stencil3d_348.c,xczu7ev-ffvc1156-2-e,10,0.31577,152,1,23,3,25,pipeline_1,unroll_2,unroll_2,unroll_8,pipeline_1,unroll_16,unroll_2,unroll_4,unroll_15,1,13,0.576701856179,False
stencil3d_187.c,xczu7ev-ffvc1156-2-e,10,0.29077,51,1,13,1,11,pipeline_1,unroll_2,unroll_2,unroll_8,unroll_2,pipeline_1,unroll_2,pipeline_1,unroll_4,1,6.5,0.747418038052,False
stencil3d_45.c,xczu7ev-ffvc1156-2-e,10,0.58204,56,1,1,1,8,pipeline_1,unroll_2,unroll_2,unroll_8,unroll_2,pipeline_1,unroll_2,unroll_4,unroll_4,1,2.75,0.166738063428,False
stencil3d_229.c,xczu7ev-ffvc1156-2-e,10,0.29556,81,1,13,2,17,pipeline_1,unroll_2,unroll_31,unroll_8,pipeline_1,pipeline_1,unroll_8,pipeline_1,pipeline_1,1,8.25,0.735233788842,False
stencil3d_227.c,xczu7ev-ffvc1156-2-e,10,0.22234,274,1,22,2,24,pipeline_1,unroll_2,unroll_4,pipeline_1,pipeline_1,unroll_16,unroll_31,pipeline_1,unroll_15,1,12.25,0.955766610663,False
stencil3d_330.c,xczu7ev-ffvc1156-2-e,10,0.23439,256,1,22,1,20,pipeline_1,unroll_2,unroll_4,pipeline_1,pipeline_1,unroll_4,unroll_2,unroll_2,unroll_15,1,11,0.928010443125,False
stencil3d_250.c,xczu7ev-ffvc1156-2-e,10,0.54428,72,1,1,1,7,pipeline_1,unroll_2,unroll_4,unroll_2,pipeline_1,pipeline_1,unroll_2,unroll_31,unroll_2,1,2.5,0.238148916801,False
stencil3d_253.c,xczu7ev-ffvc1156-2-e,10,0.31955,72,1,13,1,14,pipeline_1,unroll_2,unroll_4,unroll_8,pipeline_1,pipeline_1,unroll_2,unroll_2,unroll_15,1,7.25,0.632239756352,False
stencil3d_71.c,xczu7ev-ffvc1156-2-e,10,0.56454,55,1,11,2,11,pipeline_1,unroll_2,unroll_4,unroll_8,unroll_4,pipeline_1,unroll_31,unroll_4,pipeline_1,1,6.25,0.185706724214,False
stencil3d_17.c,xczu7ev-ffvc1156-2-e,10,0.22784,255,1,22,1,22,pipeline_1,unroll_2,unroll_8,pipeline_1,unroll_8,unroll_4,pipeline_1,pipeline_1,unroll_15,3,11.5,0.945445739136,False
stencil3d_101.c,xczu7ev-ffvc1156-2-e,10,0.23091,264,1,22,2,23,pipeline_1,unroll_2,unroll_8,pipeline_1,unroll_8,unroll_4,unroll_8,pipeline_1,unroll_15,1,12,0.929620621522,False
stencil3d_147.c,xczu7ev-ffvc1156-2-e,10,0.56623,80,1,20,2,14,pipeline_1,unroll_2,unroll_8,unroll_2,pipeline_1,unroll_2,pipeline_1,unroll_31,pipeline_1,1,9.25,0.166081678687,False
stencil3d_129.c,xczu7ev-ffvc1156-2-e,10,0.28509,55,1,13,1,11,pipeline_1,unroll_2,unroll_8,unroll_8,pipeline_1,pipeline_1,pipeline_1,pipeline_1,pipeline_1,1,6.5,0.771488715336,False
stencil3d_83.c,xczu7ev-ffvc1156-2-e,10,0.28674,60,1,13,1,11,pipeline_1,unroll_2,unroll_8,unroll_8,pipeline_1,unroll_2,pipeline_1,pipeline_1,pipeline_1,1,6.5,0.764772870622,False
stencil3d_389.c,xczu7ev-ffvc1156-2-e,10,0.22334,301.5,1,20,1,23,pipeline_1,unroll_31,pipeline_1,pipeline_1,pipeline_1,pipeline_1,pipeline_1,pipeline_1,unroll_15,2,11.25,0.96998621341,False
stencil3d_725.c,xczu7ev-ffvc1156-2-e,10,0.22334,259,1,22,2,22,pipeline_1,unroll_31,pipeline_1,pipeline_1,pipeline_1,pipeline_1,pipeline_1,unroll_2,unroll_15,1,11.75,0.955721070905,False
stencil3d_425.c,xczu7ev-ffvc1156-2-e,10,0.22334,261,1,22,2,23,pipeline_1,unroll_31,pipeline_1,pipeline_1,pipeline_1,pipeline_1,unroll_2,pipeline_1,unroll_15,1,12,0.955388326865,False
stencil3d_545.c,xczu7ev-ffvc1156-2-e,10,0.22215,292,1,21,1,26,pipeline_1,unroll_31,pipeline_1,pipeline_1,pipeline_1,unroll_16,pipeline_1,unroll_2,unroll_15,1,12.25,1,True
stencil3d_650.c,xczu7ev-ffvc1156-2-e,10,0.22215,319,1,34,2,32,pipeline_1,unroll_31,pipeline_1,pipeline_1,pipeline_1,unroll_16,pipeline_1,unroll_31,unroll_2,1,17.25,0.692856540561,False
stencil3d_470.c,xczu7ev-ffvc1156-2-e,10,0.22215,308,1,20,1,27,pipeline_1,unroll_31,pipeline_1,pipeline_1,pipeline_1,unroll_16,unroll_2,pipeline_1,unroll_15,2,12.25,1,True
stencil3d_509.c,xczu7ev-ffvc1156-2-e,10,0.22215,294,1,21,1,26,pipeline_1,unroll_31,pipeline_1,pipeline_1,pipeline_1,unroll_16,unroll_2,unroll_2,unroll_15,3,12.25,1,True
stencil3d_720.c,xczu7ev-ffvc1156-2-e,10,0.22215,310,1,61,3,40,pipeline_1,unroll_31,pipeline_1,pipeline_1,pipeline_1,unroll_16,unroll_2,unroll_2,unroll_4,1,26.25,0.384072027584,False
stencil3d_614.c,xczu7ev-ffvc1156-2-e,10,0.22215,336,1,34,2,32,pipeline_1,unroll_31,pipeline_1,pipeline_1,pipeline_1,unroll_16,unroll_2,unroll_31,unroll_2,1,17.25,0.692856540561,False
stencil3d_351.c,xczu7ev-ffvc1156-2-e,10,0.22215,292.5,1,21,1,27,pipeline_1,unroll_31,pipeline_1,pipeline_1,pipeline_1,unroll_16,unroll_31,pipeline_1,unroll_15,4,12.5,0.941995257898,False
stencil3d_431.c,xczu7ev-ffvc1156-2-e,10,0.22215,327,1,21,1,26,pipeline_1,unroll_31,pipeline_1,pipeline_1,pipeline_1,unroll_16,unroll_31,unroll_2,unroll_15,1,12.25,1,True
stencil3d_264.c,xczu7ev-ffvc1156-2-e,10,0.22215,311,1,46,2,35,pipeline_1,unroll_31,pipeline_1,pipeline_1,pipeline_1,unroll_16,unroll_31,unroll_4,pipeline_1,2,21,0.526958741059,False
stencil3d_192.c,xczu7ev-ffvc1156-2-e,10,0.22215,302,1,22,1,27,pipeline_1,unroll_31,pipeline_1,pipeline_1,pipeline_1,unroll_16,unroll_31,unroll_4,unroll_15,1,12.75,0.927795970006,False
stencil3d_613.c,xczu7ev-ffvc1156-2-e,10,0.22723,264,1,21,2,22,pipeline_1,unroll_31,pipeline_1,pipeline_1,pipeline_1,unroll_2,unroll_31,unroll_2,unroll_15,1,11.5,0.947471813155,False
stencil3d_337.c,xczu7ev-ffvc1156-2-e,10,0.22723,315,1,22,2,25,pipeline_1,unroll_31,pipeline_1,pipeline_1,pipeline_1,unroll_4,unroll_31,unroll_4,unroll_15,1,12.5,0.930979485831,False
stencil3d_309.c,xczu7ev-ffvc1156-2-e,10,0.22723,334,1,46,3,35,pipeline_1,unroll_31,pipeline_1,pipeline_1,pipeline_1,unroll_8,unroll_31,unroll_4,pipeline_1,1,21.25,0.516334132796,False
stencil3d_507.c,xczu7ev-ffvc1156-2-e,10,0.22215,333,1,20,1,27,pipeline_1,unroll_31,pipeline_1,pipeline_1,unroll_8,unroll_16,unroll_31,pipeline_1,unroll_15,1,12.25,1,True
stencil3d_300.c,xczu7ev-ffvc1156-2-e,10,0.22215,334,1,22,1,27,pipeline_1,unroll_31,pipeline_1,pipeline_1,unroll_8,unroll_16,unroll_31,unroll_4,unroll_15,1,12.75,0.927795970006,False
stencil3d_399.c,xczu7ev-ffvc1156-2-e,10,0.34602,47,1,2,1,5,pipeline_1,unroll_31,pipeline_1,unroll_2,pipeline_1,pipeline_1,pipeline_1,pipeline_1,unroll_15,1,2.25,0.600278313096,False
stencil3d_456.c,xczu7ev-ffvc1156-2-e,10,0.34602,45,1,2,1,5,pipeline_1,unroll_31,pipeline_1,unroll_2,pipeline_1,pipeline_1,unroll_2,pipeline_1,unroll_15,1,2.25,0.600278313096,False
stencil3d_589.c,xczu7ev-ffvc1156-2-e,10,0.29097,53,1,10,1,8,pipeline_1,unroll_31,pipeline_1,unroll_2,pipeline_1,pipeline_1,unroll_2,unroll_2,unroll_15,2,5,0.742222183397,False
stencil3d_459.c,xczu7ev-ffvc1156-2-e,10,0.34602,49,1,2,1,5,pipeline_1,unroll_31,pipeline_1,unroll_2,pipeline_1,pipeline_1,unroll_31,pipeline_1,unroll_15,3,2.25,0.600278313096,False
stencil3d_636.c,xczu7ev-ffvc1156-2-e,10,0.34602,43,1,2,1,5,pipeline_1,unroll_31,pipeline_1,unroll_2,pipeline_1,pipeline_1,unroll_4,pipeline_1,unroll_15,1,2.25,0.600278313096,False
stencil3d_605.c,xczu7ev-ffvc1156-2-e,10,0.34483,70,1,3,1,9,pipeline_1,unroll_31,pipeline_1,unroll_2,pipeline_1,unroll_16,pipeline_1,pipeline_1,unroll_2,1,3.5,0.617710659802,False
stencil3d_557.c,xczu7ev-ffvc1156-2-e,10,0.28978,88,1,10,1,11,pipeline_1,unroll_31,pipeline_1,unroll_2,pipeline_1,unroll_16,pipeline_1,unroll_2,unroll_15,1,5.75,0.744213123639,False
stencil3d_723.c,xczu7ev-ffvc1156-2-e,10,0.22183,508,1,93,6,50,pipeline_1,unroll_31,pipeline_1,unroll_2,pipeline_1,unroll_16,pipeline_1,unroll_31,unroll_15,1,37.5,1,True
stencil3d_563.c,xczu7ev-ffvc1156-2-e,10,0.53248,135,1,1,1,10,pipeline_1,unroll_31,pipeline_1,unroll_2,pipeline_1,unroll_16,pipeline_1,unroll_31,unroll_2,1,3.25,0.261196045256,False
stencil3d_479.c,xczu7ev-ffvc1156-2-e,10,0.34483,75,1,2,1,8,pipeline_1,unroll_31,pipeline_1,unroll_2,pipeline_1,unroll_16,unroll_2,pipeline_1,unroll_15,3,3,1,True
stencil3d_419.c,xczu7ev-ffvc1156-2-e,10,0.28978,95,1,10,1,11,pipeline_1,unroll_31,pipeline_1,unroll_2,pipeline_1,unroll_16,unroll_2,unroll_2,unroll_15,3,5.75,0.744213123639,False
stencil3d_502.c,xczu7ev-ffvc1156-2-e,10,0.50128,76.5,1,1,1,7,pipeline_1,unroll_31,pipeline_1,unroll_2,pipeline_1,unroll_16,unroll_2,unroll_2,unroll_4,2,2.5,0.327551654534,False
stencil3d_637.c,xczu7ev-ffvc1156-2-e,10,0.53248,129,1,1,1,10,pipeline_1,unroll_31,pipeline_1,unroll_2,pipeline_1,unroll_16,unroll_2,unroll_31,unroll_2,1,3.25,0.261196045256,False
stencil3d_248.c,xczu7ev-ffvc1156-2-e,10,0.34483,79,1,2,1,8,pipeline_1,unroll_31,pipeline_1,unroll_2,pipeline_1,unroll_16,unroll_31,pipeline_1,unroll_15,7,3,1,True
stencil3d_489.c,xczu7ev-ffvc1156-2-e,10,0.34483,70,1,3,1,9,pipeline_1,unroll_31,pipeline_1,unroll_2,pipeline_1,unroll_16,unroll_31,pipeline_1,unroll_2,1,3.5,0.617710659802,False
stencil3d_645.c,xczu7ev-ffvc1156-2-e,10,0.34483,71,1,3,1,9,pipeline_1,unroll_31,pipeline_1,unroll_2,pipeline_1,unroll_16,unroll_31,pipeline_1,unroll_4,1,3.5,0.617710659802,False
stencil3d_488.c,xczu7ev-ffvc1156-2-e,10,0.28978,83,1,10,1,11,pipeline_1,unroll_31,pipeline_1,unroll_2,pipeline_1,unroll_16,unroll_31,unroll_2,unroll_15,1,5.75,0.744213123639,False
stencil3d_618.c,xczu7ev-ffvc1156-2-e,10,0.22183,499,1,93,6,50,pipeline_1,unroll_31,pipeline_1,unroll_2,pipeline_1,unroll_16,unroll_31,unroll_31,unroll_15,1,37.5,1,True
stencil3d_466.c,xczu7ev-ffvc1156-2-e,10,0.28978,94,1,10,1,11,pipeline_1,unroll_31,pipeline_1,unroll_2,pipeline_1,unroll_16,unroll_4,unroll_2,unroll_15,1,5.75,0.744213123639,False
stencil3d_598.c,xczu7ev-ffvc1156-2-e,10,0.50636,43,1,1,1,3,pipeline_1,unroll_31,pipeline_1,unroll_2,pipeline_1,unroll_2,pipeline_1,unroll_2,unroll_4,1,1.5,0.326455599812,False
stencil3d_666.c,xczu7ev-ffvc1156-2-e,10,0.34991,43,1,2,1,4,pipeline_1,unroll_31,pipeline_1,unroll_2,pipeline_1,unroll_2,unroll_2,pipeline_1,unroll_15,1,2,0.589078865821,False
stencil3d_549.c,xczu7ev-ffvc1156-2-e,10,0.50636,41,1,1,1,3,pipeline_1,unroll_31,pipeline_1,unroll_2,pipeline_1,unroll_2,unroll_2,unroll_2,unroll_4,3,1.5,0.326455599812,False
stencil3d_375.c,xczu7ev-ffvc1156-2-e,10,0.34991,44.5,1,2,1,4,pipeline_1,unroll_31,pipeline_1,unroll_2,pipeline_1,unroll_2,unroll_31,pipeline_1,unroll_15,2,2,0.589078865821,False
stencil3d_420.c,xczu7ev-ffvc1156-2-e,10,0.50636,37,1,1,1,3,pipeline_1,unroll_31,pipeline_1,unroll_2,pipeline_1,unroll_2,unroll_4,unroll_2,unroll_4,1,1.5,0.326455599812,False
stencil3d_641.c,xczu7ev-ffvc1156-2-e,10,0.50247,45,1,1,1,4,pipeline_1,unroll_31,pipeline_1,unroll_2,unroll_16,pipeline_1,pipeline_1,unroll_2,unroll_4,1,1.75,0.333550986986,False
stencil3d_709.c,xczu7ev-ffvc1156-2-e,10,0.34602,50,1,2,1,5,pipeline_1,unroll_31,pipeline_1,unroll_2,unroll_16,pipeline_1,unroll_2,pipeline_1,unroll_15,1,2.25,0.600278313096,False
stencil3d_608.c,xczu7ev-ffvc1156-2-e,10,0.50128,80,1,1,1,7,pipeline_1,unroll_31,pipeline_1,unroll_2,unroll_16,unroll_16,unroll_2,unroll_2,unroll_4,1,2.5,0.327551654534,False
stencil3d_638.c,xczu7ev-ffvc1156-2-e,10,0.50636,38,1,1,1,3,pipeline_1,unroll_31,pipeline_1,unroll_2,unroll_16,unroll_2,unroll_2,unroll_2,unroll_4,1,1.5,0.326455599812,False
stencil3d_406.c,xczu7ev-ffvc1156-2-e,10,0.34483,83,1,2,1,8,pipeline_1,unroll_31,pipeline_1,unroll_2,unroll_8,unroll_16,unroll_31,pipeline_1,unroll_15,1,3,1,True
stencil3d_669.c,xczu7ev-ffvc1156-2-e,10,0.5422,102,1,1,2,11,pipeline_1,unroll_31,pipeline_1,unroll_31,pipeline_1,unroll_2,unroll_2,unroll_2,unroll_2,1,3.75,0.238399844006,False
stencil3d_674.c,xczu7ev-ffvc1156-2-e,10,0.32435,53,1,6,1,8,pipeline_1,unroll_31,pipeline_1,unroll_4,pipeline_1,pipeline_1,unroll_2,pipeline_1,unroll_4,1,4,0.6574237603,False
stencil3d_668.c,xczu7ev-ffvc1156-2-e,10,0.32316,78,1,5,1,11,pipeline_1,unroll_31,pipeline_1,unroll_4,pipeline_1,unroll_16,unroll_2,pipeline_1,unroll_15,1,4.5,0.654610611996,False
stencil3d_525.c,xczu7ev-ffvc1156-2-e,10,0.32316,79,1,6,1,11,pipeline_1,unroll_31,pipeline_1,unroll_4,pipeline_1,unroll_16,unroll_2,pipeline_1,unroll_2,1,4.75,0.651828650247,False
stencil3d_642.c,xczu7ev-ffvc1156-2-e,10,0.32316,88,1,5,1,11,pipeline_1,unroll_31,pipeline_1,unroll_4,pipeline_1,unroll_16,unroll_31,pipeline_1,unroll_15,1,4.5,0.654610611996,False
stencil3d_667.c,xczu7ev-ffvc1156-2-e,10,0.27984,94,1,13,1,17,pipeline_1,unroll_31,pipeline_1,unroll_8,pipeline_1,unroll_16,unroll_31,pipeline_1,pipeline_1,1,8,0.795352104838,False
stencil3d_567.c,xczu7ev-ffvc1156-2-e,10,0.27984,99,1,11,1,15,pipeline_1,unroll_31,pipeline_1,unroll_8,pipeline_1,unroll_16,unroll_31,pipeline_1,unroll_15,1,7,1,True
stencil3d_672.c,xczu7ev-ffvc1156-2-e,10,0.30775,131,1,13,1,16,pipeline_1,unroll_31,pipeline_1,unroll_8,pipeline_1,unroll_16,unroll_31,unroll_2,unroll_15,1,7.75,0.681980874798,False
stencil3d_713.c,xczu7ev-ffvc1156-2-e,10,0.27984,103,1,11,1,15,pipeline_1,unroll_31,pipeline_1,unroll_8,unroll_2,unroll_16,unroll_31,pipeline_1,unroll_15,1,7,1,True
stencil3d_610.c,xczu7ev-ffvc1156-2-e,10,0.22346,275,1,22,2,23,pipeline_1,unroll_31,unroll_2,pipeline_1,pipeline_1,pipeline_1,unroll_31,unroll_2,unroll_15,1,12,0.955200630522,False
stencil3d_352.c,xczu7ev-ffvc1156-2-e,10,0.22227,315,1,46,3,35,pipeline_1,unroll_31,unroll_2,pipeline_1,pipeline_1,unroll_16,unroll_31,unroll_4,pipeline_1,1,21.25,0.516864640979,False
stencil3d_232.c,xczu7ev-ffvc1156-2-e,10,0.22227,316,1,22,2,28,pipeline_1,unroll_31,unroll_2,pipeline_1,unroll_8,unroll_16,unroll_31,unroll_4,unroll_15,1,13.25,0.899757231,False
stencil3d_141.c,xczu7ev-ffvc1156-2-e,10,0.22976,305,1,21,2,26,pipeline_1,unroll_31,unroll_2,pipeline_1,unroll_8,unroll_8,unroll_4,unroll_2,unroll_15,2,12.5,0.921924212678,False
stencil3d_719.c,xczu7ev-ffvc1156-2-e,10,0.29215,54,1,10,1,7,pipeline_1,unroll_31,unroll_2,unroll_2,pipeline_1,pipeline_1,pipeline_1,unroll_2,unroll_15,1,4.75,0.740212931276,False
stencil3d_305.c,xczu7ev-ffvc1156-2-e,10,0.5362,85,1,1,1,8,pipeline_1,unroll_31,unroll_2,unroll_2,pipeline_1,pipeline_1,unroll_4,unroll_31,unroll_2,1,2.75,0.255383543722,False
stencil3d_571.c,xczu7ev-ffvc1156-2-e,10,0.29096,88,1,10,1,10,pipeline_1,unroll_31,unroll_2,unroll_2,pipeline_1,unroll_16,pipeline_1,unroll_2,unroll_15,1,5.5,0.737738291546,False
stencil3d_311.c,xczu7ev-ffvc1156-2-e,10,0.5425,90,1,1,1,8,pipeline_1,unroll_31,unroll_2,unroll_2,pipeline_1,unroll_2,unroll_2,unroll_31,unroll_2,1,2.75,0.241516106765,False
stencil3d_498.c,xczu7ev-ffvc1156-2-e,10,0.5089,39,1,1,1,3,pipeline_1,unroll_31,unroll_2,unroll_2,pipeline_1,unroll_2,unroll_4,unroll_2,unroll_4,1,1.5,0.32348908541,False
stencil3d_372.c,xczu7ev-ffvc1156-2-e,10,0.5437,42,1,1,1,3,pipeline_1,unroll_31,unroll_2,unroll_2,pipeline_1,unroll_2,unroll_8,unroll_2,unroll_2,1,1.5,0.239511945416,False
stencil3d_694.c,xczu7ev-ffvc1156-2-e,10,0.54221,71,1,1,1,6,pipeline_1,unroll_31,unroll_2,unroll_2,unroll_16,unroll_16,unroll_2,unroll_2,unroll_2,1,2.25,0.243060992094,False
stencil3d_209.c,xczu7ev-ffvc1156-2-e,10,0.50755,41,1,1,1,3,pipeline_1,unroll_31,unroll_2,unroll_2,unroll_8,unroll_2,pipeline_1,unroll_2,unroll_4,1,1.5,0.325287543194,False
stencil3d_42.c,xczu7ev-ffvc1156-2-e,10,0.5089,35,1,1,1,3,pipeline_1,unroll_31,unroll_2,unroll_2,unroll_8,unroll_2,unroll_4,unroll_2,unroll_4,1,1.5,0.32348908541,False
stencil3d_18.c,xczu7ev-ffvc1156-2-e,10,0.2974,88,1,10,1,11,pipeline_1,unroll_31,unroll_2,unroll_2,unroll_8,unroll_8,unroll_4,unroll_2,unroll_15,1,5.75,0.717177866171,False
stencil3d_39.c,xczu7ev-ffvc1156-2-e,10,0.29589,485,1,18,3,32,pipeline_1,unroll_31,unroll_2,unroll_31,unroll_16,unroll_2,pipeline_1,unroll_2,unroll_15,2,13.5,0.621849587187,False
stencil3d_246.c,xczu7ev-ffvc1156-2-e,10,0.33078,78,1,6,1,11,pipeline_1,unroll_31,unroll_2,unroll_4,unroll_4,unroll_8,unroll_4,pipeline_1,unroll_2,1,4.75,0.632555962209,False
stencil3d_322.c,xczu7ev-ffvc1156-2-e,10,0.55862,110,1,11,2,14,pipeline_1,unroll_31,unroll_2,unroll_8,pipeline_1,unroll_16,unroll_31,unroll_4,pipeline_1,1,7,0.190685200324,False
stencil3d_579.c,xczu7ev-ffvc1156-2-e,10,0.22386,280,1,34,2,28,pipeline_1,unroll_31,unroll_4,pipeline_1,pipeline_1,pipeline_1,pipeline_1,unroll_31,unroll_2,1,16.25,0.741529605273,False
stencil3d_543.c,xczu7ev-ffvc1156-2-e,10,0.22219,342,1,21,2,27,pipeline_1,unroll_31,unroll_4,pipeline_1,pipeline_1,unroll_16,unroll_31,unroll_2,unroll_15,1,12.75,0.927795574204,False
stencil3d_615.c,xczu7ev-ffvc1156-2-e,10,0.22267,291,1,21,1,25,pipeline_1,unroll_31,unroll_4,pipeline_1,unroll_2,unroll_16,pipeline_1,unroll_2,unroll_15,1,12,0.956133919875,False
stencil3d_371.c,xczu7ev-ffvc1156-2-e,10,0.34655,49,1,2,1,4,pipeline_1,unroll_31,unroll_4,unroll_2,pipeline_1,pipeline_1,pipeline_1,pipeline_1,unroll_15,1,2,0.600835265387,False
stencil3d_606.c,xczu7ev-ffvc1156-2-e,10,0.54427,42,1,1,1,3,pipeline_1,unroll_31,unroll_4,unroll_2,pipeline_1,pipeline_1,unroll_2,unroll_2,unroll_2,1,1.5,0.238223867071,False
stencil3d_684.c,xczu7ev-ffvc1156-2-e,10,0.3078,113,1,11,1,13,pipeline_1,unroll_31,unroll_4,unroll_4,pipeline_1,unroll_16,unroll_31,unroll_2,unroll_15,1,6.5,0.679638297512,False
stencil3d_224.c,xczu7ev-ffvc1156-2-e,10,0.22648,292,1,20,2,23,pipeline_1,unroll_31,unroll_8,pipeline_1,unroll_8,unroll_2,pipeline_1,pipeline_1,unroll_15,1,11.5,0.949741740293,False
stencil3d_262.c,xczu7ev-ffvc1156-2-e,10,0.34915,191,1,41,5,32,pipeline_1,unroll_31,unroll_8,unroll_31,unroll_8,unroll_2,pipeline_1,pipeline_1,unroll_15,1,19.75,0.33167896811,False
stencil3d_168.c,xczu7ev-ffvc1156-2-e,10,0.23056,273,1,46,2,29,pipeline_1,unroll_4,pipeline_1,pipeline_1,pipeline_1,unroll_2,pipeline_1,unroll_8,pipeline_1,1,19.5,0.588131135499,False
stencil3d_223.c,xczu7ev-ffvc1156-2-e,10,0.27991,58.5,1,11,1,11,pipeline_1,unroll_4,pipeline_1,unroll_8,pipeline_1,unroll_16,unroll_31,pipeline_1,unroll_15,2,6,0.786623327243,False
stencil3d_111.c,xczu7ev-ffvc1156-2-e,10,0.22758,298,1,44,2,31,pipeline_1,unroll_4,unroll_2,pipeline_1,unroll_2,pipeline_1,unroll_31,unroll_8,unroll_2,1,19.5,0.589254170952,False
stencil3d_343.c,xczu7ev-ffvc1156-2-e,10,0.30002,44,1,10,1,6,pipeline_1,unroll_4,unroll_2,unroll_2,pipeline_1,pipeline_1,unroll_2,unroll_2,unroll_15,1,4.5,0.72003210266,False
stencil3d_286.c,xczu7ev-ffvc1156-2-e,10,0.29705,49,1,10,1,7,pipeline_1,unroll_4,unroll_2,unroll_2,pipeline_1,unroll_4,unroll_31,unroll_2,unroll_15,1,4.75,0.726980241112,False
stencil3d_52.c,xczu7ev-ffvc1156-2-e,10,0.56771,224,1,20,2,19,pipeline_1,unroll_4,unroll_31,unroll_2,unroll_8,unroll_2,unroll_31,unroll_31,pipeline_1,1,10.5,0.15653925633,False
stencil3d_96.c,xczu7ev-ffvc1156-2-e,10,0.22869,370,1,40,2,30,pipeline_1,unroll_4,unroll_4,pipeline_1,pipeline_1,unroll_8,unroll_31,unroll_31,unroll_15,1,18.25,0.644498225018,False
stencil3d_5.c,xczu7ev-ffvc1156-2-e,10,0.5678,80,1,20,2,16,pipeline_1,unroll_4,unroll_4,unroll_2,unroll_4,unroll_2,unroll_31,unroll_31,pipeline_1,1,9.75,0.161070564724,False
stencil3d_7.c,xczu7ev-ffvc1156-2-e,10,0.35248,151,1,52,5,35,pipeline_1,unroll_4,unroll_4,unroll_31,unroll_4,unroll_4,pipeline_1,pipeline_1,unroll_4,1,23.25,0.262478082241,False
stencil3d_89.c,xczu7ev-ffvc1156-2-e,10,0.23081,308,1,53,3,32,pipeline_1,unroll_4,unroll_8,pipeline_1,pipeline_1,pipeline_1,unroll_4,unroll_8,unroll_4,1,22.25,0.476365764275,False
stencil3d_92.c,xczu7ev-ffvc1156-2-e,10,0.22742,305,1,34,2,28,pipeline_1,unroll_8,unroll_2,pipeline_1,pipeline_1,pipeline_1,unroll_8,unroll_31,unroll_2,1,16.25,0.740204879938,False
stencil3d_153.c,xczu7ev-ffvc1156-2-e,10,0.22982,277,1,46,3,30,pipeline_1,unroll_8,unroll_2,pipeline_1,unroll_2,unroll_8,pipeline_1,unroll_4,unroll_4,1,20,0.567067594724,False
stencil3d_94.c,xczu7ev-ffvc1156-2-e,10,0.5823,383,1,1,5,22,pipeline_1,unroll_8,unroll_2,unroll_31,pipeline_1,unroll_8,pipeline_1,unroll_4,unroll_4,1,7.25,0.155764895552,False
stencil3d_32.c,xczu7ev-ffvc1156-2-e,10,0.58125,384,1,1,5,23,pipeline_1,unroll_8,unroll_2,unroll_31,pipeline_1,unroll_8,unroll_31,unroll_4,unroll_4,1,7.5,0.156081472047,False
stencil3d_59.c,xczu7ev-ffvc1156-2-e,10,0.56809,48,1,11,2,9,pipeline_1,unroll_8,unroll_2,unroll_8,pipeline_1,unroll_2,pipeline_1,unroll_4,pipeline_1,1,5.75,0.182447790746,False
stencil3d_108.c,xczu7ev-ffvc1156-2-e,10,0.35171,38,1,3,1,5,unroll_16,pipeline_1,unroll_8,unroll_2,pipeline_1,unroll_2,unroll_4,pipeline_1,unroll_2,2,2.5,0.585575114684,False
stencil3d_122.c,xczu7ev-ffvc1156-2-e,10,0.35432,39,1,3,1,4,unroll_16,unroll_2,pipeline_1,unroll_2,pipeline_1,pipeline_1,unroll_8,pipeline_1,pipeline_1,1,2.25,0.573221761875,False
stencil3d_15.c,xczu7ev-ffvc1156-2-e,10,0.35722,39,1,3,1,4,unroll_16,unroll_2,pipeline_1,unroll_2,unroll_4,pipeline_1,unroll_8,pipeline_1,pipeline_1,1,2.25,0.562424918793,False
stencil3d_33.c,xczu7ev-ffvc1156-2-e,10,0.54872,187,1,41,6,37,unroll_16,unroll_2,unroll_31,unroll_31,unroll_4,unroll_2,pipeline_1,unroll_4,pipeline_1,1,21.25,0.109270253642,False
stencil3d_49.c,xczu7ev-ffvc1156-2-e,10,0.54752,184,1,41,6,37,unroll_16,unroll_2,unroll_31,unroll_31,unroll_4,unroll_4,pipeline_1,unroll_4,pipeline_1,1,21.25,0.109698671719,False
stencil3d_80.c,xczu7ev-ffvc1156-2-e,10,0.35776,41,1,3,1,4,unroll_16,unroll_2,unroll_4,unroll_2,unroll_4,pipeline_1,pipeline_1,pipeline_1,unroll_2,1,2.25,0.560399818401,False
stencil3d_43.c,xczu7ev-ffvc1156-2-e,10,0.35931,43,1,3,1,5,unroll_16,unroll_2,unroll_4,unroll_2,unroll_4,pipeline_1,unroll_8,pipeline_1,unroll_2,1,2.5,0.557250837845,False
stencil3d_28.c,xczu7ev-ffvc1156-2-e,10,0.53715,158,1,41,5,28,unroll_16,unroll_2,unroll_4,unroll_4,pipeline_1,unroll_8,unroll_4,unroll_31,pipeline_1,1,18.75,0.127598091933,False
stencil3d_40.c,xczu7ev-ffvc1156-2-e,10,0.59575,32,1,2,1,3,unroll_2,pipeline_1,pipeline_1,unroll_4,unroll_16,pipeline_1,unroll_2,unroll_2,pipeline_1,1,1.75,0.146424021401,False
stencil3d_3.c,xczu7ev-ffvc1156-2-e,10,0.58983,117,1,1,3,12,unroll_2,pipeline_1,pipeline_1,unroll_8,unroll_2,unroll_2,pipeline_1,unroll_8,unroll_4,1,4.25,0.154007858337,False
stencil3d_57.c,xczu7ev-ffvc1156-2-e,10,0.58791,127,1,1,3,12,unroll_2,pipeline_1,pipeline_1,unroll_8,unroll_8,unroll_2,pipeline_1,unroll_8,unroll_4,1,4.25,0.156691351283,False
stencil3d_44.c,xczu7ev-ffvc1156-2-e,10,0.54888,43,1,1,1,4,unroll_2,pipeline_1,unroll_2,unroll_2,pipeline_1,pipeline_1,pipeline_1,unroll_8,unroll_4,1,1.75,0.228339939925,False
stencil3d_177.c,xczu7ev-ffvc1156-2-e,10,0.57126,123,1,1,2,11,unroll_2,pipeline_1,unroll_4,unroll_4,pipeline_1,unroll_2,pipeline_1,unroll_31,unroll_2,1,3.75,0.183482653382,False
stencil3d_206.c,xczu7ev-ffvc1156-2-e,10,0.57401,123,1,1,2,11,unroll_2,pipeline_1,unroll_4,unroll_4,pipeline_1,unroll_2,unroll_4,unroll_31,unroll_2,1,3.75,0.178857535631,False
stencil3d_144.c,xczu7ev-ffvc1156-2-e,10,0.57366,116,1,1,2,11,unroll_2,pipeline_1,unroll_4,unroll_4,unroll_8,pipeline_1,pipeline_1,unroll_31,unroll_2,1,3.75,0.179439713625,False
stencil3d_11.c,xczu7ev-ffvc1156-2-e,10,0.57366,121,1,1,2,11,unroll_2,pipeline_1,unroll_4,unroll_4,unroll_8,unroll_4,pipeline_1,unroll_31,unroll_2,2,3.75,0.179439713625,False
stencil3d_167.c,xczu7ev-ffvc1156-2-e,10,0.57238,123,1,1,2,11,unroll_2,pipeline_1,unroll_8,unroll_4,unroll_8,unroll_4,pipeline_1,unroll_31,unroll_2,1,3.75,0.18158495533,False
stencil3d_235.c,xczu7ev-ffvc1156-2-e,10,0.22579,257,1,22,1,22,unroll_2,unroll_2,pipeline_1,pipeline_1,pipeline_1,unroll_16,unroll_31,pipeline_1,unroll_15,1,11.5,0.951585433634,False
stencil3d_308.c,xczu7ev-ffvc1156-2-e,10,0.53852,73,1,1,1,8,unroll_2,unroll_2,pipeline_1,unroll_2,unroll_8,unroll_16,unroll_2,unroll_31,unroll_2,1,2.75,0.250241504749,False
stencil3d_8.c,xczu7ev-ffvc1156-2-e,10,0.53401,172,1,41,5,34,unroll_2,unroll_2,pipeline_1,unroll_31,pipeline_1,pipeline_1,unroll_31,unroll_4,pipeline_1,1,20.25,0.120320728567,False
stencil3d_41.c,xczu7ev-ffvc1156-2-e,10,0.56771,32,1,5,1,5,unroll_2,unroll_2,pipeline_1,unroll_4,pipeline_1,unroll_8,unroll_4,unroll_4,pipeline_1,1,3,0.190761955177,False
stencil3d_268.c,xczu7ev-ffvc1156-2-e,10,0.23822,282,1,22,1,20,unroll_2,unroll_2,unroll_2,pipeline_1,pipeline_1,unroll_2,unroll_2,unroll_2,unroll_15,1,11,0.906823757486,False
stencil3d_217.c,xczu7ev-ffvc1156-2-e,10,0.22683,302,1,59,3,37,unroll_2,unroll_31,pipeline_1,pipeline_1,pipeline_1,pipeline_1,unroll_4,unroll_31,unroll_2,1,25,0.383781688291,False
stencil3d_105.c,xczu7ev-ffvc1156-2-e,10,0.56212,35,1,1,1,3,unroll_2,unroll_31,unroll_2,unroll_2,unroll_16,pipeline_1,pipeline_1,unroll_2,pipeline_1,1,1.5,0.200815745886,False
stencil3d_165.c,xczu7ev-ffvc1156-2-e,10,0.54209,85,1,1,1,8,unroll_2,unroll_31,unroll_2,unroll_2,unroll_8,pipeline_1,unroll_4,unroll_31,unroll_2,2,2.75,0.242408262038,False
stencil3d_310.c,xczu7ev-ffvc1156-2-e,10,0.28945,57,1,12,1,12,unroll_2,unroll_31,unroll_2,unroll_8,unroll_8,pipeline_1,unroll_4,pipeline_1,unroll_2,1,6.5,0.753195616318,False
stencil3d_186.c,xczu7ev-ffvc1156-2-e,10,0.23366,300,1,43,3,32,unroll_2,unroll_31,unroll_4,pipeline_1,unroll_8,unroll_4,pipeline_1,unroll_2,unroll_2,1,19.75,0.575788051683,False
stencil3d_35.c,xczu7ev-ffvc1156-2-e,10,0.24112,273,1,46,3,31,unroll_2,unroll_4,unroll_31,pipeline_1,pipeline_1,pipeline_1,pipeline_1,unroll_8,unroll_4,1,20.25,0.549408653471,False
stencil3d_154.c,xczu7ev-ffvc1156-2-e,10,0.22446,280,1,46,3,31,unroll_32,pipeline_1,pipeline_1,pipeline_1,pipeline_1,unroll_16,unroll_2,unroll_8,pipeline_1,1,20.25,0.557837215606,False
stencil3d_112.c,xczu7ev-ffvc1156-2-e,10,0.22446,273,1,46,3,31,unroll_32,pipeline_1,pipeline_1,pipeline_1,pipeline_1,unroll_16,unroll_31,unroll_8,pipeline_1,1,20.25,0.557837215606,False
stencil3d_114.c,xczu7ev-ffvc1156-2-e,10,0.22622,287,1,43,3,31,unroll_32,pipeline_1,pipeline_1,pipeline_1,unroll_2,pipeline_1,pipeline_1,unroll_2,unroll_2,1,19.5,0.589606697893,False
stencil3d_109.c,xczu7ev-ffvc1156-2-e,10,0.22622,313,1,61,3,36,unroll_32,pipeline_1,pipeline_1,pipeline_1,unroll_2,pipeline_1,unroll_31,unroll_2,pipeline_1,2,25.25,0.38384939826,False
stencil3d_189.c,xczu7ev-ffvc1156-2-e,10,0.22494,289,1,22,2,24,unroll_32,pipeline_1,pipeline_1,pipeline_1,unroll_4,unroll_16,unroll_8,unroll_8,unroll_15,1,12.25,0.947590189904,False
stencil3d_504.c,xczu7ev-ffvc1156-2-e,10,0.34714,45,1,2,1,5,unroll_32,pipeline_1,pipeline_1,unroll_2,pipeline_1,pipeline_1,pipeline_1,pipeline_1,unroll_15,1,2.25,0.597452946974,False
stencil3d_238.c,xczu7ev-ffvc1156-2-e,10,0.34714,42,1,2,1,5,unroll_32,pipeline_1,pipeline_1,unroll_2,pipeline_1,unroll_16,unroll_2,pipeline_1,unroll_15,1,2.25,0.597452946974,False
stencil3d_692.c,xczu7ev-ffvc1156-2-e,10,0.34714,45,1,3,1,5,unroll_32,pipeline_1,pipeline_1,unroll_2,pipeline_1,unroll_16,unroll_2,pipeline_1,unroll_2,1,2.5,0.600481325902,False
stencil3d_289.c,xczu7ev-ffvc1156-2-e,10,0.50359,40,1,1,1,4,unroll_32,pipeline_1,pipeline_1,unroll_2,pipeline_1,unroll_16,unroll_2,unroll_2,unroll_4,1,1.75,0.33140968861,False
stencil3d_161.c,xczu7ev-ffvc1156-2-e,10,0.45739,51,1,5,1,7,unroll_32,pipeline_1,pipeline_1,unroll_2,pipeline_1,unroll_16,unroll_2,unroll_8,pipeline_1,1,3.5,0.339657711723,False
stencil3d_142.c,xczu7ev-ffvc1156-2-e,10,0.45739,49,1,5,1,7,unroll_32,pipeline_1,pipeline_1,unroll_2,pipeline_1,unroll_16,unroll_31,unroll_8,pipeline_1,1,3.5,0.339657711723,False
stencil3d_448.c,xczu7ev-ffvc1156-2-e,10,0.29209,53,1,10,1,8,unroll_32,pipeline_1,pipeline_1,unroll_2,pipeline_1,unroll_4,unroll_31,unroll_2,unroll_15,1,5,0.739175903298,False
stencil3d_166.c,xczu7ev-ffvc1156-2-e,10,0.50349,67,1,1,1,7,unroll_32,pipeline_1,pipeline_1,unroll_2,unroll_8,unroll_16,unroll_2,unroll_2,unroll_4,1,2.5,0.324142108305,False
stencil3d_312.c,xczu7ev-ffvc1156-2-e,10,0.34702,61,1,3,1,8,unroll_32,pipeline_1,pipeline_1,unroll_2,unroll_8,unroll_2,unroll_2,pipeline_1,unroll_4,1,3.25,0.614396473805,False
stencil3d_150.c,xczu7ev-ffvc1156-2-e,10,0.28215,66,1,13,1,13,unroll_32,pipeline_1,pipeline_1,unroll_8,pipeline_1,unroll_16,unroll_8,pipeline_1,pipeline_1,2,7,0.797538157715,False
stencil3d_180.c,xczu7ev-ffvc1156-2-e,10,0.28215,64.5,1,12,1,13,unroll_32,pipeline_1,pipeline_1,unroll_8,pipeline_1,unroll_16,unroll_8,pipeline_1,unroll_2,2,6.75,0.791191289047,False
stencil3d_212.c,xczu7ev-ffvc1156-2-e,10,0.60906,54,1,1,1,8,unroll_32,pipeline_1,pipeline_1,unroll_8,pipeline_1,unroll_16,unroll_8,unroll_4,unroll_2,1,2.75,0.131025915401,False
stencil3d_267.c,xczu7ev-ffvc1156-2-e,10,0.28215,65,1,12,1,13,unroll_32,pipeline_1,pipeline_1,unroll_8,pipeline_1,unroll_2,unroll_8,pipeline_1,unroll_2,1,6.75,0.791191289047,False
stencil3d_204.c,xczu7ev-ffvc1156-2-e,10,0.53556,84,1,1,1,9,unroll_32,pipeline_1,pipeline_1,unroll_8,unroll_8,unroll_2,unroll_2,unroll_2,unroll_4,1,3,0.255808957068,False
stencil3d_36.c,xczu7ev-ffvc1156-2-e,10,0.22626,306,1,43,3,33,unroll_32,pipeline_1,unroll_4,pipeline_1,unroll_2,pipeline_1,unroll_31,unroll_2,unroll_2,1,20,0.568118869375,False
stencil3d_140.c,xczu7ev-ffvc1156-2-e,10,0.52752,43.5,1,2,1,4,unroll_32,pipeline_1,unroll_4,unroll_2,pipeline_1,pipeline_1,pipeline_1,unroll_4,pipeline_1,2,2,0.277816363758,False
stencil3d_116.c,xczu7ev-ffvc1156-2-e,10,0.22677,277,1,53,3,35,unroll_32,pipeline_1,unroll_8,pipeline_1,pipeline_1,unroll_16,unroll_8,pipeline_1,pipeline_1,1,23,0.449248553139,False
stencil3d_219.c,xczu7ev-ffvc1156-2-e,10,0.2237,299,1,46,3,31,unroll_32,pipeline_1,unroll_8,pipeline_1,pipeline_1,unroll_8,pipeline_1,pipeline_1,pipeline_1,1,20.25,0.557907709917,False
stencil3d_233.c,xczu7ev-ffvc1156-2-e,10,0.22729,305,1,22,2,26,unroll_32,pipeline_1,unroll_8,pipeline_1,unroll_4,unroll_16,unroll_8,unroll_8,unroll_15,1,12.75,0.919861359393,False
stencil3d_90.c,xczu7ev-ffvc1156-2-e,10,0.56617,43,1,1,1,4,unroll_32,pipeline_1,unroll_8,unroll_2,unroll_2,unroll_16,unroll_8,unroll_2,pipeline_1,1,1.75,0.193483256891,False
stencil3d_124.c,xczu7ev-ffvc1156-2-e,10,0.2814,69,1,13,1,13,unroll_32,pipeline_1,unroll_8,unroll_8,pipeline_1,unroll_16,pipeline_1,pipeline_1,pipeline_1,1,7,0.801136968125,False
stencil3d_47.c,xczu7ev-ffvc1156-2-e,10,0.28447,74,1,13,2,15,unroll_32,pipeline_1,unroll_8,unroll_8,pipeline_1,unroll_16,unroll_8,pipeline_1,pipeline_1,1,7.75,0.784846162112,False
stencil3d_211.c,xczu7ev-ffvc1156-2-e,10,0.34725,49,1,2,1,5,unroll_32,unroll_2,pipeline_1,unroll_2,pipeline_1,unroll_16,unroll_2,pipeline_1,unroll_15,1,2.25,0.597151606468,False
stencil3d_242.c,xczu7ev-ffvc1156-2-e,10,0.34716,68,1,3,1,9,unroll_32,unroll_2,pipeline_1,unroll_2,unroll_8,unroll_16,unroll_2,pipeline_1,unroll_4,1,3.5,0.612076027655,False
stencil3d_326.c,xczu7ev-ffvc1156-2-e,10,0.50361,72,1,1,1,7,unroll_32,unroll_2,pipeline_1,unroll_2,unroll_8,unroll_16,unroll_2,unroll_2,unroll_4,1,2.5,0.323941591396,False
stencil3d_65.c,xczu7ev-ffvc1156-2-e,10,0.58999,79,1,1,1,9,unroll_32,unroll_2,pipeline_1,unroll_4,pipeline_1,unroll_2,unroll_8,unroll_8,unroll_4,1,3,0.154833525621,False
stencil3d_130.c,xczu7ev-ffvc1156-2-e,10,0.60387,40,1,2,1,5,unroll_32,unroll_2,pipeline_1,unroll_4,pipeline_1,unroll_8,pipeline_1,unroll_2,pipeline_1,1,2.25,0.136687794166,False
stencil3d_100.c,xczu7ev-ffvc1156-2-e,10,0.31587,56,1,12,1,11,unroll_32,unroll_2,pipeline_1,unroll_4,pipeline_1,unroll_8,unroll_2,unroll_2,unroll_15,1,6.25,0.654141398947,False
stencil3d_149.c,xczu7ev-ffvc1156-2-e,10,0.31587,64,1,12,1,11,unroll_32,unroll_2,pipeline_1,unroll_4,pipeline_1,unroll_8,unroll_31,unroll_2,unroll_15,1,6.25,0.654141398947,False
stencil3d_176.c,xczu7ev-ffvc1156-2-e,10,0.28976,64,1,11,1,12,unroll_32,unroll_2,pipeline_1,unroll_8,pipeline_1,unroll_2,unroll_2,pipeline_1,unroll_15,1,6.25,0.748506976671,False
stencil3d_58.c,xczu7ev-ffvc1156-2-e,10,0.23228,334,1,59,3,38,unroll_32,unroll_2,unroll_2,pipeline_1,unroll_4,pipeline_1,unroll_8,unroll_31,unroll_2,1,25.25,0.382755573256,False
stencil3d_31.c,xczu7ev-ffvc1156-2-e,10,0.23573,328,1,61,4,38,unroll_32,unroll_2,unroll_2,pipeline_1,unroll_4,unroll_8,unroll_2,unroll_31,pipeline_1,1,26,0.381696517894,False
stencil3d_178.c,xczu7ev-ffvc1156-2-e,10,0.45868,441,1,83,9,55,unroll_32,unroll_2,unroll_2,unroll_8,pipeline_1,unroll_16,unroll_8,unroll_31,pipeline_1,1,37,0.100993780855,False
stencil3d_1.c,xczu7ev-ffvc1156-2-e,10,0.5673,69,1,11,2,10,unroll_32,unroll_2,unroll_4,unroll_8,pipeline_1,pipeline_1,pipeline_1,unroll_4,pipeline_1,1,6,0.182584163466,False
stencil3d_580.c,xczu7ev-ffvc1156-2-e,10,0.22443,310,1,21,2,28,unroll_32,unroll_31,pipeline_1,pipeline_1,pipeline_1,unroll_16,unroll_31,unroll_2,unroll_15,1,13,0.912453443861,False
stencil3d_698.c,xczu7ev-ffvc1156-2-e,10,0.29206,102,1,10,1,12,unroll_32,unroll_31,pipeline_1,unroll_2,pipeline_1,unroll_16,unroll_31,unroll_2,unroll_15,1,6,0.736883414008,False
stencil3d_362.c,xczu7ev-ffvc1156-2-e,10,0.35323,51,1,3,1,6,unroll_32,unroll_31,unroll_2,unroll_2,pipeline_1,pipeline_1,unroll_2,pipeline_1,unroll_2,1,2.75,0.585086769781,False
stencil3d_13.c,xczu7ev-ffvc1156-2-e,10,0.2245,317,1,46,3,32,unroll_32,unroll_4,pipeline_1,pipeline_1,pipeline_1,unroll_16,unroll_31,unroll_8,pipeline_1,1,20.5,0.547381815585,False
stencil3d_137.c,xczu7ev-ffvc1156-2-e,10,0.2245,305,1,22,2,25,unroll_32,unroll_4,pipeline_1,pipeline_1,pipeline_1,unroll_16,unroll_31,unroll_8,unroll_15,2,12.5,0.938906599105,False
stencil3d_148.c,xczu7ev-ffvc1156-2-e,10,0.2245,296,1,22,2,25,unroll_32,unroll_4,pipeline_1,pipeline_1,pipeline_1,unroll_16,unroll_8,unroll_8,unroll_15,1,12.5,0.938906599105,False
stencil3d_50.c,xczu7ev-ffvc1156-2-e,10,0.23461,264,1,44,3,31,unroll_32,unroll_4,pipeline_1,pipeline_1,unroll_2,unroll_2,pipeline_1,unroll_8,unroll_2,1,19.75,0.575198806119,False
stencil3d_12.c,xczu7ev-ffvc1156-2-e,10,0.23273,301,1,44,3,34,unroll_32,unroll_4,pipeline_1,pipeline_1,unroll_8,unroll_2,pipeline_1,unroll_8,unroll_2,1,20.5,0.544924967547,False
stencil3d_208.c,xczu7ev-ffvc1156-2-e,10,0.28219,69.5,1,11,1,13,unroll_32,unroll_4,pipeline_1,unroll_8,pipeline_1,unroll_16,unroll_31,pipeline_1,unroll_15,2,6.5,0.781996517754,False
stencil3d_226.c,xczu7ev-ffvc1156-2-e,10,0.31812,169,1,25,3,24,unroll_32,unroll_4,unroll_2,unroll_2,unroll_8,unroll_16,unroll_31,unroll_8,unroll_15,1,13.25,0.563400003117,False
stencil3d_69.c,xczu7ev-ffvc1156-2-e,10,0.57056,89,1,20,2,16,unroll_32,unroll_4,unroll_4,unroll_2,pipeline_1,unroll_2,pipeline_1,unroll_31,pipeline_1,1,9.75,0.157788800151,False
stencil3d_54.c,xczu7ev-ffvc1156-2-e,10,0.22858,286,1,59,4,37,unroll_32,unroll_4,unroll_8,pipeline_1,unroll_2,unroll_16,unroll_8,unroll_2,pipeline_1,1,25.25,0.383531467231,False
stencil3d_20.c,xczu7ev-ffvc1156-2-e,10,0.22858,296,1,68,4,42,unroll_32,unroll_4,unroll_8,pipeline_1,unroll_2,unroll_16,unroll_8,unroll_31,pipeline_1,1,28.75,0.383454182595,False
stencil3d_88.c,xczu7ev-ffvc1156-2-e,10,0.23072,285,1,22,2,26,unroll_32,unroll_4,unroll_8,pipeline_1,unroll_8,unroll_4,pipeline_1,unroll_8,unroll_15,1,12.75,0.909048200831,False
stencil3d_169.c,xczu7ev-ffvc1156-2-e,10,0.2822,83,1,11,2,18,unroll_32,unroll_4,unroll_8,unroll_8,pipeline_1,unroll_16,unroll_31,pipeline_1,unroll_15,1,8,0.789114043389,False
stencil3d_14.c,xczu7ev-ffvc1156-2-e,10,0.31652,66,1,12,1,12,unroll_32,unroll_8,pipeline_1,unroll_4,pipeline_1,unroll_8,unroll_2,unroll_2,unroll_15,1,6.5,0.649930272689,False
stencil3d_95.c,xczu7ev-ffvc1156-2-e,10,0.35159,48,1,3,1,5,unroll_32,unroll_8,unroll_4,unroll_2,pipeline_1,pipeline_1,pipeline_1,pipeline_1,pipeline_1,1,2.5,0.586003925293,False
stencil3d_97.c,xczu7ev-ffvc1156-2-e,10,0.60038,56,1,2,1,9,unroll_32,unroll_8,unroll_8,unroll_4,pipeline_1,unroll_16,unroll_8,unroll_2,pipeline_1,1,3.25,0.141014905862,False
stencil3d_127.c,xczu7ev-ffvc1156-2-e,10,0.28216,90,1,13,2,21,unroll_32,unroll_8,unroll_8,unroll_8,pipeline_1,unroll_16,unroll_31,pipeline_1,pipeline_1,1,9.25,0.768243502376,False
stencil3d_21.c,xczu7ev-ffvc1156-2-e,10,0.28447,72,1,13,2,17,unroll_32,unroll_8,unroll_8,unroll_8,pipeline_1,unroll_16,unroll_8,pipeline_1,pipeline_1,1,8.25,0.778437294212,False
stencil3d_313.c,xczu7ev-ffvc1156-2-e,10,0.22567,244,1,22,1,21,unroll_4,pipeline_1,pipeline_1,pipeline_1,pipeline_1,unroll_16,pipeline_1,unroll_2,unroll_15,1,11.25,0.964402687807,False
stencil3d_190.c,xczu7ev-ffvc1156-2-e,10,0.22567,272,1,20,1,21,unroll_4,pipeline_1,pipeline_1,pipeline_1,pipeline_1,unroll_2,pipeline_1,pipeline_1,unroll_15,1,10.75,0.979538973501,False
stencil3d_86.c,xczu7ev-ffvc1156-2-e,10,0.22567,248,1,20,1,21,unroll_4,pipeline_1,pipeline_1,pipeline_1,pipeline_1,unroll_2,pipeline_1,unroll_4,unroll_15,1,10.75,0.979538973501,False
stencil3d_270.c,xczu7ev-ffvc1156-2-e,10,0.22567,261,1,53,3,32,unroll_4,pipeline_1,pipeline_1,pipeline_1,pipeline_1,unroll_2,pipeline_1,unroll_4,unroll_4,1,22.25,0.477477521568,False
stencil3d_334.c,xczu7ev-ffvc1156-2-e,10,0.22567,288,1,20,1,22,unroll_4,pipeline_1,pipeline_1,pipeline_1,pipeline_1,unroll_2,unroll_2,unroll_4,unroll_15,1,11,0.974863439397,False
stencil3d_234.c,xczu7ev-ffvc1156-2-e,10,0.22991,270,1,20,1,21,unroll_4,pipeline_1,pipeline_1,pipeline_1,unroll_2,unroll_2,pipeline_1,unroll_4,unroll_15,1,10.75,0.954997416514,False
stencil3d_19.c,xczu7ev-ffvc1156-2-e,10,0.22991,263,1,43,2,30,unroll_4,pipeline_1,pipeline_1,pipeline_1,unroll_2,unroll_8,pipeline_1,unroll_2,unroll_2,1,19,0.610266126904,False
stencil3d_61.c,xczu7ev-ffvc1156-2-e,10,0.22991,307,1,59,3,36,unroll_4,pipeline_1,pipeline_1,pipeline_1,unroll_2,unroll_8,pipeline_1,unroll_31,unroll_2,1,24.75,0.387472511918,False
stencil3d_2.c,xczu7ev-ffvc1156-2-e,10,0.31925,96,1,25,2,21,unroll_4,pipeline_1,pipeline_1,unroll_2,pipeline_1,pipeline_1,unroll_4,unroll_8,unroll_15,1,12.25,0.581704040003,False
stencil3d_133.c,xczu7ev-ffvc1156-2-e,10,0.32345,51.5,1,15,1,12,unroll_4,pipeline_1,pipeline_1,unroll_2,pipeline_1,unroll_2,pipeline_1,unroll_4,unroll_15,2,7.25,0.618440043661,False
stencil3d_285.c,xczu7ev-ffvc1156-2-e,10,0.34835,34,1,3,1,4,unroll_4,pipeline_1,pipeline_1,unroll_2,pipeline_1,unroll_2,unroll_2,pipeline_1,unroll_2,1,2.25,0.593943024369,False
stencil3d_365.c,xczu7ev-ffvc1156-2-e,10,0.35067,34,1,3,1,4,unroll_4,pipeline_1,pipeline_1,unroll_2,unroll_8,unroll_16,pipeline_1,pipeline_1,unroll_2,1,2.25,0.586334415249,False
stencil3d_4.c,xczu7ev-ffvc1156-2-e,10,0.35066,136,1,52,5,35,unroll_4,pipeline_1,pipeline_1,unroll_31,unroll_8,pipeline_1,pipeline_1,pipeline_1,unroll_4,1,23.25,0.265872300168,False
stencil3d_27.c,xczu7ev-ffvc1156-2-e,10,0.59559,37,1,2,1,4,unroll_4,pipeline_1,pipeline_1,unroll_4,unroll_16,pipeline_1,unroll_2,unroll_2,pipeline_1,1,2,0.146855785487,False
stencil3d_213.c,xczu7ev-ffvc1156-2-e,10,0.22684,268,1,20,1,21,unroll_4,pipeline_1,unroll_2,pipeline_1,pipeline_1,unroll_2,pipeline_1,unroll_4,unroll_15,1,10.75,0.972732202856,False
stencil3d_258.c,xczu7ev-ffvc1156-2-e,10,0.22699,267,1,20,1,21,unroll_4,pipeline_1,unroll_2,pipeline_1,pipeline_1,unroll_2,unroll_8,pipeline_1,unroll_15,1,10.75,0.971861452208,False
stencil3d_239.c,xczu7ev-ffvc1156-2-e,10,0.33018,42,1,6,1,6,unroll_4,pipeline_1,unroll_2,unroll_4,unroll_8,unroll_4,pipeline_1,pipeline_1,unroll_2,1,3.5,0.640253574093,False
stencil3d_29.c,xczu7ev-ffvc1156-2-e,10,0.23146,298,1,53,3,31,unroll_4,pipeline_1,unroll_4,pipeline_1,pipeline_1,unroll_2,unroll_2,unroll_4,pipeline_1,1,22,0.485712836684,False
stencil3d_51.c,xczu7ev-ffvc1156-2-e,10,0.23146,248,1,20,1,21,unroll_4,pipeline_1,unroll_4,pipeline_1,pipeline_1,unroll_2,unroll_2,unroll_4,unroll_15,1,10.75,0.946112531217,False
stencil3d_115.c,xczu7ev-ffvc1156-2-e,10,0.22995,265,1,43,3,32,unroll_4,pipeline_1,unroll_4,pipeline_1,unroll_2,unroll_8,unroll_31,unroll_2,unroll_2,1,19.75,0.577650308619,False
stencil3d_194.c,xczu7ev-ffvc1156-2-e,10,0.2307,269,1,20,1,22,unroll_4,pipeline_1,unroll_4,pipeline_1,unroll_4,unroll_2,unroll_8,unroll_4,unroll_15,1,11,0.948405064643,False
stencil3d_377.c,xczu7ev-ffvc1156-2-e,10,0.35415,31,1,3,1,3,unroll_4,pipeline_1,unroll_4,unroll_2,pipeline_1,pipeline_1,unroll_2,pipeline_1,unroll_2,1,2,0.572911353788,False
stencil3d_402.c,xczu7ev-ffvc1156-2-e,10,0.35415,31,1,2,1,3,unroll_4,pipeline_1,unroll_4,unroll_2,pipeline_1,unroll_16,unroll_2,pipeline_1,unroll_15,1,1.75,0.57063856596,False
stencil3d_366.c,xczu7ev-ffvc1156-2-e,10,0.32721,42,1,6,1,6,unroll_4,pipeline_1,unroll_4,unroll_4,pipeline_1,unroll_16,pipeline_1,pipeline_1,unroll_2,1,3.5,0.652069139951,False
stencil3d_404.c,xczu7ev-ffvc1156-2-e,10,0.33248,42,1,6,1,6,unroll_4,pipeline_1,unroll_4,unroll_4,pipeline_1,unroll_16,unroll_2,pipeline_1,unroll_2,1,3.5,0.630900168785,False
stencil3d_254.c,xczu7ev-ffvc1156-2-e,10,0.32721,41,1,6,1,6,unroll_4,pipeline_1,unroll_4,unroll_4,pipeline_1,unroll_2,pipeline_1,pipeline_1,unroll_2,1,3.5,0.652069139951,False
stencil3d_278.c,xczu7ev-ffvc1156-2-e,10,0.5374,31,1,1,1,3,unroll_4,pipeline_1,unroll_4,unroll_4,pipeline_1,unroll_2,pipeline_1,unroll_2,unroll_4,1,1.5,0.254122892603,False
stencil3d_210.c,xczu7ev-ffvc1156-2-e,10,0.32953,42,1,6,1,6,unroll_4,pipeline_1,unroll_4,unroll_4,unroll_8,unroll_2,pipeline_1,pipeline_1,unroll_2,1,3.5,0.642878275134,False
stencil3d_159.c,xczu7ev-ffvc1156-2-e,10,0.32953,36,1,6,1,6,unroll_4,pipeline_1,unroll_4,unroll_4,unroll_8,unroll_4,pipeline_1,pipeline_1,unroll_2,1,3.5,0.642878275134,False
stencil3d_93.c,xczu7ev-ffvc1156-2-e,10,0.23164,270,1,34,2,27,unroll_4,unroll_2,pipeline_1,pipeline_1,pipeline_1,pipeline_1,unroll_4,unroll_31,unroll_2,1,16,0.74910695422,False
stencil3d_74.c,xczu7ev-ffvc1156-2-e,10,0.23164,282,1,34,2,27,unroll_4,unroll_2,pipeline_1,pipeline_1,pipeline_1,pipeline_1,unroll_8,unroll_31,unroll_2,1,16,0.74910695422,False
stencil3d_0.c,xczu7ev-ffvc1156-2-e,10,0.59121,59,1,1,1,8,unroll_4,unroll_2,pipeline_1,unroll_4,pipeline_1,unroll_2,unroll_8,unroll_8,unroll_4,1,2.75,0.15313775283,False
stencil3d_228.c,xczu7ev-ffvc1156-2-e,10,0.29592,51,1,12,1,10,unroll_4,unroll_2,unroll_2,unroll_8,pipeline_1,unroll_2,unroll_2,pipeline_1,unroll_2,1,6,0.719706075914,False
stencil3d_339.c,xczu7ev-ffvc1156-2-e,10,0.33428,45,1,6,1,7,unroll_4,unroll_31,unroll_2,unroll_4,pipeline_1,unroll_2,unroll_4,pipeline_1,unroll_2,1,3.75,0.624778697764,False
stencil3d_75.c,xczu7ev-ffvc1156-2-e,10,0.23638,276,1,44,3,30,unroll_4,unroll_4,pipeline_1,pipeline_1,unroll_8,unroll_2,pipeline_1,unroll_8,unroll_2,1,19.5,0.584573833116,False
stencil3d_60.c,xczu7ev-ffvc1156-2-e,10,0.31556,189,1,43,3,32,unroll_4,unroll_4,pipeline_1,unroll_4,pipeline_1,unroll_8,unroll_8,unroll_8,unroll_15,1,19.75,0.41472462921,False
stencil3d_181.c,xczu7ev-ffvc1156-2-e,10,0.28354,61,1,12,1,13,unroll_4,unroll_4,unroll_2,unroll_8,pipeline_1,unroll_16,unroll_31,pipeline_1,unroll_2,1,6.75,0.785462418309,False
stencil3d_201.c,xczu7ev-ffvc1156-2-e,10,0.58484,43,1,1,1,4,unroll_4,unroll_4,unroll_2,unroll_8,unroll_4,unroll_8,unroll_31,unroll_2,unroll_2,1,1.75,0.161906993162,False
stencil3d_66.c,xczu7ev-ffvc1156-2-e,10,0.23406,256,1,20,1,22,unroll_4,unroll_8,pipeline_1,pipeline_1,pipeline_1,unroll_2,pipeline_1,pipeline_1,unroll_15,1,11,0.929838879105,False
stencil3d_10.c,xczu7ev-ffvc1156-2-e,10,0.23278,254,1,20,1,22,unroll_4,unroll_8,pipeline_1,pipeline_1,pipeline_1,unroll_4,pipeline_1,pipeline_1,unroll_15,1,11,0.936927844653,False
stencil3d_106.c,xczu7ev-ffvc1156-2-e,10,0.23278,262,1,20,1,22,unroll_4,unroll_8,pipeline_1,pipeline_1,pipeline_1,unroll_4,unroll_31,pipeline_1,unroll_15,1,11,0.936927844653,False
stencil3d_46.c,xczu7ev-ffvc1156-2-e,10,0.32318,99,1,25,2,21,unroll_4,unroll_8,pipeline_1,unroll_2,pipeline_1,pipeline_1,unroll_4,unroll_8,unroll_15,1,12.25,0.568174306339,False
stencil3d_128.c,xczu7ev-ffvc1156-2-e,10,0.29175,52,1,13,1,12,unroll_4,unroll_8,pipeline_1,unroll_8,pipeline_1,unroll_2,pipeline_1,pipeline_1,pipeline_1,1,6.75,0.748144536987,False
stencil3d_110.c,xczu7ev-ffvc1156-2-e,10,0.29175,52.5,1,11,1,10,unroll_4,unroll_8,pipeline_1,unroll_8,pipeline_1,unroll_2,pipeline_1,pipeline_1,unroll_15,2,5.75,0.735359446642,False
stencil3d_139.c,xczu7ev-ffvc1156-2-e,10,0.23332,296,1,53,3,32,unroll_4,unroll_8,unroll_2,pipeline_1,pipeline_1,unroll_8,pipeline_1,unroll_4,unroll_4,1,22.25,0.475484446085,False
stencil3d_174.c,xczu7ev-ffvc1156-2-e,10,0.22567,289,1,44,2,30,unroll_8,pipeline_1,pipeline_1,pipeline_1,pipeline_1,unroll_2,unroll_4,pipeline_1,unroll_2,1,19.25,0.600644795594,False
stencil3d_146.c,xczu7ev-ffvc1156-2-e,10,0.34835,34,1,3,1,4,unroll_8,pipeline_1,pipeline_1,unroll_2,pipeline_1,unroll_2,unroll_4,pipeline_1,unroll_2,1,2.25,0.593943024369,False
stencil3d_179.c,xczu7ev-ffvc1156-2-e,10,0.35063,40,1,3,1,4,unroll_8,pipeline_1,pipeline_1,unroll_2,unroll_8,pipeline_1,unroll_4,pipeline_1,unroll_2,1,2.25,0.58647232898,False
stencil3d_260.c,xczu7ev-ffvc1156-2-e,10,0.22684,288,1,43,2,30,unroll_8,pipeline_1,unroll_2,pipeline_1,pipeline_1,pipeline_1,pipeline_1,unroll_2,unroll_2,1,19,0.611402573854,False
stencil3d_34.c,xczu7ev-ffvc1156-2-e,10,0.32463,90,1,25,2,20,unroll_8,pipeline_1,unroll_2,unroll_2,unroll_2,pipeline_1,pipeline_1,unroll_8,unroll_15,1,12,0.567852331001,False
stencil3d_191.c,xczu7ev-ffvc1156-2-e,10,0.28829,52,1,12,1,11,unroll_8,pipeline_1,unroll_2,unroll_8,pipeline_1,unroll_16,unroll_2,pipeline_1,unroll_2,1,6.25,0.75480061507,False
stencil3d_134.c,xczu7ev-ffvc1156-2-e,10,0.28761,53,1,12,1,11,unroll_8,pipeline_1,unroll_2,unroll_8,unroll_4,unroll_16,unroll_8,pipeline_1,unroll_2,1,6.25,0.757668838856,False
stencil3d_252.c,xczu7ev-ffvc1156-2-e,10,0.61437,47,1,1,1,6,unroll_8,pipeline_1,unroll_2,unroll_8,unroll_4,unroll_4,pipeline_1,unroll_4,unroll_2,1,2.25,0.125412966642,False
stencil3d_164.c,xczu7ev-ffvc1156-2-e,10,0.28761,54,1,13,1,12,unroll_8,pipeline_1,unroll_2,unroll_8,unroll_4,unroll_4,unroll_8,pipeline_1,unroll_4,1,6.75,0.76721858892,False
stencil3d_23.c,xczu7ev-ffvc1156-2-e,10,0.23811,329,1,61,3,38,unroll_8,pipeline_1,unroll_31,pipeline_1,unroll_8,unroll_2,pipeline_1,unroll_31,unroll_4,1,25.75,0.380826082877,False
stencil3d_236.c,xczu7ev-ffvc1156-2-e,10,0.22619,252,1,21,1,21,unroll_8,pipeline_1,unroll_4,pipeline_1,pipeline_1,pipeline_1,pipeline_1,unroll_2,unroll_15,1,11,0.972351292828,False
stencil3d_303.c,xczu7ev-ffvc1156-2-e,10,0.23039,264,1,21,1,20,unroll_8,pipeline_1,unroll_4,pipeline_1,unroll_2,pipeline_1,pipeline_1,unroll_2,unroll_15,3,10.75,0.952241007888,False
stencil3d_113.c,xczu7ev-ffvc1156-2-e,10,0.23039,283,1,53,3,31,unroll_8,pipeline_1,unroll_4,pipeline_1,unroll_2,pipeline_1,pipeline_1,unroll_4,unroll_4,1,22,0.486058041597,False
stencil3d_73.c,xczu7ev-ffvc1156-2-e,10,0.22911,309,1,61,3,36,unroll_8,pipeline_1,unroll_4,pipeline_1,unroll_4,unroll_2,pipeline_1,unroll_31,unroll_4,1,25.25,0.383441071432,False
stencil3d_152.c,xczu7ev-ffvc1156-2-e,10,0.29367,465,1,22,3,33,unroll_8,pipeline_1,unroll_4,unroll_31,pipeline_1,pipeline_1,pipeline_1,unroll_2,unroll_15,1,14.75,0.595140555099,False
stencil3d_136.c,xczu7ev-ffvc1156-2-e,10,0.22902,290,1,35,2,27,unroll_8,pipeline_1,unroll_8,pipeline_1,pipeline_1,unroll_16,unroll_4,pipeline_1,unroll_2,1,16.25,0.739174351374,False
stencil3d_70.c,xczu7ev-ffvc1156-2-e,10,0.35171,32,1,3,1,4,unroll_8,pipeline_1,unroll_8,unroll_2,pipeline_1,unroll_16,unroll_4,pipeline_1,unroll_2,1,2.25,0.582691951519,False
stencil3d_107.c,xczu7ev-ffvc1156-2-e,10,0.35067,40,1,3,1,5,unroll_8,pipeline_1,unroll_8,unroll_2,pipeline_1,unroll_16,unroll_8,pipeline_1,unroll_2,1,2.5,0.589248432895,False
stencil3d_22.c,xczu7ev-ffvc1156-2-e,10,0.35171,37,1,3,1,4,unroll_8,pipeline_1,unroll_8,unroll_2,pipeline_1,unroll_2,unroll_4,pipeline_1,unroll_2,1,2.25,0.582691951519,False
stencil3d_87.c,xczu7ev-ffvc1156-2-e,10,0.35724,37,1,3,1,4,unroll_8,unroll_2,pipeline_1,unroll_2,unroll_4,pipeline_1,unroll_8,pipeline_1,pipeline_1,1,2.25,0.562349966875,False
stencil3d_135.c,xczu7ev-ffvc1156-2-e,10,0.23665,269,1,44,3,30,unroll_8,unroll_2,unroll_8,pipeline_1,pipeline_1,unroll_2,unroll_4,pipeline_1,unroll_2,1,19.5,0.584365918907,False
stencil3d_347.c,xczu7ev-ffvc1156-2-e,10,0.22683,307,1,22,2,24,unroll_8,unroll_31,pipeline_1,pipeline_1,pipeline_1,pipeline_1,unroll_31,unroll_4,unroll_15,1,12.25,0.940901678911,False
stencil3d_68.c,xczu7ev-ffvc1156-2-e,10,0.22792,329,1,61,3,41,unroll_8,unroll_31,pipeline_1,pipeline_1,unroll_8,unroll_16,unroll_2,unroll_31,pipeline_1,1,26.5,0.383620801882,False
stencil3d_37.c,xczu7ev-ffvc1156-2-e,10,0.22792,363,1,40,2,33,unroll_8,unroll_31,pipeline_1,pipeline_1,unroll_8,unroll_16,unroll_2,unroll_31,unroll_15,1,19,0.611066272694,False
stencil3d_78.c,xczu7ev-ffvc1156-2-e,10,0.23301,350,1,40,3,30,unroll_8,unroll_31,pipeline_1,pipeline_1,unroll_8,unroll_2,unroll_2,unroll_31,unroll_15,1,18.5,0.630707032887,False
stencil3d_102.c,xczu7ev-ffvc1156-2-e,10,0.23794,309,1,21,2,22,unroll_8,unroll_31,unroll_2,pipeline_1,unroll_8,unroll_2,unroll_2,unroll_2,unroll_15,1,11.5,0.900025789485,False
stencil3d_63.c,xczu7ev-ffvc1156-2-e,10,0.23633,286,1,22,1,21,unroll_8,unroll_4,unroll_2,pipeline_1,unroll_2,pipeline_1,pipeline_1,unroll_8,unroll_15,1,11.25,0.91368353034,False
stencil3d_256.c,xczu7ev-ffvc1156-2-e,10,0.30663,41,1,10,1,6,unroll_8,unroll_8,unroll_2,unroll_2,pipeline_1,unroll_2,unroll_2,unroll_2,unroll_15,1,4.5,0.692755565653,False
stencil3d_216.c,xczu7ev-ffvc1156-2-e,10,0.33162,46,1,6,1,8,unroll_8,unroll_8,unroll_2,unroll_4,pipeline_1,unroll_16,unroll_2,pipeline_1,unroll_2,1,4,0.634867258052,False
stencil3d_24.c,xczu7ev-ffvc1156-2-e,10,0.5896,33,1,1,1,3,unroll_8,unroll_8,unroll_2,unroll_4,unroll_4,unroll_8,unroll_2,unroll_2,unroll_2,1,1.5,0.154582400152,False
stencil3d_81.c,xczu7ev-ffvc1156-2-e,10,0.29769,53,1,12,2,12,unroll_8,unroll_8,unroll_2,unroll_8,unroll_4,unroll_8,unroll_2,pipeline_1,unroll_2,1,6.75,0.720779862864,False
stencil3d_120.c,xczu7ev-ffvc1156-2-e,10,0.36063,39,1,3,1,5,unroll_8,unroll_8,unroll_8,unroll_2,pipeline_1,unroll_8,unroll_2,pipeline_1,unroll_2,1,2.5,0.552250987018,False
