Version,Device,Clock_Period_nsec,Latency_msec,Synthesis_Time_sec,BRAM_Utilization_percentage,DSP_Utilization_percentage,FF_Utilization_percentage,LUT_Utilization_percentage,Array_1,Array_2,Array_3,Array_4,Array_5,Array_6,Array_7,OuterLoop_1,OuterLoop_2,OuterLoop_3,OuterLoop_4,OuterLoop_5,InnerLoop_1_1,InnerLoop_1_2,InnerLoop_1_3,InnerLoop_1_4,InnerLoop_1_5,InnerLoop_1_6,InnerLoop_2_1,InnerLoop_2_2,InnerLoop_2_3,InnerLoop_2_4,InnerLoop_2_5,InnerLoop_2_6,InnerLoop_2_7,InnerLoop_3_1,Replicate_Count,Area,Weight,is_pareto
workload_653.cpp,xczu7ev-ffvc1156-2-e,10,14.87173,1440,51,1,13,86,cyclic_4_1,cyclic_128_1,block_128_1,block_128_1,cyclic_128_1,block_2_1,cyclic_4_1,pipeline_1,pipeline_1,pipeline_1,pipeline_1,unroll_2,unroll_5,pipeline_1,unroll_4,pipeline_1,unroll_8,unroll_2,pipeline_1,unroll_2,unroll_2,unroll_36,pipeline_1,pipeline_1,unroll_4,unroll_5,1,37.75,0.273766644447,False
workload_745.cpp,xczu7ev-ffvc1156-2-e,10,36.15637,1356,43,1,13,73,cyclic_4_1,cyclic_128_1,block_128_1,block_64_1,block_8_1,block_2_1,cyclic_4_1,pipeline_1,pipeline_1,pipeline_1,pipeline_1,unroll_2,pipeline_1,pipeline_1,unroll_4,unroll_4,unroll_8,unroll_2,unroll_5,unroll_16,unroll_2,unroll_16,unroll_16,pipeline_1,unroll_4,unroll_5,1,32.5,0.424332249547,False
workload_535.cpp,xczu7ev-ffvc1156-2-e,10,35.80083,1443,43,1,12,70,cyclic_4_1,cyclic_128_1,block_128_1,block_64_1,block_8_1,complete_1,cyclic_2_1,pipeline_1,pipeline_1,unroll_8,pipeline_1,unroll_2,pipeline_1,unroll_4,unroll_4,pipeline_1,unroll_32,unroll_2,pipeline_1,pipeline_1,pipeline_1,unroll_36,unroll_16,pipeline_1,unroll_4,unroll_5,1,31.5,0.458424261438,False
workload_655.cpp,xczu7ev-ffvc1156-2-e,10,35.80443,1541,43,1,12,79,cyclic_4_1,cyclic_128_1,block_128_1,block_64_1,block_8_1,complete_1,cyclic_2_1,pipeline_1,pipeline_1,unroll_8,pipeline_1,unroll_2,pipeline_1,unroll_4,unroll_4,pipeline_1,unroll_32,unroll_2,pipeline_1,unroll_16,unroll_2,unroll_36,unroll_16,pipeline_1,unroll_4,unroll_5,1,33.75,0.384143220342,False
workload_752.cpp,xczu7ev-ffvc1156-2-e,10,17.44908,1529,66,1,10,87,cyclic_4_1,cyclic_128_1,cyclic_16_1,block_128_1,cyclic_128_1,block_2_1,cyclic_4_1,unroll_5,pipeline_1,unroll_8,pipeline_1,unroll_2,unroll_5,unroll_4,unroll_2,unroll_2,unroll_2,unroll_2,unroll_5,unroll_4,unroll_2,unroll_16,unroll_16,pipeline_1,unroll_4,pipeline_1,1,41,0.203345608175,False
workload_877.cpp,xczu7ev-ffvc1156-2-e,10,13.60165,969,33,1,10,73,cyclic_4_1,cyclic_128_1,cyclic_16_1,block_4_1,cyclic_128_1,block_2_1,cyclic_4_1,unroll_5,pipeline_1,pipeline_1,pipeline_1,unroll_2,unroll_5,pipeline_1,unroll_2,unroll_4,unroll_2,unroll_2,unroll_5,unroll_2,unroll_2,unroll_16,unroll_16,pipeline_1,unroll_4,unroll_5,1,29.25,0.543897975444,False
workload_726.cpp,xczu7ev-ffvc1156-2-e,10,14.01277,1325,51,1,11,82,cyclic_4_1,cyclic_128_1,cyclic_2_1,block_128_1,cyclic_128_1,block_2_1,cyclic_4_1,pipeline_1,pipeline_1,pipeline_1,pipeline_1,unroll_2,unroll_5,pipeline_1,unroll_4,pipeline_1,unroll_32,unroll_2,pipeline_1,unroll_2,unroll_4,unroll_2,pipeline_1,pipeline_1,unroll_4,unroll_5,1,36.25,0.312400220017,False
workload_680.cpp,xczu7ev-ffvc1156-2-e,10,683.27293,1049,51,1,10,76,cyclic_4_1,cyclic_128_1,cyclic_2_1,block_128_1,cyclic_128_1,block_2_1,cyclic_4_1,pipeline_1,unroll_2,pipeline_1,pipeline_1,unroll_2,unroll_5,unroll_4,unroll_4,unroll_4,unroll_2,unroll_2,unroll_5,unroll_2,unroll_2,unroll_4,unroll_16,pipeline_1,unroll_4,unroll_5,1,34.5,0.1,False
workload_750.cpp,xczu7ev-ffvc1156-2-e,10,14.01637,1421,51,1,11,83,cyclic_4_1,cyclic_128_1,cyclic_2_1,block_128_1,cyclic_64_1,block_2_1,cyclic_4_1,pipeline_1,pipeline_1,pipeline_1,pipeline_1,unroll_2,pipeline_1,pipeline_1,unroll_4,unroll_4,unroll_32,unroll_2,pipeline_1,unroll_2,unroll_4,unroll_16,pipeline_1,pipeline_1,unroll_4,unroll_5,1,36.5,0.305692745336,False
workload_741.cpp,xczu7ev-ffvc1156-2-e,10,14.07937,1539,51,1,10,83,cyclic_4_1,cyclic_128_1,cyclic_2_1,block_128_1,cyclic_64_1,complete_1,cyclic_4_1,pipeline_1,pipeline_1,unroll_36,pipeline_1,unroll_2,pipeline_1,pipeline_1,unroll_4,pipeline_1,unroll_32,unroll_2,unroll_5,unroll_2,unroll_2,unroll_16,pipeline_1,pipeline_1,unroll_4,unroll_5,1,36.25,0.31240001418,False
workload_838.cpp,xczu7ev-ffvc1156-2-e,10,13.71397,777.5,33,0,8,59.5,cyclic_4_1,cyclic_128_1,cyclic_2_1,block_2_1,cyclic_128_1,block_2_1,cyclic_4_1,pipeline_1,pipeline_1,unroll_2,pipeline_1,unroll_2,pipeline_1,pipeline_1,unroll_8,pipeline_1,unroll_2,unroll_2,unroll_5,unroll_2,unroll_2,unroll_16,unroll_16,pipeline_1,unroll_4,unroll_5,2,25.125,0.691217136448,False
workload_792.cpp,xczu7ev-ffvc1156-2-e,10,14.01709,841,36,1,12,72,cyclic_4_1,cyclic_128_1,cyclic_2_1,block_32_1,cyclic_128_1,block_2_1,cyclic_4_1,pipeline_1,pipeline_1,pipeline_1,pipeline_1,unroll_2,pipeline_1,unroll_4,unroll_4,pipeline_1,pipeline_1,unroll_2,unroll_5,pipeline_1,pipeline_1,unroll_16,unroll_16,pipeline_1,unroll_4,unroll_5,1,30.25,0.505659086612,False
workload_560.cpp,xczu7ev-ffvc1156-2-e,10,14.01637,861,41,1,12,74,cyclic_4_1,cyclic_128_1,cyclic_2_1,block_64_1,cyclic_128_1,block_2_1,cyclic_4_1,pipeline_1,pipeline_1,pipeline_1,pipeline_1,unroll_2,pipeline_1,pipeline_1,unroll_4,pipeline_1,unroll_32,unroll_2,pipeline_1,unroll_2,unroll_4,unroll_16,pipeline_1,pipeline_1,unroll_4,unroll_5,1,32,0.442890563783,False
workload_699.cpp,xczu7ev-ffvc1156-2-e,10,14.01277,1008,41,1,12,77,cyclic_4_1,cyclic_128_1,cyclic_2_1,block_64_1,cyclic_128_1,block_2_1,cyclic_4_1,pipeline_1,pipeline_1,pipeline_1,pipeline_1,unroll_2,unroll_5,pipeline_1,unroll_4,pipeline_1,unroll_32,unroll_2,pipeline_1,unroll_2,unroll_4,unroll_36,pipeline_1,pipeline_1,unroll_4,unroll_5,1,32.75,0.417603335175,False
workload_867.cpp,xczu7ev-ffvc1156-2-e,10,12.50581,1265,51,0,9,77,cyclic_4_1,cyclic_128_1,cyclic_2_1,cyclic_128_1,cyclic_128_1,block_2_1,cyclic_4_1,pipeline_1,pipeline_1,pipeline_1,pipeline_1,unroll_2,pipeline_1,pipeline_1,unroll_8,unroll_4,unroll_2,unroll_2,unroll_5,unroll_2,unroll_4,unroll_16,pipeline_1,pipeline_1,unroll_4,unroll_5,1,34.25,0.369935322823,False
workload_786.cpp,xczu7ev-ffvc1156-2-e,10,12.50581,1568,51,0,9,81,cyclic_4_1,cyclic_128_1,cyclic_2_1,cyclic_128_1,cyclic_128_1,cyclic_8_1,cyclic_4_1,pipeline_1,pipeline_1,pipeline_1,pipeline_1,unroll_2,unroll_5,pipeline_1,unroll_8,unroll_4,pipeline_1,unroll_2,unroll_5,unroll_2,unroll_4,unroll_36,unroll_16,pipeline_1,unroll_4,unroll_5,1,35.25,0.340307205027,False
workload_827.cpp,xczu7ev-ffvc1156-2-e,10,12.50581,1073,33,0,9,62,cyclic_4_1,cyclic_128_1,cyclic_2_1,cyclic_16_1,cyclic_128_1,block_2_1,cyclic_4_1,pipeline_1,pipeline_1,pipeline_1,pipeline_1,unroll_2,pipeline_1,pipeline_1,unroll_4,pipeline_1,unroll_2,unroll_2,unroll_5,unroll_2,unroll_4,unroll_16,unroll_16,pipeline_1,unroll_4,unroll_5,1,26,0.680051792914,False
workload_728.cpp,xczu7ev-ffvc1156-2-e,10,12.50581,1131,33,0,8,63,cyclic_4_1,cyclic_128_1,cyclic_2_1,cyclic_16_1,cyclic_128_1,block_2_1,cyclic_4_1,pipeline_1,pipeline_1,pipeline_1,pipeline_1,unroll_2,pipeline_1,pipeline_1,unroll_8,pipeline_1,pipeline_1,unroll_2,unroll_5,unroll_2,unroll_4,unroll_16,pipeline_1,pipeline_1,unroll_4,unroll_5,1,26,0.680051792914,False
workload_677.cpp,xczu7ev-ffvc1156-2-e,10,12.50581,1080,33,0,8,63,cyclic_4_1,cyclic_128_1,cyclic_2_1,cyclic_16_1,cyclic_128_1,block_2_1,cyclic_4_1,pipeline_1,pipeline_1,pipeline_1,pipeline_1,unroll_2,pipeline_1,pipeline_1,unroll_8,unroll_4,pipeline_1,unroll_2,unroll_5,unroll_2,unroll_4,unroll_16,pipeline_1,pipeline_1,unroll_4,unroll_5,1,26,0.680051792914,False
workload_814.cpp,xczu7ev-ffvc1156-2-e,10,13.64701,1005,33,0,8,61,cyclic_4_1,cyclic_128_1,cyclic_2_1,cyclic_16_1,cyclic_64_1,block_2_1,cyclic_4_1,pipeline_1,pipeline_1,pipeline_1,pipeline_1,unroll_2,pipeline_1,pipeline_1,unroll_8,pipeline_1,pipeline_1,unroll_2,unroll_5,unroll_2,unroll_4,unroll_16,pipeline_1,pipeline_1,unroll_4,unroll_5,1,25.5,0.691110073674,False
workload_855.cpp,xczu7ev-ffvc1156-2-e,10,13.64701,1433,33,0,8,79,cyclic_4_1,cyclic_128_1,cyclic_2_1,cyclic_16_1,cyclic_64_1,block_2_1,cyclic_8_1,pipeline_1,pipeline_1,pipeline_1,pipeline_1,unroll_2,pipeline_1,pipeline_1,unroll_4,pipeline_1,pipeline_1,unroll_2,unroll_5,unroll_2,unroll_4,unroll_16,pipeline_1,pipeline_1,unroll_8,unroll_5,1,30,0.51506011878,False
workload_853.cpp,xczu7ev-ffvc1156-2-e,10,12.09109,1282,51,0,7,75,cyclic_4_1,cyclic_128_1,cyclic_4_1,cyclic_128_1,cyclic_128_1,block_2_1,cyclic_4_1,pipeline_1,pipeline_1,pipeline_1,pipeline_1,unroll_2,unroll_5,pipeline_1,unroll_4,unroll_4,unroll_2,unroll_2,unroll_5,unroll_2,unroll_2,unroll_16,unroll_16,pipeline_1,unroll_4,unroll_5,1,33.25,0.401283769042,False
workload_582.cpp,xczu7ev-ffvc1156-2-e,10,38.36004,1733,37,1,11,61,cyclic_4_1,cyclic_2_1,block_128_1,block_128_1,block_8_1,complete_1,cyclic_2_1,pipeline_1,pipeline_1,unroll_8,pipeline_1,unroll_2,pipeline_1,unroll_4,unroll_8,unroll_4,unroll_2,unroll_2,unroll_5,pipeline_1,pipeline_1,unroll_36,unroll_16,pipeline_1,unroll_4,unroll_5,1,27.5,0.607555383689,False
workload_764.cpp,xczu7ev-ffvc1156-2-e,10,14.87605,1092,35,1,11,61,cyclic_4_1,cyclic_2_1,block_128_1,block_128_1,cyclic_128_1,block_2_1,cyclic_2_1,pipeline_1,pipeline_1,pipeline_1,pipeline_1,unroll_2,unroll_5,unroll_4,unroll_8,unroll_4,unroll_2,unroll_2,unroll_5,unroll_2,unroll_2,unroll_8,unroll_16,pipeline_1,unroll_4,unroll_5,1,27,0.636125735442,False
workload_681.cpp,xczu7ev-ffvc1156-2-e,10,14.87173,1098,35,1,12,67,cyclic_4_1,cyclic_2_1,block_128_1,block_128_1,cyclic_128_1,block_2_1,cyclic_4_1,pipeline_1,pipeline_1,pipeline_1,pipeline_1,unroll_2,pipeline_1,pipeline_1,unroll_8,unroll_4,unroll_2,unroll_2,unroll_5,unroll_2,unroll_2,unroll_16,pipeline_1,pipeline_1,unroll_4,pipeline_1,1,28.75,0.563631494867,False
workload_725.cpp,xczu7ev-ffvc1156-2-e,10,14.87173,1122,35,1,12,68,cyclic_4_1,cyclic_2_1,block_128_1,block_128_1,cyclic_128_1,block_2_1,cyclic_4_1,pipeline_1,pipeline_1,pipeline_1,pipeline_1,unroll_2,pipeline_1,pipeline_1,unroll_8,unroll_4,unroll_2,unroll_2,unroll_5,unroll_2,unroll_2,unroll_16,unroll_16,pipeline_1,unroll_4,pipeline_1,1,29,0.553699270398,False
workload_747.cpp,xczu7ev-ffvc1156-2-e,10,14.87173,1194,35,1,12,67,cyclic_4_1,cyclic_2_1,block_128_1,block_128_1,cyclic_128_1,block_2_1,cyclic_4_1,pipeline_1,pipeline_1,pipeline_1,pipeline_1,unroll_2,unroll_5,pipeline_1,unroll_4,unroll_4,unroll_2,unroll_2,unroll_5,unroll_2,unroll_2,unroll_16,unroll_16,pipeline_1,unroll_4,unroll_5,1,28.75,0.563631494867,False
workload_798.cpp,xczu7ev-ffvc1156-2-e,10,14.87173,1162,35,1,13,72,cyclic_4_1,cyclic_2_1,block_128_1,block_128_1,cyclic_128_1,complete_1,cyclic_4_1,pipeline_1,pipeline_1,pipeline_1,pipeline_1,unroll_2,unroll_5,pipeline_1,unroll_4,pipeline_1,unroll_8,unroll_2,unroll_5,unroll_16,unroll_2,unroll_16,unroll_16,pipeline_1,unroll_4,unroll_5,1,30.25,0.505645808188,False
workload_738.cpp,xczu7ev-ffvc1156-2-e,10,14.50309,544,17,0,10,45,cyclic_4_1,cyclic_2_1,block_128_1,block_2_1,cyclic_128_1,block_2_1,block_4_1,unroll_5,pipeline_1,pipeline_1,pipeline_1,unroll_2,pipeline_1,pipeline_1,unroll_2,pipeline_1,unroll_2,unroll_2,unroll_5,unroll_2,unroll_4,unroll_16,unroll_16,pipeline_1,unroll_4,unroll_5,1,18,0.846950407264,False
workload_807.cpp,xczu7ev-ffvc1156-2-e,10,14.50309,542,17,0,10,45.5,cyclic_4_1,cyclic_2_1,block_128_1,block_2_1,cyclic_128_1,block_2_1,cyclic_4_1,unroll_5,pipeline_1,pipeline_1,pipeline_1,unroll_2,pipeline_1,pipeline_1,unroll_4,pipeline_1,unroll_2,unroll_2,unroll_5,unroll_2,unroll_4,unroll_16,unroll_16,pipeline_1,unroll_4,unroll_5,2,18.125,0.840633604117,False
workload_762.cpp,xczu7ev-ffvc1156-2-e,10,14.56609,574,17,0,10,46,cyclic_4_1,cyclic_2_1,block_128_1,block_2_1,cyclic_128_1,block_2_1,cyclic_4_1,unroll_5,pipeline_1,unroll_36,pipeline_1,unroll_2,pipeline_1,pipeline_1,unroll_2,pipeline_1,unroll_2,unroll_2,unroll_5,unroll_2,unroll_4,unroll_16,unroll_16,pipeline_1,unroll_4,unroll_5,1,18.25,0.834337985363,False
workload_800.cpp,xczu7ev-ffvc1156-2-e,10,14.50309,534,17,0,10,45,cyclic_4_1,cyclic_2_1,block_128_1,block_2_1,cyclic_128_1,block_2_1,cyclic_8_1,pipeline_1,pipeline_1,pipeline_1,pipeline_1,unroll_2,pipeline_1,pipeline_1,unroll_4,pipeline_1,unroll_8,unroll_2,pipeline_1,unroll_2,unroll_4,unroll_16,unroll_16,pipeline_1,unroll_4,unroll_5,1,18,0.846950407264,False
workload_721.cpp,xczu7ev-ffvc1156-2-e,10,35.80083,1073,27,1,11,52,cyclic_4_1,cyclic_2_1,block_128_1,block_64_1,block_8_1,complete_1,cyclic_2_1,pipeline_1,pipeline_1,unroll_8,pipeline_1,unroll_2,pipeline_1,unroll_4,unroll_4,pipeline_1,unroll_2,unroll_2,pipeline_1,pipeline_1,pipeline_1,unroll_36,unroll_16,pipeline_1,unroll_4,unroll_5,1,22.75,0.686765737442,False
workload_833.cpp,xczu7ev-ffvc1156-2-e,10,14.87605,664,25,1,11,53,cyclic_4_1,cyclic_2_1,block_128_1,block_64_1,cyclic_128_1,block_2_1,cyclic_2_1,pipeline_1,pipeline_1,pipeline_1,pipeline_1,unroll_2,unroll_5,unroll_4,unroll_8,unroll_4,unroll_2,unroll_2,unroll_5,unroll_2,unroll_2,unroll_16,unroll_16,pipeline_1,unroll_4,unroll_5,1,22.5,0.691257790628,False
workload_844.cpp,xczu7ev-ffvc1156-2-e,10,13.35757,1048,35,0,10,65,cyclic_4_1,cyclic_2_1,block_128_1,cyclic_128_1,cyclic_128_1,complete_1,cyclic_4_1,pipeline_1,pipeline_1,pipeline_1,pipeline_1,unroll_2,unroll_5,pipeline_1,unroll_2,unroll_4,unroll_2,unroll_2,unroll_5,pipeline_1,unroll_2,unroll_16,unroll_16,pipeline_1,unroll_4,unroll_5,1,27.5,0.614950251608,False
workload_924.cpp,xczu7ev-ffvc1156-2-e,10,13.36117,886,17,0,8,43,cyclic_4_1,cyclic_2_1,block_128_1,cyclic_16_1,cyclic_128_1,complete_1,cyclic_2_1,pipeline_1,pipeline_1,pipeline_1,pipeline_1,unroll_2,unroll_5,pipeline_1,unroll_4,unroll_4,unroll_2,unroll_2,unroll_5,unroll_2,unroll_8,unroll_2,unroll_16,pipeline_1,unroll_4,unroll_5,1,17,0.89846665935,False
workload_884.cpp,xczu7ev-ffvc1156-2-e,10,13.36117,886,17,0,8,43,cyclic_4_1,cyclic_2_1,block_128_1,cyclic_16_1,cyclic_128_1,complete_1,cyclic_2_1,pipeline_1,pipeline_1,pipeline_1,pipeline_1,unroll_2,unroll_5,pipeline_1,unroll_8,unroll_4,unroll_2,unroll_2,unroll_5,unroll_2,unroll_8,unroll_2,unroll_16,pipeline_1,unroll_4,unroll_5,1,17,0.89846665935,False
workload_866.cpp,xczu7ev-ffvc1156-2-e,10,13.36117,877,17,0,8,43,cyclic_4_1,cyclic_2_1,block_128_1,cyclic_16_1,cyclic_128_1,complete_1,cyclic_4_1,pipeline_1,pipeline_1,pipeline_1,pipeline_1,unroll_2,unroll_5,pipeline_1,unroll_8,unroll_4,unroll_8,unroll_2,unroll_5,unroll_2,unroll_8,unroll_2,pipeline_1,pipeline_1,unroll_4,unroll_5,2,17,0.89846665935,False
workload_759.cpp,xczu7ev-ffvc1156-2-e,10,34.88629,1736,38,1,10,84,cyclic_4_1,cyclic_2_1,cyclic_16_1,block_128_1,block_8_1,block_2_1,cyclic_2_1,pipeline_1,pipeline_1,pipeline_1,pipeline_1,unroll_2,pipeline_1,unroll_4,unroll_2,unroll_4,unroll_2,unroll_2,unroll_5,unroll_16,pipeline_1,unroll_36,unroll_16,pipeline_1,unroll_4,unroll_5,1,33.25,0.40003264614,False
workload_733.cpp,xczu7ev-ffvc1156-2-e,10,13.60597,1166,36,1,8.5,70.5,cyclic_4_1,cyclic_2_1,cyclic_16_1,block_128_1,cyclic_128_1,complete_1,cyclic_4_1,unroll_5,pipeline_1,pipeline_1,pipeline_1,unroll_2,pipeline_1,unroll_4,unroll_2,unroll_4,unroll_2,unroll_2,unroll_5,unroll_2,unroll_2,unroll_16,unroll_16,pipeline_1,unroll_4,pipeline_1,2,29,0.55372540487,False
workload_859.cpp,xczu7ev-ffvc1156-2-e,10,13.23301,665,17,0,8,55,cyclic_4_1,cyclic_2_1,cyclic_16_1,block_2_1,cyclic_128_1,block_2_1,block_4_1,unroll_5,pipeline_1,pipeline_1,pipeline_1,unroll_2,unroll_5,pipeline_1,unroll_2,pipeline_1,unroll_2,unroll_2,unroll_5,unroll_2,unroll_4,unroll_16,unroll_16,pipeline_1,unroll_4,unroll_5,1,20,0.749035569402,False
workload_783.cpp,xczu7ev-ffvc1156-2-e,10,37.50468,1761,38,1,9,66,cyclic_4_1,cyclic_2_1,cyclic_2_1,block_128_1,block_8_1,complete_1,cyclic_4_1,pipeline_1,pipeline_1,unroll_8,pipeline_1,unroll_2,pipeline_1,pipeline_1,unroll_4,unroll_4,unroll_2,unroll_2,unroll_5,pipeline_1,pipeline_1,unroll_36,unroll_16,pipeline_1,unroll_4,unroll_5,1,28.5,0.569093738141,False
workload_777.cpp,xczu7ev-ffvc1156-2-e,10,14.01637,1095,35,1,11,67,cyclic_4_1,cyclic_2_1,cyclic_2_1,block_128_1,cyclic_128_1,block_2_1,cyclic_4_1,pipeline_1,pipeline_1,pipeline_1,pipeline_1,unroll_2,pipeline_1,pipeline_1,unroll_4,pipeline_1,unroll_2,unroll_2,unroll_5,unroll_2,unroll_2,unroll_16,unroll_16,pipeline_1,unroll_4,unroll_5,1,28.5,0.573694964471,False
workload_555.cpp,xczu7ev-ffvc1156-2-e,10,14.01637,1055,35,1,11,67,cyclic_4_1,cyclic_2_1,cyclic_2_1,block_128_1,cyclic_128_1,block_2_1,cyclic_4_1,pipeline_1,pipeline_1,pipeline_1,pipeline_1,unroll_2,pipeline_1,pipeline_1,unroll_8,unroll_4,unroll_2,unroll_2,unroll_5,unroll_2,unroll_4,unroll_16,pipeline_1,pipeline_1,unroll_4,unroll_5,2,28.5,0.573694964471,False
workload_839.cpp,xczu7ev-ffvc1156-2-e,10,14.01637,963,35,1,11,65,cyclic_4_1,cyclic_2_1,cyclic_2_1,block_128_1,cyclic_128_1,block_2_1,cyclic_4_1,pipeline_1,pipeline_1,pipeline_1,pipeline_1,unroll_2,pipeline_1,pipeline_1,unroll_8,unroll_4,unroll_2,unroll_2,unroll_5,unroll_2,unroll_4,unroll_8,pipeline_1,pipeline_1,unroll_4,unroll_5,1,28,0.594099331183,False
workload_470.cpp,xczu7ev-ffvc1156-2-e,10,14.01637,1082.5,35,1,11,67,cyclic_4_1,cyclic_2_1,cyclic_2_1,block_128_1,cyclic_128_1,block_2_1,cyclic_4_1,pipeline_1,pipeline_1,pipeline_1,pipeline_1,unroll_2,unroll_5,pipeline_1,unroll_4,unroll_4,unroll_2,unroll_2,unroll_5,unroll_2,unroll_2,unroll_16,unroll_16,pipeline_1,unroll_4,unroll_5,2,28.5,0.573694964471,False
workload_510.cpp,xczu7ev-ffvc1156-2-e,10,14.01637,1062,35,1,11,65,cyclic_4_1,cyclic_2_1,cyclic_2_1,block_128_1,cyclic_128_1,block_2_1,cyclic_4_1,pipeline_1,pipeline_1,pipeline_1,pipeline_1,unroll_2,unroll_5,pipeline_1,unroll_4,unroll_4,unroll_2,unroll_2,unroll_5,unroll_2,unroll_2,unroll_8,unroll_16,pipeline_1,unroll_4,unroll_5,1,28,0.594099331183,False
workload_771.cpp,xczu7ev-ffvc1156-2-e,10,14.01709,1157,35,1,11,66,cyclic_4_1,cyclic_2_1,cyclic_2_1,block_128_1,cyclic_128_1,block_2_1,cyclic_4_1,pipeline_1,pipeline_1,pipeline_1,pipeline_1,unroll_2,unroll_5,unroll_4,unroll_8,unroll_4,unroll_8,unroll_2,unroll_5,unroll_16,pipeline_1,pipeline_1,unroll_16,pipeline_1,unroll_4,unroll_5,1,28.25,0.583843621988,False
workload_826.cpp,xczu7ev-ffvc1156-2-e,10,15.71233,1030,35,1,10,65,cyclic_4_1,cyclic_2_1,cyclic_2_1,block_128_1,cyclic_128_1,block_2_1,cyclic_4_1,pipeline_1,pipeline_1,unroll_36,pipeline_1,unroll_2,unroll_5,pipeline_1,unroll_2,unroll_4,unroll_2,unroll_2,unroll_5,unroll_2,unroll_2,unroll_8,unroll_16,pipeline_1,unroll_4,unroll_5,1,27.75,0.604377198342,False
workload_756.cpp,xczu7ev-ffvc1156-2-e,10,14.01637,1043,35,1,11,68,cyclic_4_1,cyclic_2_1,cyclic_2_1,block_128_1,cyclic_128_1,block_2_1,cyclic_4_1,unroll_5,pipeline_1,pipeline_1,pipeline_1,unroll_2,pipeline_1,pipeline_1,unroll_4,pipeline_1,unroll_2,unroll_2,unroll_5,unroll_2,unroll_4,unroll_16,pipeline_1,pipeline_1,unroll_4,unroll_5,1,28.75,0.563653455434,False
workload_744.cpp,xczu7ev-ffvc1156-2-e,10,14.01637,1010,35,1,11,65,cyclic_4_1,cyclic_2_1,cyclic_2_1,block_128_1,cyclic_128_1,block_2_1,cyclic_8_1,pipeline_1,pipeline_1,pipeline_1,pipeline_1,unroll_2,unroll_5,pipeline_1,unroll_4,unroll_4,unroll_2,unroll_2,unroll_5,unroll_2,unroll_2,unroll_8,unroll_16,pipeline_1,unroll_4,unroll_5,1,28,0.594099331183,False
workload_822.cpp,xczu7ev-ffvc1156-2-e,10,14.01637,1024,35,1,11,65,cyclic_4_1,cyclic_2_1,cyclic_2_1,block_128_1,cyclic_128_1,block_2_1,cyclic_8_1,pipeline_1,pipeline_1,pipeline_1,pipeline_1,unroll_2,unroll_5,pipeline_1,unroll_8,unroll_4,unroll_2,unroll_2,unroll_5,unroll_2,unroll_2,unroll_8,unroll_16,pipeline_1,unroll_4,unroll_5,1,28,0.594099331183,False
workload_641.cpp,xczu7ev-ffvc1156-2-e,10,14.01637,1049.5,35,1,11,67.5,cyclic_4_1,cyclic_2_1,cyclic_2_1,block_128_1,cyclic_128_1,complete_1,cyclic_4_1,pipeline_1,pipeline_1,pipeline_1,pipeline_1,unroll_2,pipeline_1,pipeline_1,unroll_4,pipeline_1,unroll_2,unroll_2,unroll_5,unroll_2,unroll_4,unroll_16,pipeline_1,pipeline_1,unroll_4,unroll_5,2,28.625,0.56866080684,False
workload_566.cpp,xczu7ev-ffvc1156-2-e,10,14.01637,1125,35,1,10,65,cyclic_4_1,cyclic_2_1,cyclic_2_1,block_128_1,cyclic_64_1,block_2_1,cyclic_4_1,unroll_5,pipeline_1,pipeline_1,pipeline_1,unroll_2,pipeline_1,pipeline_1,pipeline_1,unroll_4,unroll_2,unroll_2,unroll_5,unroll_2,unroll_2,unroll_16,pipeline_1,pipeline_1,unroll_4,unroll_5,1,27.75,0.604461814131,False
workload_784.cpp,xczu7ev-ffvc1156-2-e,10,14.01637,1076,35,1,10,66,cyclic_4_1,cyclic_2_1,cyclic_2_1,block_128_1,cyclic_64_1,complete_1,block_4_1,pipeline_1,pipeline_1,pipeline_1,pipeline_1,unroll_2,pipeline_1,pipeline_1,unroll_4,pipeline_1,unroll_2,unroll_2,unroll_5,unroll_2,unroll_2,unroll_16,pipeline_1,pipeline_1,unroll_4,unroll_5,1,28,0.594099331183,False
workload_682.cpp,xczu7ev-ffvc1156-2-e,10,14.07937,1147,35,1,9,66,cyclic_4_1,cyclic_2_1,cyclic_2_1,block_128_1,cyclic_64_1,complete_1,cyclic_4_1,pipeline_1,pipeline_1,unroll_36,pipeline_1,unroll_2,pipeline_1,pipeline_1,unroll_4,pipeline_1,unroll_2,unroll_2,unroll_5,unroll_2,unroll_2,unroll_16,pipeline_1,pipeline_1,unroll_4,unroll_5,1,27.75,0.604459749498,False
workload_832.cpp,xczu7ev-ffvc1156-2-e,10,14.07937,1285,35,1,9,69,cyclic_4_1,cyclic_2_1,cyclic_2_1,block_128_1,cyclic_64_1,complete_1,cyclic_4_1,pipeline_1,pipeline_1,unroll_36,pipeline_1,unroll_2,pipeline_1,pipeline_1,unroll_4,pipeline_1,unroll_2,unroll_2,unroll_5,unroll_2,unroll_2,unroll_36,pipeline_1,pipeline_1,unroll_4,unroll_5,1,28.5,0.573693554815,False
workload_856.cpp,xczu7ev-ffvc1156-2-e,10,13.64773,492,17,0,9,45,cyclic_4_1,cyclic_2_1,cyclic_2_1,block_2_1,cyclic_128_1,block_2_1,block_4_1,unroll_5,pipeline_1,pipeline_1,pipeline_1,unroll_2,pipeline_1,pipeline_1,unroll_4,pipeline_1,unroll_2,unroll_2,unroll_5,unroll_2,unroll_4,unroll_16,pipeline_1,pipeline_1,unroll_4,unroll_5,1,17.75,0.859722314159,False
workload_951.cpp,xczu7ev-ffvc1156-2-e,10,13.64773,529,17,0,9,48,cyclic_4_1,cyclic_2_1,cyclic_2_1,block_2_1,cyclic_128_1,block_2_1,block_4_1,unroll_5,pipeline_1,pipeline_1,pipeline_1,unroll_2,pipeline_1,pipeline_1,unroll_4,pipeline_1,unroll_2,unroll_2,unroll_5,unroll_2,unroll_4,unroll_16,pipeline_1,pipeline_1,unroll_8,unroll_5,1,18.5,0.821869278832,False
workload_700.cpp,xczu7ev-ffvc1156-2-e,10,13.64773,487,17,0,9,45,cyclic_4_1,cyclic_2_1,cyclic_2_1,block_2_1,cyclic_128_1,block_2_1,block_4_1,unroll_5,pipeline_1,pipeline_1,pipeline_1,unroll_2,pipeline_1,pipeline_1,unroll_4,pipeline_1,unroll_2,unroll_2,unroll_5,unroll_2,unroll_4,unroll_16,unroll_16,pipeline_1,unroll_4,unroll_5,2,17.75,0.859722314159,False
workload_806.cpp,xczu7ev-ffvc1156-2-e,10,13.64773,520,17,0,9,46,cyclic_4_1,cyclic_2_1,cyclic_2_1,block_2_1,cyclic_128_1,block_2_1,block_4_1,unroll_5,pipeline_1,pipeline_1,pipeline_1,unroll_2,pipeline_1,pipeline_1,unroll_8,unroll_4,pipeline_1,unroll_2,unroll_5,unroll_2,unroll_4,unroll_16,pipeline_1,pipeline_1,unroll_4,unroll_5,1,18,0.847000345464,False
workload_926.cpp,xczu7ev-ffvc1156-2-e,10,13.65205,429,17,0,8,40,cyclic_4_1,cyclic_2_1,cyclic_2_1,block_2_1,cyclic_128_1,block_2_1,block_4_1,unroll_5,pipeline_1,pipeline_1,pipeline_1,unroll_2,pipeline_1,unroll_4,unroll_2,unroll_4,unroll_2,unroll_2,unroll_5,unroll_2,unroll_2,unroll_16,pipeline_1,pipeline_1,unroll_4,unroll_5,1,16.25,0.911667654512,False
workload_894.cpp,xczu7ev-ffvc1156-2-e,10,13.65205,432,17,0,8,41,cyclic_4_1,cyclic_2_1,cyclic_2_1,block_2_1,cyclic_128_1,block_2_1,block_4_1,unroll_5,pipeline_1,pipeline_1,pipeline_1,unroll_2,pipeline_1,unroll_4,unroll_2,unroll_4,unroll_2,unroll_2,unroll_5,unroll_2,unroll_2,unroll_16,unroll_16,pipeline_1,unroll_4,unroll_5,1,16.5,0.91155892823,False
workload_936.cpp,xczu7ev-ffvc1156-2-e,10,13.65205,470,17,0,7,40,cyclic_4_1,cyclic_2_1,cyclic_2_1,block_2_1,cyclic_128_1,block_2_1,block_4_1,unroll_5,pipeline_1,pipeline_1,pipeline_1,unroll_2,unroll_5,unroll_4,unroll_2,pipeline_1,unroll_2,unroll_2,unroll_5,unroll_2,unroll_2,unroll_16,unroll_16,pipeline_1,unroll_4,unroll_5,1,16,0.91828807759,False
workload_858.cpp,xczu7ev-ffvc1156-2-e,10,13.71073,550,17,0,8,45,cyclic_4_1,cyclic_2_1,cyclic_2_1,block_2_1,cyclic_128_1,block_2_1,block_4_1,unroll_5,pipeline_1,unroll_36,pipeline_1,unroll_2,pipeline_1,pipeline_1,unroll_2,pipeline_1,unroll_2,unroll_2,unroll_5,unroll_2,unroll_4,unroll_16,unroll_16,pipeline_1,unroll_4,unroll_5,1,17.5,0.872539399659,False
workload_757.cpp,xczu7ev-ffvc1156-2-e,10,13.71505,618,17,0,7,42,cyclic_4_1,cyclic_2_1,cyclic_2_1,block_2_1,cyclic_128_1,block_2_1,block_4_1,unroll_5,pipeline_1,unroll_36,pipeline_1,unroll_2,unroll_5,unroll_4,unroll_2,pipeline_1,unroll_2,unroll_2,unroll_5,unroll_2,unroll_2,unroll_16,unroll_16,pipeline_1,unroll_4,unroll_5,1,16.5,0.911542420447,False
workload_823.cpp,xczu7ev-ffvc1156-2-e,10,13.71505,627,17,0,7,42,cyclic_4_1,cyclic_2_1,cyclic_2_1,block_2_1,cyclic_128_1,block_2_1,block_4_1,unroll_5,pipeline_1,unroll_36,pipeline_1,unroll_2,unroll_5,unroll_4,unroll_4,pipeline_1,unroll_2,unroll_2,unroll_5,unroll_2,unroll_2,unroll_16,unroll_16,pipeline_1,unroll_4,unroll_5,1,16.5,0.911542420447,False
workload_880.cpp,xczu7ev-ffvc1156-2-e,10,13.65205,428,17,0,8,40,cyclic_4_1,cyclic_2_1,cyclic_2_1,block_2_1,cyclic_128_1,block_2_1,cyclic_4_1,unroll_5,pipeline_1,pipeline_1,pipeline_1,unroll_2,pipeline_1,unroll_4,unroll_2,pipeline_1,unroll_2,unroll_2,unroll_5,unroll_2,unroll_2,unroll_16,unroll_16,pipeline_1,unroll_4,unroll_5,1,16.25,0.911667654512,False
workload_767.cpp,xczu7ev-ffvc1156-2-e,10,13.71397,526,17,0,7,41,cyclic_4_1,cyclic_2_1,cyclic_2_1,block_2_1,cyclic_128_1,block_2_1,cyclic_4_1,unroll_5,pipeline_1,unroll_2,pipeline_1,unroll_2,pipeline_1,pipeline_1,unroll_4,pipeline_1,unroll_2,unroll_2,unroll_5,unroll_2,unroll_2,unroll_16,unroll_16,pipeline_1,unroll_4,unroll_5,1,16.25,0.911660265951,False
workload_888.cpp,xczu7ev-ffvc1156-2-e,10,15.35017,476,17,0,7,39,cyclic_4_1,cyclic_2_1,cyclic_2_1,block_2_1,cyclic_128_1,block_2_1,cyclic_4_1,unroll_5,pipeline_1,unroll_2,pipeline_1,unroll_2,unroll_5,pipeline_1,unroll_2,unroll_4,unroll_2,unroll_2,unroll_5,unroll_2,unroll_2,unroll_16,pipeline_1,pipeline_1,unroll_4,unroll_5,1,15.75,0.930816950943,False
workload_906.cpp,xczu7ev-ffvc1156-2-e,10,13.71397,489,17,0,7,40,cyclic_4_1,cyclic_2_1,cyclic_2_1,block_2_1,cyclic_128_1,block_2_1,cyclic_4_1,unroll_5,pipeline_1,unroll_2,pipeline_1,unroll_2,unroll_5,pipeline_1,unroll_4,pipeline_1,unroll_2,unroll_2,unroll_5,unroll_2,unroll_2,unroll_16,unroll_16,pipeline_1,unroll_4,unroll_5,1,16,0.91828086431,False
workload_845.cpp,xczu7ev-ffvc1156-2-e,10,15.35017,482,17,0,7,39,cyclic_4_1,cyclic_2_1,cyclic_2_1,block_2_1,cyclic_128_1,block_2_1,cyclic_4_1,unroll_5,pipeline_1,unroll_2,pipeline_1,unroll_2,unroll_5,pipeline_1,unroll_4,unroll_4,unroll_2,unroll_2,unroll_5,unroll_2,unroll_2,unroll_16,pipeline_1,pipeline_1,unroll_4,unroll_5,1,15.75,0.930816950943,False
workload_953.cpp,xczu7ev-ffvc1156-2-e,10,13.64773,577,17,0,9,46,cyclic_4_1,cyclic_2_1,cyclic_2_1,block_2_1,cyclic_128_1,block_2_1,cyclic_8_1,unroll_5,pipeline_1,pipeline_1,pipeline_1,unroll_2,pipeline_1,pipeline_1,unroll_2,pipeline_1,unroll_2,unroll_2,unroll_5,unroll_2,unroll_2,unroll_16,unroll_16,pipeline_1,unroll_4,unroll_5,1,18,0.847000345464,False
workload_927.cpp,xczu7ev-ffvc1156-2-e,10,15.34369,510,17,0,8,43,cyclic_4_1,cyclic_2_1,cyclic_2_1,block_2_1,cyclic_128_1,block_2_1,cyclic_8_1,unroll_5,pipeline_1,unroll_36,pipeline_1,unroll_2,unroll_5,pipeline_1,unroll_2,unroll_4,unroll_2,unroll_2,unroll_5,unroll_2,unroll_2,unroll_16,pipeline_1,pipeline_1,unroll_4,unroll_5,1,17,0.897722927455,False
workload_949.cpp,xczu7ev-ffvc1156-2-e,10,13.64845,594,17,0,8,49,cyclic_4_1,cyclic_2_1,cyclic_2_1,block_2_1,cyclic_128_1,complete_1,cyclic_4_1,pipeline_1,pipeline_1,pipeline_1,pipeline_1,unroll_2,unroll_5,unroll_4,unroll_2,unroll_4,unroll_8,unroll_2,unroll_5,pipeline_1,unroll_2,unroll_36,pipeline_1,pipeline_1,unroll_4,unroll_5,1,18.5,0.821869261412,False
workload_882.cpp,xczu7ev-ffvc1156-2-e,10,13.71505,630,17,0,7,42,cyclic_4_1,cyclic_2_1,cyclic_2_1,block_2_1,cyclic_128_1,cyclic_4_1,block_4_1,unroll_5,pipeline_1,unroll_36,pipeline_1,unroll_2,pipeline_1,unroll_4,unroll_2,pipeline_1,unroll_2,unroll_2,unroll_5,unroll_2,unroll_2,unroll_16,unroll_16,pipeline_1,unroll_4,unroll_5,1,16.5,0.911542420447,False
workload_799.cpp,xczu7ev-ffvc1156-2-e,10,13.71505,530,17,0,6,40,cyclic_4_1,cyclic_2_1,cyclic_2_1,block_2_1,cyclic_128_1,cyclic_4_1,block_4_1,unroll_5,pipeline_1,unroll_36,pipeline_1,unroll_2,unroll_5,unroll_4,unroll_2,pipeline_1,unroll_2,unroll_2,unroll_5,unroll_2,unroll_2,unroll_16,pipeline_1,pipeline_1,unroll_4,unroll_5,1,15.75,0.931482526925,False
workload_871.cpp,xczu7ev-ffvc1156-2-e,10,13.71505,545,17,0,6,41,cyclic_4_1,cyclic_2_1,cyclic_2_1,block_2_1,cyclic_128_1,cyclic_4_1,block_4_1,unroll_5,pipeline_1,unroll_36,pipeline_1,unroll_2,unroll_5,unroll_4,unroll_2,pipeline_1,unroll_2,unroll_2,unroll_5,unroll_2,unroll_2,unroll_16,unroll_16,pipeline_1,unroll_4,unroll_5,1,16,0.918280734743,False
workload_920.cpp,xczu7ev-ffvc1156-2-e,10,15.34801,458,17,0,7,39,cyclic_4_1,cyclic_2_1,cyclic_2_1,block_2_1,cyclic_128_1,cyclic_4_1,block_4_1,unroll_5,pipeline_1,unroll_36,pipeline_1,unroll_2,unroll_5,unroll_4,unroll_2,unroll_4,unroll_2,unroll_2,unroll_5,unroll_2,unroll_2,unroll_16,pipeline_1,pipeline_1,unroll_4,unroll_5,1,15.75,0.930818118646,False
workload_934.cpp,xczu7ev-ffvc1156-2-e,10,13.65205,492,17,0,8,44,cyclic_4_1,cyclic_2_1,cyclic_2_1,block_2_1,cyclic_128_1,cyclic_4_1,cyclic_2_1,unroll_5,pipeline_1,pipeline_1,pipeline_1,unroll_2,pipeline_1,unroll_4,unroll_2,pipeline_1,unroll_2,unroll_2,unroll_5,unroll_2,unroll_4,unroll_16,pipeline_1,pipeline_1,unroll_4,unroll_5,1,17.25,0.885454502613,False
workload_947.cpp,xczu7ev-ffvc1156-2-e,10,13.71505,493,17,0,7,41,cyclic_4_1,cyclic_2_1,cyclic_2_1,block_2_1,cyclic_128_1,cyclic_4_1,cyclic_4_1,unroll_5,pipeline_1,unroll_36,pipeline_1,unroll_2,pipeline_1,unroll_4,unroll_2,pipeline_1,unroll_2,unroll_2,unroll_5,unroll_2,unroll_2,unroll_16,unroll_16,pipeline_1,unroll_4,unroll_5,1,16.25,0.911660133401,False
workload_809.cpp,xczu7ev-ffvc1156-2-e,10,13.71073,666,17,0,7,45,cyclic_4_1,cyclic_2_1,cyclic_2_1,block_2_1,cyclic_64_1,block_2_1,block_4_1,unroll_5,pipeline_1,unroll_36,pipeline_1,unroll_2,pipeline_1,pipeline_1,unroll_2,pipeline_1,unroll_2,unroll_2,unroll_5,unroll_2,unroll_2,unroll_16,unroll_16,pipeline_1,unroll_4,unroll_5,1,17.25,0.885447186521,False
workload_661.cpp,xczu7ev-ffvc1156-2-e,10,13.71073,636,17,0,7,45,cyclic_4_1,cyclic_2_1,cyclic_2_1,block_2_1,cyclic_64_1,block_2_1,block_4_1,unroll_5,pipeline_1,unroll_36,pipeline_1,unroll_2,pipeline_1,pipeline_1,unroll_4,pipeline_1,unroll_2,unroll_2,unroll_5,unroll_2,unroll_2,unroll_16,unroll_16,pipeline_1,unroll_4,unroll_5,1,17.25,0.885447186521,False
workload_948.cpp,xczu7ev-ffvc1156-2-e,10,15.35017,467,17,0,6,38,cyclic_4_1,cyclic_2_1,cyclic_2_1,block_2_1,cyclic_64_1,block_2_1,cyclic_4_1,unroll_5,pipeline_1,unroll_2,pipeline_1,unroll_2,unroll_5,pipeline_1,unroll_4,unroll_4,unroll_2,unroll_2,unroll_5,unroll_2,unroll_2,unroll_16,pipeline_1,pipeline_1,unroll_4,unroll_5,1,15.25,0.944243197138,False
workload_938.cpp,xczu7ev-ffvc1156-2-e,10,15.35449,422,17,0,4,33,cyclic_4_1,cyclic_2_1,cyclic_2_1,block_2_1,cyclic_64_1,cyclic_4_1,cyclic_4_1,unroll_5,pipeline_1,unroll_2,pipeline_1,unroll_2,unroll_5,unroll_4,unroll_2,unroll_4,unroll_2,unroll_2,unroll_5,unroll_2,unroll_2,unroll_16,pipeline_1,pipeline_1,unroll_4,unroll_5,1,13.5,1,True
workload_930.cpp,xczu7ev-ffvc1156-2-e,10,13.71829,425,17,0,4,34,cyclic_4_1,cyclic_2_1,cyclic_2_1,block_2_1,cyclic_64_1,cyclic_4_1,cyclic_4_1,unroll_5,pipeline_1,unroll_2,pipeline_1,unroll_2,unroll_5,unroll_4,unroll_4,pipeline_1,unroll_2,unroll_2,unroll_5,unroll_2,unroll_2,unroll_16,unroll_16,pipeline_1,unroll_4,unroll_5,1,13.75,1,True
workload_891.cpp,xczu7ev-ffvc1156-2-e,10,13.65205,515,17,0,6,40,cyclic_4_1,cyclic_2_1,cyclic_2_1,block_2_1,cyclic_64_1,cyclic_4_1,cyclic_8_1,unroll_5,pipeline_1,pipeline_1,pipeline_1,unroll_2,pipeline_1,unroll_4,unroll_2,pipeline_1,unroll_2,unroll_2,unroll_5,unroll_2,unroll_2,unroll_16,unroll_16,pipeline_1,unroll_4,unroll_5,1,15.75,0.931498628233,False
workload_864.cpp,xczu7ev-ffvc1156-2-e,10,13.71505,625,17,0,5,40,cyclic_4_1,cyclic_2_1,cyclic_2_1,block_2_1,cyclic_64_1,cyclic_4_1,cyclic_8_1,unroll_5,pipeline_1,unroll_36,pipeline_1,unroll_2,pipeline_1,unroll_4,unroll_2,pipeline_1,unroll_2,unroll_2,unroll_5,unroll_2,unroll_2,unroll_16,unroll_16,pipeline_1,unroll_4,unroll_5,1,15.5,0.943319495888,False
workload_819.cpp,xczu7ev-ffvc1156-2-e,10,15.34801,468,17,0,5,37,cyclic_4_1,cyclic_2_1,cyclic_2_1,block_2_1,cyclic_64_1,cyclic_4_1,cyclic_8_1,unroll_5,pipeline_1,unroll_36,pipeline_1,unroll_2,unroll_5,unroll_4,unroll_2,unroll_4,unroll_2,unroll_2,unroll_5,unroll_2,unroll_2,unroll_16,pipeline_1,pipeline_1,unroll_4,unroll_5,1,14.75,0.963665919899,False
workload_835.cpp,xczu7ev-ffvc1156-2-e,10,14.01277,843,20,4,20,81,cyclic_4_1,cyclic_2_1,cyclic_2_1,block_32_1,cyclic_128_1,block_2_1,cyclic_4_1,pipeline_1,pipeline_1,pipeline_1,pipeline_1,unroll_2,unroll_5,pipeline_1,unroll_8,pipeline_1,unroll_8,unroll_2,pipeline_1,pipeline_1,pipeline_1,pipeline_1,unroll_16,pipeline_1,unroll_16,pipeline_1,1,31.25,0.469146052363,False
workload_743.cpp,xczu7ev-ffvc1156-2-e,10,14.01637,637,25,1,11,56,cyclic_4_1,cyclic_2_1,cyclic_2_1,block_64_1,cyclic_128_1,block_2_1,cyclic_4_1,pipeline_1,pipeline_1,pipeline_1,pipeline_1,unroll_2,pipeline_1,pipeline_1,unroll_8,unroll_4,unroll_2,unroll_2,unroll_5,unroll_2,unroll_4,unroll_16,pipeline_1,pipeline_1,unroll_4,unroll_5,1,23.25,0.691272695429,False
workload_766.cpp,xczu7ev-ffvc1156-2-e,10,14.01637,675,25,1,11,59,cyclic_4_1,cyclic_2_1,cyclic_2_1,block_64_1,cyclic_128_1,block_2_1,cyclic_4_1,unroll_5,pipeline_1,pipeline_1,pipeline_1,unroll_2,pipeline_1,pipeline_1,pipeline_1,pipeline_1,unroll_2,unroll_2,unroll_5,unroll_16,unroll_2,unroll_16,pipeline_1,pipeline_1,unroll_4,unroll_5,1,24,0.691260225959,False
workload_730.cpp,xczu7ev-ffvc1156-2-e,10,14.01637,644,25,1,11,56,cyclic_4_1,cyclic_2_1,cyclic_2_1,block_64_1,cyclic_128_1,block_2_1,cyclic_4_1,unroll_5,pipeline_1,pipeline_1,pipeline_1,unroll_2,pipeline_1,pipeline_1,pipeline_1,pipeline_1,unroll_2,unroll_2,unroll_5,unroll_2,unroll_2,unroll_16,pipeline_1,pipeline_1,unroll_4,unroll_5,1,23.25,0.691272695429,False
workload_824.cpp,xczu7ev-ffvc1156-2-e,10,12.50581,930,35,0,8,59,cyclic_4_1,cyclic_2_1,cyclic_2_1,cyclic_128_1,cyclic_128_1,block_2_1,block_4_1,unroll_5,pipeline_1,pipeline_1,pipeline_1,unroll_2,pipeline_1,pipeline_1,unroll_2,unroll_4,unroll_2,unroll_2,unroll_5,unroll_2,unroll_4,unroll_16,unroll_16,pipeline_1,unroll_4,unroll_5,1,25.5,0.691278614061,False
workload_761.cpp,xczu7ev-ffvc1156-2-e,10,12.57385,639,35,0,6,55,cyclic_4_1,cyclic_2_1,cyclic_2_1,cyclic_128_1,cyclic_128_1,block_2_1,block_4_1,unroll_5,pipeline_1,unroll_36,pipeline_1,unroll_2,unroll_5,unroll_4,unroll_2,pipeline_1,unroll_2,unroll_2,unroll_5,unroll_2,unroll_2,unroll_16,unroll_16,pipeline_1,unroll_4,unroll_5,1,24,0.69128868285,False
workload_801.cpp,xczu7ev-ffvc1156-2-e,10,12.57385,562,35,0,6,52.5,cyclic_4_1,cyclic_2_1,cyclic_2_1,cyclic_128_1,cyclic_128_1,block_2_1,block_4_1,unroll_5,pipeline_1,unroll_36,pipeline_1,unroll_2,unroll_5,unroll_4,unroll_2,pipeline_1,unroll_2,unroll_2,unroll_5,unroll_2,unroll_2,unroll_2,unroll_16,pipeline_1,unroll_4,unroll_5,2,23.375,0.691288462344,False
workload_828.cpp,xczu7ev-ffvc1156-2-e,10,12.50581,951,35,0,8,58,cyclic_4_1,cyclic_2_1,cyclic_2_1,cyclic_128_1,cyclic_128_1,block_2_1,cyclic_4_1,unroll_5,pipeline_1,pipeline_1,pipeline_1,unroll_2,pipeline_1,pipeline_1,pipeline_1,pipeline_1,unroll_2,unroll_2,unroll_5,unroll_2,unroll_2,unroll_16,pipeline_1,pipeline_1,unroll_4,unroll_5,1,25.25,0.691285305857,False
workload_851.cpp,xczu7ev-ffvc1156-2-e,10,12.50581,956,35,0,8,58,cyclic_4_1,cyclic_2_1,cyclic_2_1,cyclic_128_1,cyclic_128_1,block_2_1,cyclic_4_1,unroll_5,pipeline_1,pipeline_1,pipeline_1,unroll_2,pipeline_1,pipeline_1,unroll_8,unroll_4,pipeline_1,unroll_2,unroll_5,unroll_2,unroll_2,unroll_16,pipeline_1,pipeline_1,unroll_4,unroll_5,1,25.25,0.691285305857,False
workload_912.cpp,xczu7ev-ffvc1156-2-e,10,14.20681,545,35,0,6,54,cyclic_4_1,cyclic_2_1,cyclic_2_1,cyclic_128_1,cyclic_128_1,block_2_1,cyclic_8_1,pipeline_1,pipeline_1,unroll_36,pipeline_1,unroll_2,unroll_5,unroll_4,unroll_4,unroll_4,unroll_2,unroll_2,pipeline_1,unroll_2,unroll_4,unroll_16,unroll_8,pipeline_1,unroll_4,unroll_5,1,23.75,0.691258672827,False
workload_885.cpp,xczu7ev-ffvc1156-2-e,10,12.57385,577,35,0,6,56,cyclic_4_1,cyclic_2_1,cyclic_2_1,cyclic_128_1,cyclic_128_1,block_4_1,block_4_1,unroll_5,pipeline_1,unroll_36,pipeline_1,unroll_2,unroll_5,unroll_4,unroll_2,pipeline_1,unroll_2,unroll_2,unroll_5,unroll_2,unroll_2,unroll_16,unroll_16,pipeline_1,unroll_4,unroll_5,1,24.25,0.69128857489,False
workload_816.cpp,xczu7ev-ffvc1156-2-e,10,13.64701,836,35,0,7,56,cyclic_4_1,cyclic_2_1,cyclic_2_1,cyclic_128_1,cyclic_64_1,cyclic_8_1,block_4_1,pipeline_1,pipeline_1,pipeline_1,pipeline_1,unroll_2,pipeline_1,pipeline_1,unroll_2,pipeline_1,unroll_2,unroll_2,unroll_5,unroll_2,unroll_2,unroll_16,pipeline_1,pipeline_1,unroll_4,unroll_5,1,24.5,0.69126194558,False
workload_887.cpp,xczu7ev-ffvc1156-2-e,10,12.50581,860,17,0,8,46,cyclic_4_1,cyclic_2_1,cyclic_2_1,cyclic_16_1,cyclic_128_1,block_2_1,block_4_1,unroll_5,pipeline_1,pipeline_1,pipeline_1,unroll_2,pipeline_1,pipeline_1,unroll_4,pipeline_1,unroll_2,unroll_2,unroll_5,unroll_2,unroll_4,unroll_16,pipeline_1,pipeline_1,unroll_4,unroll_5,1,17.75,0.859745531933,False
workload_840.cpp,xczu7ev-ffvc1156-2-e,10,12.50581,865,17,0,8,44,cyclic_4_1,cyclic_2_1,cyclic_2_1,cyclic_16_1,cyclic_128_1,block_2_1,cyclic_4_1,unroll_5,pipeline_1,pipeline_1,pipeline_1,unroll_2,pipeline_1,pipeline_1,pipeline_1,pipeline_1,pipeline_1,unroll_2,unroll_5,unroll_2,unroll_2,unroll_16,pipeline_1,pipeline_1,unroll_4,unroll_5,1,17.25,0.885526320377,False
workload_945.cpp,xczu7ev-ffvc1156-2-e,10,12.50581,932,17,0,8,47,cyclic_4_1,cyclic_2_1,cyclic_2_1,cyclic_16_1,cyclic_128_1,block_2_1,cyclic_4_1,unroll_5,pipeline_1,pipeline_1,pipeline_1,unroll_2,pipeline_1,pipeline_1,pipeline_1,pipeline_1,pipeline_1,unroll_2,unroll_5,unroll_2,unroll_2,unroll_16,unroll_16,pipeline_1,unroll_4,unroll_5,1,18,0.847014808993,False
workload_932.cpp,xczu7ev-ffvc1156-2-e,10,12.57205,908,17,0,6,42,cyclic_4_1,cyclic_2_1,cyclic_2_1,cyclic_16_1,cyclic_128_1,block_2_1,cyclic_4_1,unroll_5,pipeline_1,unroll_2,pipeline_1,unroll_2,pipeline_1,pipeline_1,unroll_4,pipeline_1,unroll_2,unroll_2,unroll_5,unroll_2,unroll_2,unroll_16,unroll_16,pipeline_1,unroll_4,unroll_5,1,16.25,0.911729229431,False
workload_921.cpp,xczu7ev-ffvc1156-2-e,10,355.20637,480,17,0,6,44,cyclic_4_1,cyclic_2_1,cyclic_2_1,cyclic_16_1,cyclic_128_1,complete_1,block_4_1,pipeline_1,unroll_2,pipeline_1,pipeline_1,unroll_2,pipeline_1,pipeline_1,unroll_2,pipeline_1,unroll_2,unroll_2,unroll_5,unroll_2,unroll_4,unroll_36,pipeline_1,pipeline_1,unroll_4,unroll_5,1,16.75,0.372072464222,False
workload_916.cpp,xczu7ev-ffvc1156-2-e,10,12.50581,867,17,0,8,46,cyclic_4_1,cyclic_2_1,cyclic_2_1,cyclic_16_1,cyclic_128_1,cyclic_4_1,cyclic_2_1,unroll_5,pipeline_1,pipeline_1,pipeline_1,unroll_2,pipeline_1,pipeline_1,unroll_2,pipeline_1,unroll_2,unroll_2,unroll_5,unroll_2,unroll_2,unroll_16,pipeline_1,pipeline_1,unroll_4,unroll_5,1,17.75,0.859745531933,False
workload_913.cpp,xczu7ev-ffvc1156-2-e,10,12.50581,867,17,0,8,46,cyclic_4_1,cyclic_2_1,cyclic_2_1,cyclic_16_1,cyclic_128_1,cyclic_8_1,block_4_1,pipeline_1,pipeline_1,pipeline_1,pipeline_1,unroll_2,pipeline_1,pipeline_1,unroll_2,pipeline_1,unroll_2,unroll_2,unroll_5,unroll_2,unroll_4,unroll_36,pipeline_1,pipeline_1,unroll_4,unroll_5,1,17.75,0.859745531933,False
workload_843.cpp,xczu7ev-ffvc1156-2-e,10,12.56881,964,17,0,7,44,cyclic_4_1,cyclic_2_1,cyclic_2_1,cyclic_2_1,cyclic_128_1,block_2_1,block_4_1,unroll_5,pipeline_1,unroll_36,pipeline_1,unroll_2,pipeline_1,pipeline_1,unroll_2,pipeline_1,unroll_2,unroll_2,unroll_5,unroll_2,unroll_2,unroll_16,unroll_16,pipeline_1,unroll_4,unroll_5,1,17,0.898568557002,False
workload_883.cpp,xczu7ev-ffvc1156-2-e,10,14.08585,733,17,0,6,41,cyclic_4_1,cyclic_2_1,cyclic_2_1,cyclic_2_1,cyclic_64_1,block_2_1,cyclic_4_1,unroll_5,pipeline_1,unroll_36,pipeline_1,unroll_2,pipeline_1,pipeline_1,unroll_4,pipeline_1,unroll_2,unroll_2,unroll_5,unroll_2,unroll_2,unroll_16,unroll_8,pipeline_1,unroll_4,unroll_5,1,16,0.918228675927,False
workload_955.cpp,xczu7ev-ffvc1156-2-e,10,13.71505,687,17,0,5,37,cyclic_4_1,cyclic_2_1,cyclic_2_1,cyclic_2_1,cyclic_64_1,block_2_1,cyclic_8_1,unroll_5,pipeline_1,unroll_36,pipeline_1,unroll_2,pipeline_1,unroll_4,unroll_4,pipeline_1,unroll_2,unroll_2,unroll_5,unroll_2,unroll_2,unroll_16,unroll_8,pipeline_1,unroll_4,unroll_5,1,14.75,1,True
workload_648.cpp,xczu7ev-ffvc1156-2-e,10,34.88629,1599,38,1,9,71,cyclic_4_1,cyclic_2_1,cyclic_4_1,block_128_1,block_8_1,block_2_1,cyclic_2_1,pipeline_1,pipeline_1,pipeline_1,pipeline_1,unroll_2,pipeline_1,unroll_4,unroll_8,unroll_4,unroll_2,unroll_2,unroll_5,unroll_16,pipeline_1,unroll_36,unroll_16,pipeline_1,unroll_4,unroll_5,1,29.75,0.522015069792,False
workload_739.cpp,xczu7ev-ffvc1156-2-e,10,13.60597,1126,36,1,9,67,cyclic_4_1,cyclic_2_1,cyclic_4_1,block_128_1,cyclic_128_1,block_2_1,cyclic_4_1,pipeline_1,pipeline_1,pipeline_1,pipeline_1,unroll_2,unroll_5,unroll_4,unroll_8,unroll_4,unroll_8,unroll_2,unroll_5,unroll_16,unroll_2,unroll_36,unroll_16,pipeline_1,unroll_4,unroll_5,1,28.25,0.583852313737,False
workload_787.cpp,xczu7ev-ffvc1156-2-e,10,13.60165,1083,36,1,8,65,cyclic_4_1,cyclic_2_1,cyclic_4_1,block_128_1,cyclic_64_1,block_2_1,cyclic_4_1,unroll_5,pipeline_1,pipeline_1,pipeline_1,unroll_2,pipeline_1,pipeline_1,pipeline_1,unroll_4,unroll_2,unroll_2,unroll_5,unroll_2,unroll_2,unroll_16,pipeline_1,pipeline_1,unroll_4,unroll_5,1,27.5,0.614944232386,False
workload_881.cpp,xczu7ev-ffvc1156-2-e,10,13.23301,496,17,0,7,45,cyclic_4_1,cyclic_2_1,cyclic_4_1,block_2_1,cyclic_128_1,block_2_1,block_4_1,pipeline_1,pipeline_1,pipeline_1,pipeline_1,unroll_2,unroll_5,pipeline_1,unroll_4,pipeline_1,unroll_2,unroll_2,unroll_5,unroll_2,unroll_4,unroll_16,unroll_16,pipeline_1,unroll_4,unroll_5,1,17.25,0.885496498166,False
workload_907.cpp,xczu7ev-ffvc1156-2-e,10,13.29601,654,17,0,8,48,cyclic_4_1,cyclic_2_1,cyclic_4_1,block_2_1,cyclic_128_1,block_2_1,block_4_1,pipeline_1,pipeline_1,unroll_36,pipeline_1,unroll_2,unroll_5,pipeline_1,unroll_2,pipeline_1,unroll_2,unroll_2,unroll_5,unroll_2,unroll_2,unroll_16,unroll_16,pipeline_1,unroll_4,unroll_5,1,18.25,0.83439032721,False
workload_908.cpp,xczu7ev-ffvc1156-2-e,10,14.93329,503,17,0,7,42,cyclic_4_1,cyclic_2_1,cyclic_4_1,block_2_1,cyclic_128_1,block_2_1,block_4_1,unroll_5,pipeline_1,unroll_36,pipeline_1,unroll_2,unroll_5,unroll_4,pipeline_1,unroll_4,unroll_8,unroll_2,pipeline_1,unroll_2,unroll_2,unroll_16,unroll_16,pipeline_1,unroll_4,unroll_5,1,16.5,0.911087027221,False
workload_862.cpp,xczu7ev-ffvc1156-2-e,10,13.23301,450.5,17,0,7,44,cyclic_4_1,cyclic_2_1,cyclic_4_1,block_2_1,cyclic_128_1,block_2_1,cyclic_4_1,pipeline_1,pipeline_1,pipeline_1,pipeline_1,unroll_2,pipeline_1,pipeline_1,unroll_2,pipeline_1,unroll_2,unroll_2,unroll_5,unroll_2,unroll_2,unroll_16,unroll_16,pipeline_1,unroll_4,unroll_5,2,17,0.898491301917,False
workload_848.cpp,xczu7ev-ffvc1156-2-e,10,13.30033,623,17,0,7,43,cyclic_4_1,cyclic_2_1,cyclic_4_1,block_2_1,cyclic_128_1,block_2_1,cyclic_4_1,unroll_5,pipeline_1,unroll_36,pipeline_1,unroll_2,unroll_5,unroll_4,unroll_2,pipeline_1,unroll_2,unroll_2,unroll_5,unroll_2,unroll_2,unroll_16,unroll_16,pipeline_1,unroll_4,unroll_5,1,16.75,0.910430579961,False
workload_796.cpp,xczu7ev-ffvc1156-2-e,10,61.89658,909,22,2,11,54,cyclic_4_1,cyclic_2_1,cyclic_4_1,block_32_1,cyclic_4_1,block_2_1,cyclic_4_1,pipeline_1,pipeline_1,unroll_8,pipeline_1,unroll_2,pipeline_1,unroll_4,unroll_4,unroll_64,unroll_8,unroll_4,unroll_5,unroll_8,pipeline_1,unroll_16,unroll_16,pipeline_1,unroll_4,unroll_5,1,22.25,0.673472591814,False
workload_720.cpp,xczu7ev-ffvc1156-2-e,10,61.14091,971,22,2,12,56,cyclic_4_1,cyclic_2_1,cyclic_4_1,block_32_1,cyclic_4_1,cyclic_4_1,cyclic_4_1,pipeline_1,pipeline_1,unroll_8,pipeline_1,unroll_2,pipeline_1,pipeline_1,unroll_4,pipeline_1,unroll_8,unroll_4,unroll_5,unroll_8,pipeline_1,unroll_16,unroll_16,pipeline_1,unroll_4,pipeline_1,1,23,0.671566831218,False
workload_610.cpp,xczu7ev-ffvc1156-2-e,10,61.86772,848,22,2,11,52,cyclic_4_1,cyclic_2_1,cyclic_4_1,block_32_1,cyclic_4_1,cyclic_4_1,cyclic_4_1,pipeline_1,pipeline_1,unroll_8,pipeline_1,unroll_2,pipeline_1,unroll_4,unroll_4,unroll_64,unroll_8,unroll_4,unroll_5,unroll_8,pipeline_1,unroll_16,pipeline_1,pipeline_1,unroll_4,unroll_5,1,21.75,0.674624380521,False
workload_940.cpp,xczu7ev-ffvc1156-2-e,10,12.09613,592,36,0,5,62,cyclic_4_1,cyclic_2_1,cyclic_4_1,cyclic_128_1,cyclic_128_1,block_2_1,block_4_1,unroll_5,pipeline_1,pipeline_1,pipeline_1,unroll_2,pipeline_1,unroll_4,unroll_2,unroll_4,unroll_2,unroll_2,unroll_5,pipeline_1,unroll_4,unroll_36,unroll_16,pipeline_1,unroll_4,unroll_5,1,25.75,0.691280575016,False
workload_872.cpp,xczu7ev-ffvc1156-2-e,10,12.09613,502,36,0,6,55,cyclic_4_1,cyclic_2_1,cyclic_4_1,cyclic_128_1,cyclic_128_1,block_2_1,block_4_1,unroll_5,pipeline_1,pipeline_1,pipeline_1,unroll_2,pipeline_1,unroll_4,unroll_2,unroll_4,unroll_2,unroll_2,unroll_5,unroll_2,unroll_4,unroll_16,unroll_16,pipeline_1,unroll_4,unroll_5,1,24.25,0.691286362357,False
workload_794.cpp,xczu7ev-ffvc1156-2-e,10,12.09109,886,36,0,6,56,cyclic_4_1,cyclic_2_1,cyclic_4_1,cyclic_128_1,cyclic_128_1,block_2_1,cyclic_8_1,pipeline_1,pipeline_1,pipeline_1,pipeline_1,unroll_2,unroll_5,pipeline_1,unroll_2,unroll_4,unroll_2,unroll_2,unroll_5,unroll_2,unroll_2,unroll_8,unroll_16,pipeline_1,unroll_4,unroll_5,1,24.5,0.691286751963,False
workload_919.cpp,xczu7ev-ffvc1156-2-e,10,13.29529,957,36,0,6,59,cyclic_4_1,cyclic_2_1,cyclic_4_1,cyclic_128_1,cyclic_64_1,block_2_1,block_4_1,unroll_5,pipeline_1,unroll_36,pipeline_1,unroll_2,pipeline_1,pipeline_1,unroll_2,pipeline_1,unroll_2,unroll_2,unroll_5,unroll_2,unroll_4,unroll_16,unroll_16,pipeline_1,unroll_4,unroll_5,1,25.25,0.691240730941,False
workload_950.cpp,xczu7ev-ffvc1156-2-e,10,12.09109,823,18,0,6,43,cyclic_4_1,cyclic_2_1,cyclic_4_1,cyclic_16_1,cyclic_128_1,block_2_1,cyclic_2_1,pipeline_1,pipeline_1,pipeline_1,pipeline_1,unroll_2,unroll_5,pipeline_1,unroll_2,pipeline_1,unroll_2,unroll_2,unroll_5,unroll_2,unroll_4,unroll_8,unroll_16,pipeline_1,unroll_4,unroll_5,1,16.75,1,True
workload_954.cpp,xczu7ev-ffvc1156-2-e,10,12.15409,1049,18,0,7,48,cyclic_4_1,cyclic_2_1,cyclic_4_1,cyclic_16_1,cyclic_128_1,block_2_1,cyclic_4_1,unroll_5,pipeline_1,unroll_36,pipeline_1,unroll_2,unroll_5,pipeline_1,unroll_2,pipeline_1,unroll_2,unroll_2,unroll_5,unroll_2,unroll_2,unroll_16,unroll_16,pipeline_1,unroll_4,unroll_5,1,18.25,0.834383669196,False
workload_911.cpp,xczu7ev-ffvc1156-2-e,10,12.09109,847.5,18,0,6,46,cyclic_4_1,cyclic_2_1,cyclic_4_1,cyclic_16_1,cyclic_128_1,block_2_1,cyclic_8_1,pipeline_1,pipeline_1,pipeline_1,pipeline_1,unroll_2,unroll_5,pipeline_1,unroll_2,pipeline_1,unroll_2,unroll_2,unroll_5,unroll_2,unroll_2,unroll_16,pipeline_1,pipeline_1,unroll_4,unroll_5,2,17.5,0.872573762422,False
workload_886.cpp,xczu7ev-ffvc1156-2-e,10,12.09109,859,17,0,6,44,cyclic_4_1,cyclic_2_1,cyclic_4_1,cyclic_2_1,cyclic_128_1,block_2_1,block_4_1,pipeline_1,pipeline_1,pipeline_1,pipeline_1,unroll_2,pipeline_1,pipeline_1,unroll_2,pipeline_1,unroll_2,unroll_2,unroll_5,unroll_2,unroll_4,unroll_16,unroll_16,pipeline_1,unroll_4,unroll_5,1,16.75,1,True
workload_935.cpp,xczu7ev-ffvc1156-2-e,10,12.15913,558,17,0,6,42,cyclic_4_1,cyclic_2_1,cyclic_4_1,cyclic_2_1,cyclic_128_1,block_2_1,block_4_1,unroll_5,pipeline_1,unroll_36,pipeline_1,unroll_2,pipeline_1,unroll_4,unroll_2,pipeline_1,unroll_2,unroll_2,unroll_5,unroll_2,unroll_2,unroll_16,unroll_16,pipeline_1,unroll_4,unroll_5,1,16.25,0.911718845717,False
workload_944.cpp,xczu7ev-ffvc1156-2-e,10,12.09613,450,17,0,5,40,cyclic_4_1,cyclic_2_1,cyclic_4_1,cyclic_2_1,cyclic_128_1,block_2_1,cyclic_2_1,pipeline_1,pipeline_1,pipeline_1,pipeline_1,unroll_2,pipeline_1,unroll_4,unroll_2,pipeline_1,unroll_2,unroll_2,unroll_5,unroll_2,unroll_2,unroll_16,unroll_16,pipeline_1,unroll_4,unroll_5,1,15.5,1,True
workload_731.cpp,xczu7ev-ffvc1156-2-e,10,14.87173,1208,35,1,12,71,cyclic_4_1,cyclic_32_1,block_128_1,block_128_1,cyclic_128_1,block_2_1,cyclic_4_1,pipeline_1,pipeline_1,pipeline_1,pipeline_1,unroll_2,unroll_5,pipeline_1,unroll_2,pipeline_1,unroll_8,unroll_2,unroll_5,unroll_8,unroll_2,unroll_16,unroll_16,pipeline_1,unroll_4,unroll_5,1,29.75,0.524545330823,False
workload_642.cpp,xczu7ev-ffvc1156-2-e,10,14.87173,1217,35,1,12,71,cyclic_4_1,cyclic_32_1,block_128_1,block_128_1,cyclic_128_1,block_2_1,cyclic_4_1,pipeline_1,pipeline_1,pipeline_1,pipeline_1,unroll_2,unroll_5,pipeline_1,unroll_2,unroll_4,unroll_2,unroll_2,unroll_5,unroll_8,unroll_2,unroll_16,unroll_16,pipeline_1,unroll_4,pipeline_1,1,29.75,0.524545330823,False
workload_435.cpp,xczu7ev-ffvc1156-2-e,10,14.87173,1179,35,1,12,71,cyclic_4_1,cyclic_32_1,block_128_1,block_128_1,cyclic_128_1,block_2_1,cyclic_4_1,pipeline_1,pipeline_1,pipeline_1,pipeline_1,unroll_2,unroll_5,pipeline_1,unroll_2,unroll_4,unroll_8,unroll_2,unroll_5,unroll_8,unroll_2,unroll_16,unroll_16,pipeline_1,unroll_4,unroll_5,1,29.75,0.524545330823,False
workload_476.cpp,xczu7ev-ffvc1156-2-e,10,14.87173,1280,35,1,13,76,cyclic_4_1,cyclic_32_1,block_128_1,block_128_1,cyclic_128_1,block_2_1,cyclic_4_1,pipeline_1,pipeline_1,pipeline_1,pipeline_1,unroll_2,unroll_5,pipeline_1,unroll_4,pipeline_1,unroll_8,unroll_2,unroll_5,unroll_16,unroll_2,unroll_36,unroll_16,pipeline_1,unroll_4,unroll_5,1,31.25,0.469135834197,False
workload_712.cpp,xczu7ev-ffvc1156-2-e,10,14.87173,1155,35,1,12,71,cyclic_4_1,cyclic_32_1,block_128_1,block_128_1,cyclic_128_1,block_2_1,cyclic_4_1,pipeline_1,pipeline_1,pipeline_1,pipeline_1,unroll_2,unroll_5,pipeline_1,unroll_4,pipeline_1,unroll_8,unroll_2,unroll_5,unroll_8,unroll_2,unroll_16,unroll_16,pipeline_1,unroll_4,unroll_5,1,29.75,0.524545330823,False
workload_773.cpp,xczu7ev-ffvc1156-2-e,10,14.87605,1133,35,1,11,63,cyclic_4_1,cyclic_32_1,block_128_1,block_128_1,cyclic_128_1,block_2_1,cyclic_4_1,pipeline_1,pipeline_1,pipeline_1,pipeline_1,unroll_2,unroll_5,unroll_4,unroll_4,pipeline_1,unroll_8,unroll_2,unroll_5,unroll_8,unroll_2,unroll_2,unroll_16,pipeline_1,unroll_4,unroll_5,1,27.5,0.614889668081,False
workload_722.cpp,xczu7ev-ffvc1156-2-e,10,14.52411,1365,35,1,11,70,cyclic_4_1,cyclic_32_1,block_128_1,block_128_1,cyclic_128_1,complete_1,cyclic_2_1,pipeline_1,pipeline_1,unroll_8,pipeline_1,unroll_2,unroll_5,unroll_4,unroll_2,pipeline_1,unroll_32,unroll_2,pipeline_1,unroll_8,unroll_2,unroll_36,unroll_16,pipeline_1,unroll_4,unroll_5,1,29.25,0.543882570048,False
workload_765.cpp,xczu7ev-ffvc1156-2-e,10,14.87173,1243,35,1,14,77,cyclic_4_1,cyclic_32_1,block_128_1,block_128_1,cyclic_128_1,complete_1,cyclic_4_1,pipeline_1,pipeline_1,pipeline_1,pipeline_1,unroll_2,pipeline_1,pipeline_1,unroll_8,unroll_4,unroll_8,unroll_2,unroll_5,pipeline_1,pipeline_1,pipeline_1,pipeline_1,pipeline_1,unroll_4,pipeline_1,1,31.75,0.451525773642,False
workload_718.cpp,xczu7ev-ffvc1156-2-e,10,14.87605,1134,35,1,11,65,cyclic_4_1,cyclic_32_1,block_128_1,block_128_1,cyclic_128_1,complete_1,cyclic_4_1,pipeline_1,pipeline_1,pipeline_1,pipeline_1,unroll_2,unroll_5,unroll_4,unroll_2,unroll_4,unroll_8,unroll_2,unroll_5,unroll_16,unroll_2,unroll_2,unroll_16,pipeline_1,unroll_4,unroll_5,1,28,0.594068403393,False
workload_605.cpp,xczu7ev-ffvc1156-2-e,10,14.87605,1188,35,1,11,65,cyclic_4_1,cyclic_32_1,block_128_1,block_128_1,cyclic_128_1,complete_1,cyclic_4_1,pipeline_1,pipeline_1,pipeline_1,pipeline_1,unroll_2,unroll_5,unroll_4,unroll_4,pipeline_1,unroll_8,unroll_2,unroll_5,unroll_16,unroll_2,unroll_2,unroll_16,pipeline_1,unroll_4,unroll_5,1,28,0.594068403393,False
workload_746.cpp,xczu7ev-ffvc1156-2-e,10,14.87605,1157,35,1,11,65,cyclic_4_1,cyclic_32_1,block_128_1,block_128_1,cyclic_128_1,complete_1,cyclic_4_1,pipeline_1,pipeline_1,pipeline_1,pipeline_1,unroll_2,unroll_5,unroll_4,unroll_4,unroll_4,unroll_8,unroll_2,unroll_5,unroll_16,unroll_2,unroll_2,unroll_16,pipeline_1,unroll_4,unroll_5,3,28,0.594068403393,False
workload_785.cpp,xczu7ev-ffvc1156-2-e,10,14.87605,1119,35,1,11,62,cyclic_4_1,cyclic_32_1,block_128_1,block_128_1,cyclic_128_1,complete_1,cyclic_4_1,pipeline_1,pipeline_1,pipeline_1,pipeline_1,unroll_2,unroll_5,unroll_4,unroll_4,unroll_4,unroll_8,unroll_2,unroll_5,unroll_2,unroll_2,unroll_2,unroll_16,pipeline_1,unroll_4,unroll_5,1,27.25,0.62545682524,False
workload_795.cpp,xczu7ev-ffvc1156-2-e,10,14.87605,1131,35,1,11,68,cyclic_4_1,cyclic_32_1,block_128_1,block_128_1,cyclic_128_1,complete_1,cyclic_4_1,unroll_5,pipeline_1,pipeline_1,pipeline_1,unroll_2,unroll_5,unroll_4,unroll_4,unroll_4,unroll_8,unroll_2,unroll_5,unroll_16,unroll_4,unroll_2,pipeline_1,pipeline_1,unroll_4,unroll_5,1,28.75,0.563631357779,False
workload_729.cpp,xczu7ev-ffvc1156-2-e,10,14.87173,1357,35,1,11,72,cyclic_4_1,cyclic_32_1,block_128_1,block_128_1,cyclic_64_1,block_2_1,cyclic_4_1,unroll_5,pipeline_1,pipeline_1,pipeline_1,unroll_2,unroll_5,pipeline_1,pipeline_1,unroll_4,unroll_8,unroll_2,pipeline_1,unroll_8,unroll_2,unroll_36,unroll_8,pipeline_1,unroll_4,pipeline_1,1,29.75,0.524545330823,False
workload_650.cpp,xczu7ev-ffvc1156-2-e,10,14.87173,1321,35,1,11,72,cyclic_4_1,cyclic_32_1,block_128_1,block_128_1,cyclic_64_1,block_2_1,cyclic_8_1,unroll_5,pipeline_1,pipeline_1,pipeline_1,unroll_2,unroll_5,pipeline_1,pipeline_1,unroll_4,unroll_8,unroll_2,pipeline_1,unroll_8,unroll_2,unroll_36,unroll_8,pipeline_1,unroll_4,pipeline_1,1,29.75,0.524545330823,False
workload_857.cpp,xczu7ev-ffvc1156-2-e,10,14.50309,699,17,0,10,50,cyclic_4_1,cyclic_32_1,block_128_1,block_2_1,cyclic_128_1,block_2_1,cyclic_8_1,pipeline_1,pipeline_1,pipeline_1,pipeline_1,unroll_2,pipeline_1,pipeline_1,unroll_4,pipeline_1,unroll_8,unroll_2,pipeline_1,unroll_2,unroll_4,unroll_36,unroll_16,pipeline_1,unroll_4,unroll_5,1,19.25,0.784948558556,False
workload_818.cpp,xczu7ev-ffvc1156-2-e,10,14.87245,737,20,1,13,57,cyclic_4_1,cyclic_32_1,block_128_1,block_32_1,cyclic_128_1,complete_1,cyclic_4_1,pipeline_1,pipeline_1,pipeline_1,pipeline_1,unroll_2,unroll_5,unroll_4,unroll_4,pipeline_1,unroll_8,unroll_2,unroll_5,pipeline_1,pipeline_1,unroll_16,unroll_16,pipeline_1,unroll_4,unroll_5,1,22.75,0.691253950007,False
workload_640.cpp,xczu7ev-ffvc1156-2-e,10,14.87245,647,20,1,12,54,cyclic_4_1,cyclic_32_1,block_128_1,block_32_1,cyclic_128_1,complete_1,cyclic_4_1,pipeline_1,pipeline_1,pipeline_1,pipeline_1,unroll_2,unroll_5,unroll_4,unroll_4,pipeline_1,unroll_8,unroll_2,unroll_5,pipeline_1,pipeline_1,unroll_2,unroll_16,pipeline_1,unroll_4,unroll_5,1,21.75,0.691266794593,False
workload_830.cpp,xczu7ev-ffvc1156-2-e,10,14.87605,524,20,1,11,47,cyclic_4_1,cyclic_32_1,block_128_1,block_32_1,cyclic_128_1,cyclic_8_1,cyclic_4_1,pipeline_1,pipeline_1,pipeline_1,pipeline_1,unroll_2,unroll_5,unroll_4,unroll_4,pipeline_1,unroll_8,unroll_2,unroll_5,unroll_2,pipeline_1,unroll_2,pipeline_1,pipeline_1,unroll_4,unroll_5,1,19.75,0.760876417005,False
workload_842.cpp,xczu7ev-ffvc1156-2-e,10,13.36117,951,17,0,9,49,cyclic_4_1,cyclic_32_1,block_128_1,cyclic_16_1,cyclic_128_1,block_2_1,cyclic_4_1,unroll_5,pipeline_1,pipeline_1,pipeline_1,unroll_2,pipeline_1,pipeline_1,unroll_4,pipeline_1,unroll_2,unroll_2,unroll_5,unroll_2,unroll_4,unroll_16,pipeline_1,pipeline_1,unroll_4,unroll_5,1,18.75,0.809467069019,False
workload_769.cpp,xczu7ev-ffvc1156-2-e,10,13.36117,926,17,0,9,47,cyclic_4_1,cyclic_32_1,block_128_1,cyclic_16_1,cyclic_128_1,complete_1,cyclic_4_1,pipeline_1,pipeline_1,pipeline_1,pipeline_1,unroll_2,unroll_5,pipeline_1,unroll_8,unroll_4,unroll_8,unroll_2,unroll_5,unroll_2,unroll_8,unroll_2,pipeline_1,pipeline_1,unroll_4,unroll_5,1,18.25,0.834389171791,False
workload_820.cpp,xczu7ev-ffvc1156-2-e,10,13.79965,1112,17,0,7,64,cyclic_4_1,cyclic_32_1,block_128_1,cyclic_16_1,cyclic_128_1,complete_1,cyclic_4_1,pipeline_1,pipeline_1,pipeline_1,pipeline_1,unroll_2,unroll_5,pipeline_1,unroll_8,unroll_4,unroll_8,unroll_2,unroll_5,unroll_2,unroll_8,unroll_2,pipeline_1,unroll_36,unroll_4,unroll_5,1,22,0.691284794705,False
workload_879.cpp,xczu7ev-ffvc1156-2-e,10,13.36117,898,17,0,8,46,cyclic_4_1,cyclic_32_1,block_128_1,cyclic_16_1,cyclic_128_1,cyclic_8_1,cyclic_4_1,pipeline_1,pipeline_1,pipeline_1,pipeline_1,unroll_2,unroll_5,pipeline_1,unroll_2,unroll_4,unroll_8,unroll_2,unroll_5,unroll_2,unroll_2,unroll_2,pipeline_1,pipeline_1,unroll_4,unroll_5,1,17.75,0.859734980784,False
workload_714.cpp,xczu7ev-ffvc1156-2-e,10,13.60597,1197,36,1,8,71,cyclic_4_1,cyclic_32_1,cyclic_16_1,block_128_1,cyclic_128_1,block_2_1,cyclic_4_1,unroll_5,pipeline_1,pipeline_1,pipeline_1,unroll_2,unroll_5,unroll_4,unroll_2,unroll_4,unroll_2,unroll_2,unroll_5,unroll_2,unroll_2,unroll_16,unroll_16,pipeline_1,unroll_4,pipeline_1,1,29,0.55372540487,False
workload_781.cpp,xczu7ev-ffvc1156-2-e,10,13.23301,718,18,0,7,56,cyclic_4_1,cyclic_32_1,cyclic_16_1,block_2_1,cyclic_128_1,block_2_1,cyclic_4_1,unroll_5,pipeline_1,pipeline_1,pipeline_1,unroll_2,unroll_5,pipeline_1,unroll_2,unroll_4,unroll_2,unroll_2,unroll_5,unroll_2,unroll_2,unroll_16,unroll_16,pipeline_1,unroll_4,unroll_5,1,20.25,0.737271194584,False
workload_811.cpp,xczu7ev-ffvc1156-2-e,10,13.23301,658,18,0,7,56,cyclic_4_1,cyclic_32_1,cyclic_16_1,block_2_1,cyclic_128_1,block_2_1,cyclic_4_1,unroll_5,pipeline_1,pipeline_1,pipeline_1,unroll_2,unroll_5,pipeline_1,unroll_4,pipeline_1,unroll_2,unroll_2,unroll_5,unroll_2,unroll_2,unroll_16,unroll_16,pipeline_1,unroll_4,unroll_5,1,20.25,0.737271194584,False
workload_805.cpp,xczu7ev-ffvc1156-2-e,10,13.23301,733,18,0,7,57,cyclic_4_1,cyclic_32_1,cyclic_16_1,block_2_1,cyclic_128_1,cyclic_8_1,cyclic_4_1,pipeline_1,pipeline_1,pipeline_1,pipeline_1,unroll_2,unroll_5,pipeline_1,unroll_2,unroll_4,unroll_2,unroll_2,unroll_5,unroll_2,unroll_2,unroll_16,unroll_16,pipeline_1,unroll_4,unroll_5,2,20.5,0.725614301102,False
workload_849.cpp,xczu7ev-ffvc1156-2-e,10,13.23301,884,18,0,7,65,cyclic_4_1,cyclic_32_1,cyclic_16_1,block_2_1,cyclic_128_1,cyclic_8_1,cyclic_4_1,pipeline_1,pipeline_1,pipeline_1,pipeline_1,unroll_2,unroll_5,pipeline_1,unroll_2,unroll_4,unroll_8,unroll_2,unroll_5,unroll_2,unroll_2,unroll_36,unroll_16,pipeline_1,unroll_4,unroll_5,1,22.5,0.69128803771,False
workload_758.cpp,xczu7ev-ffvc1156-2-e,10,12.09109,1105,36,0,6,69,cyclic_4_1,cyclic_32_1,cyclic_16_1,cyclic_128_1,cyclic_128_1,block_2_1,cyclic_4_1,unroll_5,pipeline_1,pipeline_1,pipeline_1,unroll_2,unroll_5,pipeline_1,unroll_2,unroll_4,unroll_2,unroll_2,unroll_5,unroll_2,unroll_2,unroll_16,unroll_16,pipeline_1,unroll_4,unroll_5,1,27.75,0.604484664403,False
workload_732.cpp,xczu7ev-ffvc1156-2-e,10,14.01637,1070,36,1,11,71,cyclic_4_1,cyclic_32_1,cyclic_2_1,block_128_1,cyclic_128_1,block_2_1,cyclic_4_1,pipeline_1,pipeline_1,pipeline_1,pipeline_1,unroll_2,unroll_5,pipeline_1,unroll_2,unroll_4,unroll_2,unroll_2,unroll_5,unroll_2,unroll_2,unroll_16,unroll_16,pipeline_1,unroll_4,unroll_5,1,29.75,0.524560769912,False
workload_727.cpp,xczu7ev-ffvc1156-2-e,10,14.01637,1177,36,1,11,71,cyclic_4_1,cyclic_32_1,cyclic_2_1,block_128_1,cyclic_128_1,block_2_1,cyclic_4_1,pipeline_1,pipeline_1,pipeline_1,pipeline_1,unroll_2,unroll_5,pipeline_1,unroll_4,unroll_4,pipeline_1,unroll_2,unroll_5,unroll_8,unroll_2,unroll_16,unroll_16,pipeline_1,unroll_4,pipeline_1,1,29.75,0.524560769912,False
workload_772.cpp,xczu7ev-ffvc1156-2-e,10,14.01637,1098,36,1,11,71,cyclic_4_1,cyclic_32_1,cyclic_2_1,block_128_1,cyclic_128_1,block_2_1,cyclic_4_1,pipeline_1,pipeline_1,pipeline_1,pipeline_1,unroll_2,unroll_5,pipeline_1,unroll_4,unroll_4,unroll_2,unroll_2,unroll_5,unroll_2,unroll_2,unroll_16,unroll_16,pipeline_1,unroll_4,unroll_5,1,29.75,0.524560769912,False
workload_702.cpp,xczu7ev-ffvc1156-2-e,10,14.01637,1122,36,1,11,71,cyclic_4_1,cyclic_32_1,cyclic_2_1,block_128_1,cyclic_128_1,block_2_1,cyclic_4_1,unroll_5,pipeline_1,pipeline_1,pipeline_1,unroll_2,unroll_5,pipeline_1,unroll_2,pipeline_1,unroll_32,unroll_2,unroll_5,unroll_2,unroll_4,unroll_16,unroll_16,pipeline_1,unroll_4,unroll_5,1,29.75,0.524560769912,False
workload_585.cpp,xczu7ev-ffvc1156-2-e,10,14.01637,1142,36,1,11,71,cyclic_4_1,cyclic_32_1,cyclic_2_1,block_128_1,cyclic_128_1,block_2_1,cyclic_4_1,unroll_5,pipeline_1,pipeline_1,pipeline_1,unroll_2,unroll_5,pipeline_1,unroll_2,unroll_4,unroll_2,unroll_2,unroll_5,unroll_2,unroll_2,unroll_16,unroll_16,pipeline_1,unroll_4,unroll_5,1,29.75,0.524560769912,False
workload_850.cpp,xczu7ev-ffvc1156-2-e,10,13.71397,582,17,0,7,46,cyclic_4_1,cyclic_32_1,cyclic_2_1,block_2_1,cyclic_128_1,block_2_1,cyclic_4_1,pipeline_1,pipeline_1,unroll_2,pipeline_1,unroll_2,pipeline_1,pipeline_1,unroll_8,pipeline_1,unroll_2,unroll_2,unroll_5,unroll_2,unroll_2,unroll_16,unroll_16,pipeline_1,unroll_4,unroll_5,1,17.5,0.872539141747,False
workload_865.cpp,xczu7ev-ffvc1156-2-e,10,13.64773,545,17,0,9,48,cyclic_4_1,cyclic_32_1,cyclic_2_1,block_2_1,cyclic_128_1,block_2_1,cyclic_4_1,unroll_5,pipeline_1,pipeline_1,pipeline_1,unroll_2,pipeline_1,pipeline_1,unroll_4,pipeline_1,unroll_2,unroll_2,unroll_5,unroll_2,unroll_2,unroll_16,unroll_16,pipeline_1,unroll_4,unroll_5,1,18.5,0.821869278832,False
workload_893.cpp,xczu7ev-ffvc1156-2-e,10,13.64773,530,17,0,9,48,cyclic_4_1,cyclic_32_1,cyclic_2_1,block_2_1,cyclic_128_1,block_2_1,cyclic_4_1,unroll_5,pipeline_1,pipeline_1,pipeline_1,unroll_2,pipeline_1,pipeline_1,unroll_4,pipeline_1,unroll_2,unroll_2,unroll_5,unroll_2,unroll_4,unroll_16,unroll_16,pipeline_1,unroll_4,unroll_5,1,18.5,0.821869278832,False
workload_957.cpp,xczu7ev-ffvc1156-2-e,10,15.34369,527,17,0,7,45,cyclic_4_1,cyclic_32_1,cyclic_2_1,block_2_1,cyclic_64_1,block_2_1,cyclic_4_1,pipeline_1,pipeline_1,unroll_36,pipeline_1,unroll_2,unroll_5,pipeline_1,unroll_2,unroll_4,unroll_2,unroll_2,unroll_5,unroll_2,unroll_2,unroll_16,pipeline_1,pipeline_1,unroll_4,unroll_5,1,17.25,0.885105544588,False
workload_942.cpp,xczu7ev-ffvc1156-2-e,10,13.71505,600,17,0,5,41,cyclic_4_1,cyclic_32_1,cyclic_2_1,block_2_1,cyclic_64_1,block_2_1,cyclic_8_1,pipeline_1,pipeline_1,unroll_36,pipeline_1,unroll_2,unroll_5,unroll_4,unroll_2,pipeline_1,unroll_2,unroll_2,unroll_5,unroll_2,unroll_2,unroll_16,pipeline_1,pipeline_1,unroll_4,unroll_5,1,15.75,0.931482526925,False
workload_918.cpp,xczu7ev-ffvc1156-2-e,10,15.34801,477,17,0,6,40,cyclic_4_1,cyclic_32_1,cyclic_2_1,block_2_1,cyclic_64_1,block_2_1,cyclic_8_1,pipeline_1,pipeline_1,unroll_36,pipeline_1,unroll_2,unroll_5,unroll_4,unroll_2,unroll_4,unroll_2,unroll_2,unroll_5,unroll_2,unroll_2,unroll_16,pipeline_1,pipeline_1,unroll_4,unroll_5,1,15.75,0.930818118646,False
workload_825.cpp,xczu7ev-ffvc1156-2-e,10,14.01277,756,20,1,12,64,cyclic_4_1,cyclic_32_1,cyclic_2_1,block_32_1,cyclic_128_1,complete_1,cyclic_4_1,pipeline_1,pipeline_1,pipeline_1,pipeline_1,unroll_2,unroll_5,pipeline_1,unroll_8,unroll_4,unroll_8,unroll_2,unroll_5,pipeline_1,unroll_4,unroll_36,pipeline_1,pipeline_1,unroll_4,unroll_5,1,24.25,0.691253403883,False
workload_778.cpp,xczu7ev-ffvc1156-2-e,10,14.01637,789,25,1,11,62,cyclic_4_1,cyclic_32_1,cyclic_2_1,block_64_1,cyclic_128_1,block_2_1,cyclic_4_1,pipeline_1,pipeline_1,pipeline_1,pipeline_1,unroll_2,unroll_5,pipeline_1,unroll_8,unroll_4,unroll_8,unroll_2,unroll_5,unroll_2,unroll_4,unroll_36,pipeline_1,pipeline_1,unroll_4,unroll_5,1,24.75,0.69122868648,False
workload_852.cpp,xczu7ev-ffvc1156-2-e,10,14.01637,809,25,1,11,62,cyclic_4_1,cyclic_32_1,cyclic_2_1,block_64_1,cyclic_128_1,cyclic_8_1,block_4_1,pipeline_1,pipeline_1,pipeline_1,pipeline_1,unroll_2,unroll_5,pipeline_1,unroll_2,unroll_4,unroll_2,unroll_2,unroll_5,unroll_2,unroll_2,unroll_36,pipeline_1,pipeline_1,unroll_4,unroll_5,1,24.75,0.69122868648,False
workload_900.cpp,xczu7ev-ffvc1156-2-e,10,352.90561,574,18,1,7,46,cyclic_4_1,cyclic_32_1,cyclic_2_1,block_8_1,cyclic_128_1,block_2_1,cyclic_4_1,pipeline_1,unroll_2,unroll_2,pipeline_1,unroll_2,pipeline_1,pipeline_1,unroll_8,unroll_4,unroll_2,unroll_2,unroll_5,unroll_2,unroll_2,unroll_16,unroll_16,pipeline_1,unroll_4,unroll_5,1,18,0.369145726166,False
workload_841.cpp,xczu7ev-ffvc1156-2-e,10,13.83601,933,36,0,8,76,cyclic_4_1,cyclic_32_1,cyclic_2_1,cyclic_128_1,cyclic_128_1,block_2_1,block_4_1,unroll_5,pipeline_1,unroll_36,pipeline_1,unroll_2,unroll_5,unroll_4,unroll_2,pipeline_1,unroll_2,unroll_2,unroll_5,unroll_2,unroll_2,unroll_2,unroll_16,unroll_36,unroll_4,unroll_5,1,30,0.515058274587,False
workload_897.cpp,xczu7ev-ffvc1156-2-e,10,12.50581,967,36,0,8,59,cyclic_4_1,cyclic_32_1,cyclic_2_1,cyclic_128_1,cyclic_128_1,block_2_1,cyclic_2_1,pipeline_1,pipeline_1,pipeline_1,pipeline_1,unroll_2,pipeline_1,pipeline_1,unroll_2,unroll_4,unroll_2,unroll_2,unroll_5,unroll_2,unroll_2,unroll_8,unroll_16,pipeline_1,unroll_4,unroll_5,1,25.75,0.690895669233,False
workload_905.cpp,xczu7ev-ffvc1156-2-e,10,350.83453,647,36,0,6,61,cyclic_4_1,cyclic_32_1,cyclic_2_1,cyclic_128_1,cyclic_128_1,complete_1,cyclic_4_1,unroll_5,unroll_2,pipeline_1,pipeline_1,unroll_2,pipeline_1,pipeline_1,unroll_8,unroll_4,unroll_8,unroll_2,unroll_5,unroll_2,unroll_8,unroll_36,pipeline_1,pipeline_1,unroll_4,unroll_5,1,25.75,0.316465397106,False
workload_939.cpp,xczu7ev-ffvc1156-2-e,10,355.20637,621,36,0,6,58,cyclic_4_1,cyclic_32_1,cyclic_2_1,cyclic_128_1,cyclic_128_1,cyclic_8_1,cyclic_4_1,unroll_5,unroll_2,pipeline_1,pipeline_1,unroll_2,unroll_5,pipeline_1,unroll_2,unroll_4,unroll_2,unroll_2,unroll_5,unroll_2,unroll_2,unroll_16,pipeline_1,pipeline_1,unroll_4,unroll_5,1,25,0.318328082191,False
workload_904.cpp,xczu7ev-ffvc1156-2-e,10,356.90233,644,36,0,5,57,cyclic_4_1,cyclic_32_1,cyclic_2_1,cyclic_128_1,cyclic_128_1,cyclic_8_1,cyclic_4_1,unroll_5,unroll_2,unroll_36,pipeline_1,unroll_2,unroll_5,pipeline_1,unroll_2,unroll_4,unroll_2,unroll_2,unroll_5,unroll_2,unroll_2,unroll_16,pipeline_1,pipeline_1,unroll_4,unroll_5,1,24.5,0.320345215756,False
workload_874.cpp,xczu7ev-ffvc1156-2-e,10,12.50581,913,18,0,8,49,cyclic_4_1,cyclic_32_1,cyclic_2_1,cyclic_16_1,cyclic_128_1,block_2_1,cyclic_2_1,pipeline_1,pipeline_1,pipeline_1,pipeline_1,unroll_2,pipeline_1,pipeline_1,unroll_2,pipeline_1,unroll_2,unroll_2,unroll_5,unroll_2,unroll_2,unroll_16,pipeline_1,pipeline_1,unroll_4,unroll_5,2,18.75,0.809465573386,False
workload_875.cpp,xczu7ev-ffvc1156-2-e,10,12.50581,915,18,0,8,49,cyclic_4_1,cyclic_32_1,cyclic_2_1,cyclic_16_1,cyclic_128_1,cyclic_8_1,cyclic_4_1,pipeline_1,pipeline_1,pipeline_1,pipeline_1,unroll_2,pipeline_1,pipeline_1,unroll_2,pipeline_1,unroll_2,unroll_2,unroll_5,unroll_2,unroll_4,unroll_36,pipeline_1,pipeline_1,unroll_4,unroll_5,1,18.75,0.809465573386,False
workload_861.cpp,xczu7ev-ffvc1156-2-e,10,12.50581,901,17,0,8,47,cyclic_4_1,cyclic_32_1,cyclic_2_1,cyclic_2_1,cyclic_128_1,block_2_1,block_4_1,unroll_5,pipeline_1,pipeline_1,pipeline_1,unroll_2,pipeline_1,pipeline_1,pipeline_1,unroll_4,unroll_8,unroll_2,pipeline_1,unroll_2,unroll_4,unroll_16,unroll_8,pipeline_1,unroll_4,unroll_5,1,18,0.847014808993,False
workload_896.cpp,xczu7ev-ffvc1156-2-e,10,12.50581,903,17,0,8,47,cyclic_4_1,cyclic_32_1,cyclic_2_1,cyclic_2_1,cyclic_128_1,block_2_1,cyclic_4_1,unroll_5,pipeline_1,pipeline_1,pipeline_1,unroll_2,pipeline_1,pipeline_1,unroll_2,pipeline_1,unroll_2,unroll_2,unroll_5,unroll_2,unroll_4,unroll_16,unroll_8,pipeline_1,unroll_4,unroll_5,1,18,0.847014808993,False
workload_802.cpp,xczu7ev-ffvc1156-2-e,10,13.60597,1018,36,1,8,63,cyclic_4_1,cyclic_32_1,cyclic_4_1,block_128_1,cyclic_128_1,block_2_1,cyclic_4_1,unroll_5,pipeline_1,pipeline_1,pipeline_1,unroll_2,unroll_5,unroll_4,unroll_4,unroll_4,unroll_2,unroll_2,unroll_5,unroll_2,unroll_2,unroll_16,unroll_16,pipeline_1,unroll_4,pipeline_1,1,27,0.636204794899,False
workload_755.cpp,xczu7ev-ffvc1156-2-e,10,13.60597,1030.5,36,1,8,63.5,cyclic_4_1,cyclic_32_1,cyclic_4_1,block_128_1,cyclic_128_1,block_2_1,cyclic_4_1,unroll_5,pipeline_1,pipeline_1,pipeline_1,unroll_2,unroll_5,unroll_4,unroll_8,unroll_4,unroll_2,unroll_2,unroll_5,unroll_2,unroll_2,unroll_16,unroll_16,pipeline_1,unroll_4,pipeline_1,2,27.125,0.630849985261,False
workload_829.cpp,xczu7ev-ffvc1156-2-e,10,366.94525,725,36,1,7,68,cyclic_4_1,cyclic_32_1,cyclic_4_1,block_128_1,cyclic_128_1,complete_1,cyclic_4_1,pipeline_1,unroll_2,pipeline_1,pipeline_1,unroll_2,unroll_5,pipeline_1,unroll_4,unroll_4,unroll_8,unroll_2,unroll_5,unroll_2,unroll_2,unroll_36,pipeline_1,pipeline_1,unroll_4,unroll_5,1,28,0.279041779436,False
workload_868.cpp,xczu7ev-ffvc1156-2-e,10,13.23301,545,18,0,7,49,cyclic_4_1,cyclic_32_1,cyclic_4_1,block_2_1,cyclic_128_1,block_2_1,block_4_1,pipeline_1,pipeline_1,pipeline_1,pipeline_1,unroll_2,unroll_5,pipeline_1,unroll_2,unroll_4,unroll_2,unroll_2,unroll_5,unroll_2,unroll_4,unroll_16,unroll_16,pipeline_1,unroll_4,unroll_5,1,18.5,0.821876382202,False
workload_902.cpp,xczu7ev-ffvc1156-2-e,10,13.23301,551,18,0,7,49,cyclic_4_1,cyclic_32_1,cyclic_4_1,block_2_1,cyclic_128_1,block_2_1,block_4_1,pipeline_1,pipeline_1,pipeline_1,pipeline_1,unroll_2,unroll_5,pipeline_1,unroll_4,unroll_4,unroll_2,unroll_2,unroll_5,unroll_2,unroll_4,unroll_16,unroll_16,pipeline_1,unroll_4,unroll_5,1,18.5,0.821876382202,False
workload_937.cpp,xczu7ev-ffvc1156-2-e,10,13.23733,480,18,0,6,44,cyclic_4_1,cyclic_32_1,cyclic_4_1,block_2_1,cyclic_128_1,block_2_1,block_4_1,pipeline_1,pipeline_1,pipeline_1,pipeline_1,unroll_2,unroll_5,unroll_4,unroll_4,pipeline_1,unroll_2,unroll_2,unroll_5,unroll_2,unroll_2,unroll_16,unroll_16,pipeline_1,unroll_4,unroll_5,1,17,0.898490521675,False
workload_903.cpp,xczu7ev-ffvc1156-2-e,10,13.23733,694,18,0,6,51,cyclic_4_1,cyclic_32_1,cyclic_4_1,block_2_1,cyclic_128_1,block_2_1,cyclic_2_1,pipeline_1,pipeline_1,pipeline_1,pipeline_1,unroll_2,pipeline_1,unroll_4,unroll_2,pipeline_1,unroll_2,unroll_2,unroll_5,unroll_36,unroll_2,unroll_16,pipeline_1,pipeline_1,unroll_4,unroll_5,1,18.75,0.809468221014,False
workload_774.cpp,xczu7ev-ffvc1156-2-e,10,63.48962,918,22,2,11,54,cyclic_4_1,cyclic_32_1,cyclic_4_1,block_32_1,cyclic_4_1,cyclic_4_1,cyclic_4_1,pipeline_1,pipeline_1,unroll_8,pipeline_1,unroll_2,pipeline_1,unroll_4,unroll_2,unroll_4,unroll_8,unroll_4,unroll_5,unroll_8,pipeline_1,unroll_2,unroll_16,pipeline_1,unroll_4,pipeline_1,1,22.25,0.67236782644,False
workload_813.cpp,xczu7ev-ffvc1156-2-e,10,13.60165,767,26,1,9,63,cyclic_4_1,cyclic_32_1,cyclic_4_1,block_64_1,cyclic_128_1,cyclic_8_1,cyclic_4_1,pipeline_1,pipeline_1,pipeline_1,pipeline_1,unroll_2,unroll_5,pipeline_1,unroll_2,unroll_4,unroll_2,unroll_2,unroll_5,unroll_2,unroll_2,unroll_36,pipeline_1,pipeline_1,unroll_4,unroll_5,1,24.75,0.691254869452,False
workload_899.cpp,xczu7ev-ffvc1156-2-e,10,12.09109,975,36,0,6,61,cyclic_4_1,cyclic_32_1,cyclic_4_1,cyclic_128_1,cyclic_128_1,block_2_1,cyclic_4_1,pipeline_1,pipeline_1,pipeline_1,pipeline_1,unroll_2,pipeline_1,pipeline_1,unroll_2,unroll_4,unroll_2,unroll_2,unroll_5,unroll_2,unroll_2,unroll_16,pipeline_1,pipeline_1,unroll_4,unroll_5,1,25.75,0.691285307608,False
workload_690.cpp,xczu7ev-ffvc1156-2-e,10,12.09109,952,36,0,6,61,cyclic_4_1,cyclic_32_1,cyclic_4_1,cyclic_128_1,cyclic_128_1,block_2_1,cyclic_4_1,pipeline_1,pipeline_1,pipeline_1,pipeline_1,unroll_2,unroll_5,pipeline_1,unroll_2,unroll_4,unroll_2,unroll_2,unroll_5,unroll_2,unroll_2,unroll_16,unroll_16,pipeline_1,unroll_4,unroll_5,1,25.75,0.691285307608,False
workload_817.cpp,xczu7ev-ffvc1156-2-e,10,12.09109,1089,36,0,6,65,cyclic_4_1,cyclic_32_1,cyclic_4_1,cyclic_128_1,cyclic_128_1,block_2_1,cyclic_4_1,unroll_5,pipeline_1,pipeline_1,pipeline_1,unroll_2,unroll_5,pipeline_1,unroll_2,unroll_4,unroll_2,unroll_2,unroll_5,unroll_2,unroll_2,unroll_36,unroll_16,pipeline_1,unroll_4,unroll_5,1,26.75,0.647025884476,False
workload_834.cpp,xczu7ev-ffvc1156-2-e,10,12.08749,1118,36,0,6,70,cyclic_4_1,cyclic_32_1,cyclic_4_1,cyclic_128_1,cyclic_128_1,complete_1,cyclic_4_1,pipeline_1,pipeline_1,pipeline_1,pipeline_1,unroll_2,unroll_5,pipeline_1,unroll_2,unroll_4,unroll_2,unroll_2,unroll_5,pipeline_1,unroll_2,unroll_36,unroll_16,pipeline_1,unroll_4,unroll_5,1,28,0.594118339745,False
workload_928.cpp,xczu7ev-ffvc1156-2-e,10,12.08749,969,36,0,6,61,cyclic_4_1,cyclic_32_1,cyclic_4_1,cyclic_128_1,cyclic_128_1,complete_1,cyclic_4_1,pipeline_1,pipeline_1,pipeline_1,pipeline_1,unroll_2,unroll_5,pipeline_1,unroll_2,unroll_4,unroll_2,unroll_2,unroll_5,unroll_2,unroll_2,unroll_16,unroll_16,pipeline_1,unroll_4,unroll_5,1,25.75,1,True
workload_909.cpp,xczu7ev-ffvc1156-2-e,10,12.08749,1129,36,0,6,70,cyclic_4_1,cyclic_32_1,cyclic_4_1,cyclic_128_1,cyclic_128_1,complete_1,cyclic_4_1,pipeline_1,pipeline_1,pipeline_1,pipeline_1,unroll_2,unroll_5,pipeline_1,unroll_2,unroll_4,unroll_8,unroll_2,unroll_5,pipeline_1,unroll_2,unroll_36,pipeline_1,pipeline_1,unroll_4,unroll_5,1,28,0.594118339745,False
workload_873.cpp,xczu7ev-ffvc1156-2-e,10,350.22973,734,36,0,4,63,cyclic_4_1,cyclic_32_1,cyclic_4_1,cyclic_128_1,cyclic_128_1,complete_1,cyclic_4_1,pipeline_1,unroll_2,pipeline_1,pipeline_1,unroll_2,unroll_5,pipeline_1,unroll_8,unroll_4,unroll_8,unroll_2,unroll_5,unroll_2,unroll_8,unroll_36,pipeline_1,pipeline_1,unroll_4,unroll_5,1,25.75,0.31707573355,False
workload_890.cpp,xczu7ev-ffvc1156-2-e,10,12.09109,1070,36,0,6,64,cyclic_4_1,cyclic_32_1,cyclic_4_1,cyclic_128_1,cyclic_128_1,cyclic_8_1,cyclic_4_1,pipeline_1,pipeline_1,pipeline_1,pipeline_1,unroll_2,unroll_5,pipeline_1,unroll_2,pipeline_1,unroll_8,unroll_2,unroll_5,unroll_2,unroll_2,unroll_36,pipeline_1,pipeline_1,unroll_4,unroll_5,1,26.5,0.65793019522,False
workload_737.cpp,xczu7ev-ffvc1156-2-e,10,12.09109,1077,36,0,6,64,cyclic_4_1,cyclic_32_1,cyclic_4_1,cyclic_128_1,cyclic_128_1,cyclic_8_1,cyclic_4_1,pipeline_1,pipeline_1,pipeline_1,pipeline_1,unroll_2,unroll_5,pipeline_1,unroll_2,unroll_4,unroll_2,unroll_2,unroll_5,unroll_2,unroll_2,unroll_36,pipeline_1,pipeline_1,unroll_4,unroll_5,1,26.5,0.65793019522,False
workload_654.cpp,xczu7ev-ffvc1156-2-e,10,12.09109,1086,36,0,6,65,cyclic_4_1,cyclic_32_1,cyclic_4_1,cyclic_128_1,cyclic_128_1,cyclic_8_1,cyclic_4_1,pipeline_1,pipeline_1,pipeline_1,pipeline_1,unroll_2,unroll_5,pipeline_1,unroll_2,unroll_4,unroll_2,unroll_2,unroll_5,unroll_2,unroll_2,unroll_36,unroll_16,pipeline_1,unroll_4,unroll_5,1,26.75,0.647025884476,False
workload_952.cpp,xczu7ev-ffvc1156-2-e,10,12.09109,1125,36,0,6,65,cyclic_4_1,cyclic_32_1,cyclic_4_1,cyclic_128_1,cyclic_128_1,cyclic_8_1,cyclic_4_1,pipeline_1,pipeline_1,pipeline_1,pipeline_1,unroll_2,unroll_5,pipeline_1,unroll_8,unroll_4,unroll_8,unroll_2,unroll_5,unroll_2,unroll_8,unroll_36,pipeline_1,pipeline_1,unroll_4,unroll_5,1,26.75,0.647025884476,False
workload_863.cpp,xczu7ev-ffvc1156-2-e,10,354.79165,595,36,0,4,58,cyclic_4_1,cyclic_32_1,cyclic_4_1,cyclic_128_1,cyclic_128_1,cyclic_8_1,cyclic_4_1,pipeline_1,unroll_2,pipeline_1,pipeline_1,unroll_2,unroll_5,pipeline_1,unroll_2,unroll_4,unroll_2,unroll_2,unroll_5,unroll_2,unroll_2,unroll_16,pipeline_1,pipeline_1,unroll_4,unroll_5,2,24.5,0.322540346919,False
workload_789.cpp,xczu7ev-ffvc1156-2-e,10,354.79165,702,36,0,4,61,cyclic_4_1,cyclic_32_1,cyclic_4_1,cyclic_128_1,cyclic_128_1,cyclic_8_1,cyclic_4_1,pipeline_1,unroll_2,pipeline_1,pipeline_1,unroll_2,unroll_5,pipeline_1,unroll_2,unroll_4,unroll_8,unroll_2,unroll_5,unroll_2,unroll_2,unroll_36,pipeline_1,pipeline_1,unroll_4,unroll_5,1,25.25,0.3167415553,False
workload_956.cpp,xczu7ev-ffvc1156-2-e,10,356.48761,753,36,0,5,62,cyclic_4_1,cyclic_32_1,cyclic_4_1,cyclic_128_1,cyclic_128_1,cyclic_8_1,cyclic_4_1,pipeline_1,unroll_2,unroll_36,pipeline_1,unroll_2,unroll_5,pipeline_1,unroll_2,unroll_4,unroll_8,unroll_2,unroll_5,unroll_2,unroll_2,unroll_36,pipeline_1,pipeline_1,unroll_4,unroll_5,1,25.75,0.310792502581,False
workload_931.cpp,xczu7ev-ffvc1156-2-e,10,13.29529,1069,36,0,6,62,cyclic_4_1,cyclic_32_1,cyclic_4_1,cyclic_128_1,cyclic_64_1,cyclic_4_1,cyclic_8_1,unroll_5,pipeline_1,unroll_36,pipeline_1,unroll_2,pipeline_1,pipeline_1,unroll_2,pipeline_1,unroll_2,unroll_2,unroll_5,unroll_2,unroll_2,unroll_16,unroll_16,pipeline_1,unroll_4,unroll_5,1,26,0.679957437532,False
workload_923.cpp,xczu7ev-ffvc1156-2-e,10,12.09109,886,18,0,6,49,cyclic_4_1,cyclic_32_1,cyclic_4_1,cyclic_16_1,cyclic_128_1,block_2_1,block_4_1,pipeline_1,pipeline_1,pipeline_1,pipeline_1,unroll_2,pipeline_1,pipeline_1,unroll_2,pipeline_1,unroll_2,unroll_2,unroll_5,unroll_2,unroll_4,unroll_16,pipeline_1,pipeline_1,unroll_4,unroll_5,1,18.25,0.834381819473,False
workload_815.cpp,xczu7ev-ffvc1156-2-e,10,12.09613,507.5,18,0,6,45,cyclic_4_1,cyclic_32_1,cyclic_4_1,cyclic_16_1,cyclic_128_1,block_2_1,cyclic_2_1,pipeline_1,pipeline_1,pipeline_1,pipeline_1,unroll_2,pipeline_1,unroll_4,unroll_2,pipeline_1,unroll_2,unroll_2,unroll_5,unroll_2,unroll_2,unroll_16,pipeline_1,pipeline_1,unroll_4,unroll_5,2,17.25,0.885518881005,False
workload_910.cpp,xczu7ev-ffvc1156-2-e,10,12.09613,502,18,0,6,45,cyclic_4_1,cyclic_32_1,cyclic_4_1,cyclic_16_1,cyclic_128_1,block_2_1,cyclic_2_1,pipeline_1,pipeline_1,pipeline_1,pipeline_1,unroll_2,unroll_5,unroll_4,unroll_2,pipeline_1,unroll_2,unroll_2,unroll_5,unroll_2,unroll_2,unroll_16,unroll_16,pipeline_1,unroll_4,unroll_5,1,17.25,0.885518881005,False
workload_768.cpp,xczu7ev-ffvc1156-2-e,10,12.09109,877,18,0,6,48,cyclic_4_1,cyclic_32_1,cyclic_4_1,cyclic_16_1,cyclic_128_1,block_2_1,cyclic_4_1,pipeline_1,pipeline_1,pipeline_1,pipeline_1,unroll_2,pipeline_1,pipeline_1,unroll_2,pipeline_1,unroll_2,unroll_2,unroll_5,unroll_2,unroll_2,unroll_16,pipeline_1,pipeline_1,unroll_4,unroll_5,2,18,0.847005251527,False
workload_915.cpp,xczu7ev-ffvc1156-2-e,10,12.15409,967,18,0,7,50,cyclic_4_1,cyclic_32_1,cyclic_4_1,cyclic_16_1,cyclic_128_1,block_2_1,cyclic_4_1,pipeline_1,pipeline_1,unroll_36,pipeline_1,unroll_2,pipeline_1,pipeline_1,unroll_2,pipeline_1,unroll_2,unroll_2,unroll_5,unroll_2,unroll_2,unroll_16,pipeline_1,pipeline_1,unroll_4,unroll_5,1,18.75,0.809458543517,False
workload_715.cpp,xczu7ev-ffvc1156-2-e,10,14.01637,1322,49,1,13,83,cyclic_64_1,cyclic_2_1,cyclic_2_1,block_128_1,cyclic_128_1,block_2_1,cyclic_4_1,pipeline_1,pipeline_1,pipeline_1,pipeline_1,unroll_2,unroll_5,pipeline_1,unroll_4,unroll_4,unroll_2,unroll_2,unroll_5,unroll_2,unroll_2,unroll_16,unroll_16,pipeline_1,unroll_4,unroll_5,1,36.5,0.305692745336,False
workload_723.cpp,xczu7ev-ffvc1156-2-e,10,14.01637,1373,49,1,13,88,cyclic_64_1,cyclic_2_1,cyclic_2_1,block_128_1,cyclic_128_1,block_2_1,cyclic_4_1,unroll_5,pipeline_1,pipeline_1,pipeline_1,unroll_2,unroll_5,pipeline_1,pipeline_1,unroll_4,unroll_2,unroll_2,unroll_5,unroll_8,unroll_2,unroll_16,unroll_16,pipeline_1,unroll_4,unroll_5,1,37.75,0.273769588219,False
workload_632.cpp,xczu7ev-ffvc1156-2-e,10,13.39861,1336,50,1,12,99,cyclic_64_1,cyclic_32_1,cyclic_16_1,block_128_1,cyclic_128_1,block_2_1,cyclic_4_1,unroll_5,pipeline_1,pipeline_1,pipeline_1,unroll_2,unroll_5,unroll_4,unroll_2,unroll_4,unroll_2,unroll_2,unroll_5,unroll_2,unroll_2,unroll_16,unroll_16,pipeline_1,unroll_4,pipeline_1,1,40.5,0.213009104421,False
workload_656.cpp,xczu7ev-ffvc1156-2-e,10,13.39861,1363,50,1,12,99,cyclic_64_1,cyclic_32_1,cyclic_16_1,block_128_1,cyclic_128_1,block_2_1,cyclic_4_1,unroll_5,pipeline_1,pipeline_1,pipeline_1,unroll_2,unroll_5,unroll_4,unroll_2,unroll_4,unroll_8,unroll_2,unroll_5,unroll_2,unroll_2,unroll_16,unroll_16,pipeline_1,unroll_4,unroll_5,1,40.5,0.213009104421,False
workload_790.cpp,xczu7ev-ffvc1156-2-e,10,13.39861,1377,50,1,10,97,cyclic_64_1,cyclic_32_1,cyclic_16_1,block_128_1,cyclic_64_1,block_2_1,block_4_1,unroll_5,pipeline_1,pipeline_1,pipeline_1,unroll_2,unroll_5,unroll_4,unroll_2,unroll_4,unroll_2,unroll_2,unroll_5,unroll_2,unroll_2,unroll_16,unroll_16,pipeline_1,unroll_4,pipeline_1,1,39.5,0.233597533543,False
workload_775.cpp,xczu7ev-ffvc1156-2-e,10,14.02069,1189,49,1,12,68,cyclic_64_1,cyclic_32_1,cyclic_2_1,block_128_1,cyclic_128_1,block_2_1,cyclic_4_1,pipeline_1,pipeline_1,pipeline_1,pipeline_1,unroll_2,unroll_5,unroll_4,unroll_4,unroll_4,unroll_2,unroll_2,unroll_5,unroll_2,unroll_2,unroll_4,unroll_16,pipeline_1,unroll_4,unroll_5,1,32.5,0.425924783481,False
workload_736.cpp,xczu7ev-ffvc1156-2-e,10,683.27293,909,49,1,10,68,cyclic_64_1,cyclic_32_1,cyclic_2_1,block_128_1,cyclic_128_1,block_2_1,cyclic_4_1,pipeline_1,unroll_2,pipeline_1,pipeline_1,unroll_2,unroll_5,unroll_4,unroll_4,unroll_4,unroll_8,unroll_2,unroll_5,unroll_2,unroll_2,unroll_4,unroll_16,pipeline_1,unroll_4,unroll_5,1,32,0.100928911674,False
workload_704.cpp,xczu7ev-ffvc1156-2-e,10,14.01277,1268,34,4,24,98,cyclic_64_1,cyclic_32_1,cyclic_2_1,block_32_1,cyclic_128_1,complete_1,cyclic_4_1,pipeline_1,pipeline_1,pipeline_1,pipeline_1,unroll_2,unroll_5,pipeline_1,unroll_8,pipeline_1,unroll_8,unroll_2,pipeline_1,pipeline_1,pipeline_1,pipeline_1,unroll_16,pipeline_1,unroll_16,pipeline_1,1,40,0.223087512032,False
workload_748.cpp,xczu7ev-ffvc1156-2-e,10,14.01709,1146,34,4,22,91,cyclic_64_1,cyclic_32_1,cyclic_2_1,block_32_1,cyclic_128_1,complete_1,cyclic_4_1,pipeline_1,pipeline_1,pipeline_1,pipeline_1,unroll_2,unroll_5,unroll_4,unroll_8,unroll_64,unroll_8,unroll_2,pipeline_1,pipeline_1,pipeline_1,pipeline_1,pipeline_1,pipeline_1,unroll_16,unroll_5,1,37.75,0.273769586571,False
workload_808.cpp,xczu7ev-ffvc1156-2-e,10,14.02069,1262,39,4,21,98,cyclic_64_1,cyclic_32_1,cyclic_2_1,block_64_1,cyclic_128_1,block_2_1,cyclic_4_1,pipeline_1,pipeline_1,pipeline_1,pipeline_1,unroll_2,unroll_5,unroll_4,unroll_8,unroll_64,unroll_8,unroll_2,pipeline_1,unroll_2,pipeline_1,pipeline_1,pipeline_1,pipeline_1,unroll_16,unroll_5,1,40.5,0.213008571167,False
workload_837.cpp,xczu7ev-ffvc1156-2-e,10,14.01637,836,39,1,13,73,cyclic_64_1,cyclic_32_1,cyclic_2_1,block_64_1,cyclic_128_1,complete_1,cyclic_4_1,unroll_5,pipeline_1,pipeline_1,pipeline_1,unroll_2,pipeline_1,pipeline_1,pipeline_1,pipeline_1,unroll_2,unroll_2,unroll_5,unroll_2,unroll_2,unroll_16,pipeline_1,pipeline_1,unroll_4,unroll_5,1,31.5,0.46028663191,False
workload_735.cpp,xczu7ev-ffvc1156-2-e,10,13.60597,1340,50,1,12,87,cyclic_64_1,cyclic_32_1,cyclic_4_1,block_128_1,cyclic_128_1,block_2_1,cyclic_4_1,pipeline_1,pipeline_1,pipeline_1,pipeline_1,unroll_2,unroll_5,unroll_4,unroll_2,unroll_4,unroll_2,unroll_2,unroll_5,unroll_2,unroll_2,unroll_16,unroll_16,pipeline_1,unroll_4,pipeline_1,1,37.5,0.279939742006,False
workload_724.cpp,xczu7ev-ffvc1156-2-e,10,14.01637,1463,53,1,15,98,cyclic_8_1,cyclic_128_1,cyclic_2_1,block_128_1,cyclic_128_1,block_2_1,cyclic_4_1,pipeline_1,pipeline_1,pipeline_1,pipeline_1,unroll_2,unroll_5,pipeline_1,unroll_4,pipeline_1,unroll_4,unroll_2,pipeline_1,unroll_2,unroll_2,unroll_36,pipeline_1,pipeline_1,unroll_4,unroll_5,1,41.75,0.189694519141,False
workload_804.cpp,xczu7ev-ffvc1156-2-e,10,14.87173,1180,37,1,12,67,cyclic_8_1,cyclic_2_1,block_128_1,block_128_1,cyclic_128_1,block_2_1,cyclic_4_1,pipeline_1,pipeline_1,pipeline_1,pipeline_1,unroll_2,unroll_5,pipeline_1,unroll_8,unroll_4,unroll_2,unroll_2,unroll_5,unroll_2,unroll_2,unroll_8,unroll_16,pipeline_1,unroll_4,unroll_5,1,29.25,0.543874097496,False
workload_889.cpp,xczu7ev-ffvc1156-2-e,10,13.02565,574,19,0,7,59,cyclic_8_1,cyclic_2_1,cyclic_16_1,block_2_1,cyclic_128_1,block_2_1,block_4_1,pipeline_1,pipeline_1,pipeline_1,pipeline_1,unroll_2,unroll_5,pipeline_1,unroll_4,pipeline_1,unroll_2,unroll_2,unroll_5,unroll_2,unroll_4,unroll_16,unroll_8,pipeline_1,unroll_4,unroll_5,1,21.25,0.691288236281,False
workload_898.cpp,xczu7ev-ffvc1156-2-e,10,13.64773,590,19,0,10,47,cyclic_8_1,cyclic_2_1,cyclic_2_1,block_2_1,cyclic_128_1,block_2_1,block_4_1,pipeline_1,pipeline_1,pipeline_1,pipeline_1,unroll_2,unroll_5,pipeline_1,unroll_8,unroll_4,unroll_2,unroll_2,pipeline_1,unroll_2,unroll_4,unroll_16,unroll_16,pipeline_1,unroll_4,unroll_5,1,19,0.797162629659,False
workload_831.cpp,xczu7ev-ffvc1156-2-e,10,13.64773,509,19,0,10,49,cyclic_8_1,cyclic_2_1,cyclic_2_1,block_2_1,cyclic_128_1,block_2_1,block_4_1,unroll_5,pipeline_1,pipeline_1,pipeline_1,unroll_2,pipeline_1,pipeline_1,unroll_4,pipeline_1,unroll_2,unroll_2,unroll_5,unroll_2,unroll_4,unroll_16,unroll_8,pipeline_1,unroll_4,unroll_5,2,19.5,0.772883608209,False
workload_892.cpp,xczu7ev-ffvc1156-2-e,10,13.65205,482,19,0,8,41,cyclic_8_1,cyclic_2_1,cyclic_2_1,block_2_1,cyclic_128_1,cyclic_4_1,block_4_1,unroll_5,pipeline_1,pipeline_1,pipeline_1,unroll_2,unroll_5,unroll_4,unroll_4,pipeline_1,unroll_2,unroll_2,unroll_5,unroll_2,unroll_2,unroll_16,pipeline_1,pipeline_1,unroll_4,unroll_5,1,17,0.898399396823,False
workload_946.cpp,xczu7ev-ffvc1156-2-e,10,13.65205,475,19,0,8,41,cyclic_8_1,cyclic_2_1,cyclic_2_1,block_2_1,cyclic_128_1,cyclic_4_1,block_4_1,unroll_5,pipeline_1,pipeline_1,pipeline_1,unroll_2,unroll_5,unroll_4,unroll_4,pipeline_1,unroll_2,unroll_2,unroll_5,unroll_2,unroll_2,unroll_16,unroll_8,pipeline_1,unroll_4,unroll_5,1,17,0.898399396823,False
workload_869.cpp,xczu7ev-ffvc1156-2-e,10,12.50581,1110,37,0,9,65,cyclic_8_1,cyclic_2_1,cyclic_2_1,cyclic_128_1,cyclic_128_1,block_2_1,block_4_1,unroll_5,pipeline_1,pipeline_1,pipeline_1,unroll_2,unroll_5,pipeline_1,unroll_2,pipeline_1,unroll_2,unroll_2,unroll_5,unroll_8,unroll_4,unroll_36,unroll_16,pipeline_1,unroll_4,unroll_5,1,27.75,0.604486332936,False
workload_854.cpp,xczu7ev-ffvc1156-2-e,10,12.51085,577,37,0,8,55,cyclic_8_1,cyclic_2_1,cyclic_2_1,cyclic_128_1,cyclic_128_1,block_2_1,cyclic_8_1,pipeline_1,pipeline_1,pipeline_1,pipeline_1,unroll_2,unroll_5,unroll_4,unroll_4,unroll_4,unroll_2,unroll_2,pipeline_1,unroll_2,unroll_4,unroll_16,unroll_8,pipeline_1,unroll_4,unroll_5,1,25,0.691287272646,False
workload_929.cpp,xczu7ev-ffvc1156-2-e,10,12.50581,897,19,0,8,44,cyclic_8_1,cyclic_2_1,cyclic_2_1,cyclic_2_1,cyclic_128_1,block_2_1,cyclic_4_1,pipeline_1,pipeline_1,pipeline_1,pipeline_1,unroll_2,pipeline_1,pipeline_1,unroll_8,unroll_4,unroll_2,unroll_2,pipeline_1,unroll_2,unroll_4,unroll_16,pipeline_1,pipeline_1,unroll_4,unroll_5,1,17.75,0.859745531933,False
workload_870.cpp,xczu7ev-ffvc1156-2-e,10,12.50581,901,19,0,8,44,cyclic_8_1,cyclic_2_1,cyclic_2_1,cyclic_2_1,cyclic_128_1,block_2_1,cyclic_4_1,pipeline_1,pipeline_1,pipeline_1,pipeline_1,unroll_2,pipeline_1,pipeline_1,unroll_8,unroll_4,unroll_2,unroll_2,pipeline_1,unroll_2,unroll_4,unroll_16,unroll_8,pipeline_1,unroll_4,unroll_5,1,17.75,0.859745531933,False
workload_810.cpp,xczu7ev-ffvc1156-2-e,10,12.50581,900,19,0,8,44,cyclic_8_1,cyclic_2_1,cyclic_2_1,cyclic_2_1,cyclic_128_1,block_2_1,cyclic_8_1,pipeline_1,pipeline_1,pipeline_1,pipeline_1,unroll_2,pipeline_1,pipeline_1,unroll_4,unroll_4,unroll_2,unroll_2,pipeline_1,unroll_2,unroll_4,unroll_16,unroll_8,pipeline_1,unroll_4,unroll_5,1,17.75,0.859745531933,False
workload_941.cpp,xczu7ev-ffvc1156-2-e,10,12.50581,901,19,0,8,44,cyclic_8_1,cyclic_2_1,cyclic_2_1,cyclic_2_1,cyclic_128_1,block_2_1,cyclic_8_1,pipeline_1,pipeline_1,pipeline_1,pipeline_1,unroll_2,pipeline_1,pipeline_1,unroll_8,unroll_4,unroll_2,unroll_2,pipeline_1,unroll_2,unroll_4,unroll_16,unroll_8,pipeline_1,unroll_4,unroll_5,1,17.75,0.859745531933,False
workload_793.cpp,xczu7ev-ffvc1156-2-e,10,14.02285,659,19,0,8,42,cyclic_8_1,cyclic_2_1,cyclic_2_1,cyclic_2_1,cyclic_64_1,block_2_1,cyclic_8_1,pipeline_1,pipeline_1,pipeline_1,pipeline_1,unroll_2,pipeline_1,pipeline_1,unroll_4,unroll_4,unroll_2,unroll_2,pipeline_1,unroll_2,unroll_4,unroll_16,unroll_8,pipeline_1,unroll_4,unroll_5,1,17.25,0.885402391401,False
workload_803.cpp,xczu7ev-ffvc1156-2-e,10,12.50581,1096,19,0,9,53,cyclic_8_1,cyclic_32_1,cyclic_2_1,cyclic_2_1,cyclic_128_1,block_2_1,block_4_1,unroll_5,pipeline_1,pipeline_1,pipeline_1,unroll_2,unroll_5,pipeline_1,pipeline_1,pipeline_1,unroll_8,unroll_2,pipeline_1,unroll_8,unroll_4,unroll_36,unroll_8,pipeline_1,unroll_4,unroll_5,1,20.25,0.737266796512,False
workload_895.cpp,xczu7ev-ffvc1156-2-e,10,12.51085,653,19,0,8,49,cyclic_8_1,cyclic_32_1,cyclic_2_1,cyclic_2_1,cyclic_128_1,block_2_1,block_4_1,unroll_5,pipeline_1,pipeline_1,pipeline_1,unroll_2,unroll_5,unroll_4,pipeline_1,pipeline_1,unroll_8,unroll_2,pipeline_1,unroll_8,unroll_4,unroll_36,pipeline_1,pipeline_1,unroll_4,unroll_5,1,19,0.7971638876,False
workload_812.cpp,xczu7ev-ffvc1156-2-e,10,17.06269,809,19,0,8,48,cyclic_8_1,cyclic_32_1,cyclic_2_1,cyclic_2_1,cyclic_32_1,complete_1,cyclic_8_1,unroll_5,pipeline_1,pipeline_1,pipeline_1,unroll_2,unroll_5,pipeline_1,pipeline_1,unroll_4,unroll_8,unroll_2,pipeline_1,unroll_16,unroll_4,unroll_16,unroll_8,pipeline_1,unroll_4,unroll_5,1,18.75,0.809219336543,False
workload_791.cpp,xczu7ev-ffvc1156-2-e,10,17.06269,915,19,0,8,51,cyclic_8_1,cyclic_32_1,cyclic_2_1,cyclic_2_1,cyclic_32_1,complete_1,cyclic_8_1,unroll_5,pipeline_1,pipeline_1,pipeline_1,unroll_2,unroll_5,pipeline_1,pipeline_1,unroll_4,unroll_8,unroll_2,pipeline_1,unroll_16,unroll_4,unroll_36,unroll_8,pipeline_1,unroll_4,unroll_5,1,19.5,0.772711041875,False
workload_821.cpp,xczu7ev-ffvc1156-2-e,10,14.02285,816,19,0,8,49,cyclic_8_1,cyclic_32_1,cyclic_2_1,cyclic_2_1,cyclic_64_1,block_2_1,block_4_1,unroll_5,pipeline_1,pipeline_1,pipeline_1,unroll_2,unroll_5,pipeline_1,unroll_2,unroll_4,unroll_2,unroll_2,unroll_5,unroll_2,unroll_4,unroll_36,unroll_8,pipeline_1,unroll_4,unroll_5,1,19,0.797154512317,False
workload_742.cpp,xczu7ev-ffvc1156-2-e,10,14.02285,801,19,0,8,49,cyclic_8_1,cyclic_32_1,cyclic_2_1,cyclic_2_1,cyclic_64_1,block_2_1,cyclic_8_1,pipeline_1,pipeline_1,pipeline_1,pipeline_1,unroll_2,unroll_5,pipeline_1,unroll_4,unroll_4,unroll_8,unroll_2,pipeline_1,unroll_2,unroll_4,unroll_36,unroll_8,pipeline_1,unroll_4,unroll_5,1,19,0.797154512317,False
workload_691.cpp,xczu7ev-ffvc1156-2-e,10,14.02285,816,19,0,8,51,cyclic_8_1,cyclic_32_1,cyclic_2_1,cyclic_2_1,cyclic_64_1,block_2_1,cyclic_8_1,unroll_5,pipeline_1,pipeline_1,pipeline_1,unroll_2,unroll_5,pipeline_1,pipeline_1,unroll_4,unroll_8,unroll_2,pipeline_1,unroll_8,unroll_4,unroll_36,unroll_8,pipeline_1,unroll_4,unroll_5,1,19.5,0.772877516737,False
