Version,Device,Clock_Period_nsec,Latency_msec,Synthesis_Time_sec,BRAM_Utilization_percentage,DSP_Utilization_percentage,FF_Utilization_percentage,LUT_Utilization_percentage,Array_1,Array_2,OuterLoop_1,InnerLoop_1_1,Replicate_Count,Area,Weight,is_pareto
Stencil2D_588.cpp,xczu7ev-ffvc1156-2-e,10,5.12625,376,0,0,7,42,block_128_1,block_128_1,pipeline_1,pipeline_1,3,12.25,1,True
Stencil2D_758.cpp,xczu7ev-ffvc1156-2-e,10,5.12625,386,0,0,7,42,block_128_1,block_128_1,pipeline_1,unroll_64,3,12.25,1,True
Stencil2D_790.cpp,xczu7ev-ffvc1156-2-e,10,70.02542,43,0,0,0,3,block_128_1,block_128_1,unroll_8,unroll_2,1,0.75,0.663253156937,False
Stencil2D_864.cpp,xczu7ev-ffvc1156-2-e,10,5.26125,435,5,4,15,49,block_128_1,block_16_1,pipeline_1,pipeline_1,1,18.25,0.51920618368,False
Stencil2D_111.cpp,xczu7ev-ffvc1156-2-e,10,5.792585,674,0,0,20,60,block_128_1,block_2_1,pipeline_1,pipeline_1,2,20,0.519214666184,False
Stencil2D_189.cpp,xczu7ev-ffvc1156-2-e,10,10.76278,133,0,0,12,19,block_128_1,block_2_1,unroll_8,pipeline_1,1,7.75,0.792688312051,False
Stencil2D_136.cpp,xczu7ev-ffvc1156-2-e,10,5.13235,416,10,7,18,53,block_128_1,block_32_1,pipeline_1,unroll_2,1,22,0.501289012219,False
Stencil2D_2.cpp,xczu7ev-ffvc1156-2-e,10,139.78121,39,5,0,0,1,block_128_1,block_32_1,unroll_2,unroll_2,1,1.5,0.370172550228,False
Stencil2D_226.cpp,xczu7ev-ffvc1156-2-e,10,9.77251,339,10,0,6,22,block_128_1,block_32_1,unroll_64,pipeline_1,1,9.5,0.71476648401,False
Stencil2D_164.cpp,xczu7ev-ffvc1156-2-e,10,5.25172,412,1,1,11,45,block_128_1,block_4_1,pipeline_1,pipeline_1,1,14.5,0.645312784304,False
Stencil2D_463.cpp,xczu7ev-ffvc1156-2-e,10,5.12625,399,0,0,7,43,block_128_1,block_64_1,pipeline_1,pipeline_1,7,12.5,0.698193528014,False
Stencil2D_379.cpp,xczu7ev-ffvc1156-2-e,10,5.12814,381,0,0,7,42,block_128_1,block_64_1,pipeline_1,unroll_2,2,12.25,0.703613391596,False
Stencil2D_807.cpp,xczu7ev-ffvc1156-2-e,10,5.125705,388.5,0,0,7,42.5,block_128_1,block_64_1,pipeline_1,unroll_64,2,12.375,1,True
Stencil2D_309.cpp,xczu7ev-ffvc1156-2-e,10,9.77004,79,0,0,5,9,block_128_1,block_64_1,unroll_64,pipeline_1,3,3.5,0.884159273015,False
Stencil2D_92.cpp,xczu7ev-ffvc1156-2-e,10,134.91244,41,2,1,0,1,block_128_1,block_8_1,unroll_2,unroll_2,1,1,0.387846095427,False
Stencil2D_107.cpp,xczu7ev-ffvc1156-2-e,10,5.129295,408.5,0,30,28,72.5,block_128_1,cyclic_128_1,pipeline_1,pipeline_1,2,32.625,0.232442740786,False
Stencil2D_119.cpp,xczu7ev-ffvc1156-2-e,10,10.16938,42,0,0,2,3.5,block_128_1,cyclic_128_1,unroll_2,pipeline_1,2,1.375,0.954097858728,False
Stencil2D_194.cpp,xczu7ev-ffvc1156-2-e,10,5.13612,398,5,4,11,47,block_128_1,cyclic_16_1,pipeline_1,pipeline_1,1,16.75,0.57534986818,False
Stencil2D_90.cpp,xczu7ev-ffvc1156-2-e,10,10.17595,39,2,0,0,1,block_128_1,cyclic_16_1,unroll_2,pipeline_1,1,0.75,0.976890213974,False
Stencil2D_260.cpp,xczu7ev-ffvc1156-2-e,10,10.09012,82,2,0,3,9,block_128_1,cyclic_16_1,unroll_32,pipeline_1,1,3.5,0.884022444112,False
Stencil2D_1.cpp,xczu7ev-ffvc1156-2-e,10,10.10388,82,2,0,0,2,block_128_1,cyclic_16_1,unroll_8,pipeline_1,1,1,0.973585855417,False
Stencil2D_174.cpp,xczu7ev-ffvc1156-2-e,10,20.65733,53,2,0,1,6,block_128_1,cyclic_16_1,unroll_8,unroll_16,1,2.25,0.898080512387,False
Stencil2D_262.cpp,xczu7ev-ffvc1156-2-e,10,5.12531,394,0,0,8,43,block_128_1,cyclic_2_1,pipeline_1,pipeline_1,7,12.75,0.692792193564,False
Stencil2D_727.cpp,xczu7ev-ffvc1156-2-e,10,5.127585,395,0,0,8,44,block_128_1,cyclic_2_1,pipeline_1,unroll_2,2,13,0.682071269016,False
Stencil2D_753.cpp,xczu7ev-ffvc1156-2-e,10,5.1257,393,0,0,8,43.5,block_128_1,cyclic_2_1,pipeline_1,unroll_64,4,12.875,0.687422689904,False
Stencil2D_871.cpp,xczu7ev-ffvc1156-2-e,10,10.09152,47,0,0,1,3,block_128_1,cyclic_2_1,unroll_16,pipeline_1,1,1,1,True
Stencil2D_279.cpp,xczu7ev-ffvc1156-2-e,10,10.16985,39,0,0,0,1,block_128_1,cyclic_2_1,unroll_2,pipeline_1,1,0.25,0.99326866568,False
Stencil2D_716.cpp,xczu7ev-ffvc1156-2-e,10,8.90766,61,0,0,1,7,block_128_1,cyclic_2_1,unroll_2,unroll_64,1,2,1,True
Stencil2D_684.cpp,xczu7ev-ffvc1156-2-e,10,10.13722,39,0,0,0,2,block_128_1,cyclic_2_1,unroll_4,pipeline_1,1,0.5,0.986625790175,False
Stencil2D_520.cpp,xczu7ev-ffvc1156-2-e,10,5.12578,392,2,7,17,52,block_128_1,cyclic_32_1,pipeline_1,pipeline_1,1,19.5,0.519208892112,False
Stencil2D_380.cpp,xczu7ev-ffvc1156-2-e,10,5.12547,395,1,1,8,45,block_128_1,cyclic_4_1,pipeline_1,pipeline_1,7,13.75,0.666170331784,False
Stencil2D_659.cpp,xczu7ev-ffvc1156-2-e,10,5.1257,397.5,1,1,8,44.5,block_128_1,cyclic_4_1,pipeline_1,unroll_2,2,13.625,0.671448840928,False
Stencil2D_461.cpp,xczu7ev-ffvc1156-2-e,10,8.97077,297,0,0,5,45,block_128_1,cyclic_4_1,unroll_16,unroll_64,1,12.5,0.688709440427,False
Stencil2D_820.cpp,xczu7ev-ffvc1156-2-e,10,8.90102,78,0,0,1,13,block_128_1,cyclic_4_1,unroll_4,unroll_64,1,3.5,0.884305934243,False
Stencil2D_397.cpp,xczu7ev-ffvc1156-2-e,10,8.90221,122,0,0,2,24,block_128_1,cyclic_4_1,unroll_8,unroll_64,1,6.5,0.817604225339,False
Stencil2D_590.cpp,xczu7ev-ffvc1156-2-e,10,5.12515,400.5,0,15,20,60,block_128_1,cyclic_64_1,pipeline_1,pipeline_1,2,23.75,0.475125927515,False
Stencil2D_501.cpp,xczu7ev-ffvc1156-2-e,10,5.12562,395,0,15,20,59,block_128_1,cyclic_64_1,pipeline_1,unroll_64,3,23.5,0.48374007439,False
Stencil2D_783.cpp,xczu7ev-ffvc1156-2-e,10,8.90985,56,0,0,2,7,block_128_1,cyclic_64_1,unroll_2,unroll_64,1,2.25,0.941074506392,False
Stencil2D_138.cpp,xczu7ev-ffvc1156-2-e,10,5.125935,402.5,2,2,9.5,46,block_128_1,cyclic_8_1,pipeline_1,pipeline_1,2,14.875,0.645311621308,False
Stencil2D_763.cpp,xczu7ev-ffvc1156-2-e,10,5.12625,380,2,2,9,45,block_128_1,cyclic_8_1,pipeline_1,unroll_64,1,14.5,0.645305333826,False
Stencil2D_282.cpp,xczu7ev-ffvc1156-2-e,10,9.766495,83.5,1,0,5,12,block_128_1,cyclic_8_1,unroll_64,pipeline_1,2,4.5,0.880971244455,False
Stencil2D_45.cpp,xczu7ev-ffvc1156-2-e,10,5.36985,380,5,4,14,49,block_16_1,block_2_1,pipeline_1,pipeline_1,1,18,0.528325734604,False
Stencil2D_25.cpp,xczu7ev-ffvc1156-2-e,10,5.36985,419,5,4,14,49,block_16_1,block_2_1,pipeline_1,unroll_2,1,18,0.528325734604,False
Stencil2D_49.cpp,xczu7ev-ffvc1156-2-e,10,5.793,416,5,4,18,52,block_16_1,block_2_1,pipeline_1,unroll_32,1,19.75,0.519218523537,False
Stencil2D_132.cpp,xczu7ev-ffvc1156-2-e,10,5.24705,366,10,8,17,52,block_16_1,cyclic_16_1,pipeline_1,pipeline_1,1,21.75,0.510206397643,False
Stencil2D_225.cpp,xczu7ev-ffvc1156-2-e,10,10.09987,141,2,0,5,22,block_16_1,cyclic_64_1,unroll_32,pipeline_1,1,7.25,0.813451935758,False
Stencil2D_64.cpp,xczu7ev-ffvc1156-2-e,10,37.48558,43,3,0,1,2,block_2_1,cyclic_16_1,unroll_2,unroll_8,1,1.5,0.828012257215,False
Stencil2D_56.cpp,xczu7ev-ffvc1156-2-e,10,207.48918,562,0,0,51,84,block_2_1,cyclic_2_1,unroll_8,unroll_32,1,33.75,0.100129958328,False
Stencil2D_5.cpp,xczu7ev-ffvc1156-2-e,10,10.76106,99,1,0,6,17,block_2_1,cyclic_32_1,unroll_32,pipeline_1,1,6,0.817042439753,False
Stencil2D_21.cpp,xczu7ev-ffvc1156-2-e,10,10.76325,54,0,0,3,7,block_2_1,cyclic_4_1,unroll_8,pipeline_1,1,2.5,0.928273553949,False
Stencil2D_10.cpp,xczu7ev-ffvc1156-2-e,10,5.23641,384.5,0,15,21,59,block_2_1,cyclic_64_1,pipeline_1,unroll_64,2,23.75,0.47512508858,False
Stencil2D_9.cpp,xczu7ev-ffvc1156-2-e,10,37.55056,46,0,0,2,4,block_2_1,cyclic_64_1,unroll_2,unroll_8,1,1.5,0.827665695393,False
Stencil2D_67.cpp,xczu7ev-ffvc1156-2-e,10,37.6007,51,0,0,2,8,block_2_1,cyclic_64_1,unroll_4,unroll_8,1,2.5,0.812346730252,False
Stencil2D_88.cpp,xczu7ev-ffvc1156-2-e,10,5.25359,370,11,8,18,54,block_32_1,block_4_1,pipeline_1,pipeline_1,1,22.75,0.483750523809,False
Stencil2D_7.cpp,xczu7ev-ffvc1156-2-e,10,5.25359,419,11,8,18,54,block_32_1,block_4_1,pipeline_1,unroll_4,1,22.75,0.483750523809,False
Stencil2D_308.cpp,xczu7ev-ffvc1156-2-e,10,9.77491,204,5,0,6,25,block_32_1,block_4_1,unroll_64,pipeline_1,1,9,0.736895315576,False
Stencil2D_47.cpp,xczu7ev-ffvc1156-2-e,10,155.32305,103,7,0,1,9,block_32_1,cyclic_16_1,unroll_16,unroll_2,1,4.25,0.311476357923,False
Stencil2D_110.cpp,xczu7ev-ffvc1156-2-e,10,10.10388,47,7,0,1,4,block_32_1,cyclic_16_1,unroll_8,pipeline_1,1,3,0.90863836776,False
Stencil2D_300.cpp,xczu7ev-ffvc1156-2-e,10,5.13241,383,10,8,18,52,block_32_1,cyclic_2_1,pipeline_1,pipeline_1,1,22,0.501289015255,False
Stencil2D_73.cpp,xczu7ev-ffvc1156-2-e,10,10.1471,106,8,0,1,8,block_32_1,cyclic_4_1,unroll_4,pipeline_1,1,4.25,0.882917559941,False
Stencil2D_128.cpp,xczu7ev-ffvc1156-2-e,10,5.79174,429,6,18,18,53,block_4_1,block_16_1,pipeline_1,unroll_2,1,23.75,0.474947925099,False
Stencil2D_186.cpp,xczu7ev-ffvc1156-2-e,10,10.49054,122.5,1,28,9,17,block_4_1,block_4_1,unroll_32,pipeline_1,2,13.75,0.65740997506,False
Stencil2D_39.cpp,xczu7ev-ffvc1156-2-e,10,71.83634,119,1,15,12,24,block_4_1,block_64_1,unroll_64,unroll_4,1,13,0.496928778523,False
Stencil2D_145.cpp,xczu7ev-ffvc1156-2-e,10,5.13237,405,6,4,15,48,block_4_1,cyclic_16_1,pipeline_1,pipeline_1,1,18.25,0.519198108774,False
Stencil2D_42.cpp,xczu7ev-ffvc1156-2-e,10,10.14819,40,3,0,0,1,block_4_1,cyclic_16_1,unroll_4,pipeline_1,1,1,0.973449933208,False
Stencil2D_100.cpp,xczu7ev-ffvc1156-2-e,10,10.10388,43,3,0,0,3,block_4_1,cyclic_16_1,unroll_8,pipeline_1,1,1.5,0.953147937391,False
Stencil2D_227.cpp,xczu7ev-ffvc1156-2-e,10,5.12627,395,3,8,17,52,block_4_1,cyclic_32_1,pipeline_1,pipeline_1,2,20,0.519213024248,False
Stencil2D_4.cpp,xczu7ev-ffvc1156-2-e,10,10.428025,99,1,7,5,16,block_4_1,cyclic_32_1,unroll_32,pipeline_1,2,7.25,0.81253633362,False
Stencil2D_155.cpp,xczu7ev-ffvc1156-2-e,10,10.22577,49,1,0,1,4,block_4_1,cyclic_4_1,unroll_16,pipeline_1,1,1.5,0.952959180452,False
Stencil2D_317.cpp,xczu7ev-ffvc1156-2-e,10,10.15804,58,1,0,3,7.5,block_4_1,cyclic_4_1,unroll_32,pipeline_1,2,2.875,0.914643910954,False
Stencil2D_344.cpp,xczu7ev-ffvc1156-2-e,10,10.14444,37,1,0,0,1,block_4_1,cyclic_4_1,unroll_4,pipeline_1,1,0.5,0.986603516054,False
Stencil2D_307.cpp,xczu7ev-ffvc1156-2-e,10,5.12627,365,1,15,21,59,block_4_1,cyclic_64_1,pipeline_1,pipeline_1,1,24,0.466599023175,False
Stencil2D_109.cpp,xczu7ev-ffvc1156-2-e,10,217.25056,39,0,0,1,2,block_4_1,cyclic_64_1,unroll_2,unroll_2,1,0.75,0.170315997946,False
Stencil2D_99.cpp,xczu7ev-ffvc1156-2-e,10,10.09499,124,0,0,4,20,block_4_1,cyclic_64_1,unroll_32,pipeline_1,1,6,0.817369360297,False
Stencil2D_297.cpp,xczu7ev-ffvc1156-2-e,10,10.80504,54,0,14,4,9,block_4_1,cyclic_64_1,unroll_4,pipeline_1,1,6.75,0.816138905386,False
Stencil2D_249.cpp,xczu7ev-ffvc1156-2-e,10,220.18791,69,1,4,4,8,block_4_1,cyclic_8_1,unroll_32,unroll_2,1,4.25,0.161540798485,False
Stencil2D_18.cpp,xczu7ev-ffvc1156-2-e,10,72.36812,232.5,2,49,16.5,28,block_4_1,cyclic_8_1,unroll_32,unroll_4,2,23.875,0.338027056088,False
Stencil2D_257.cpp,xczu7ev-ffvc1156-2-e,10,10.14319,40,1,0,0,1,block_4_1,cyclic_8_1,unroll_4,pipeline_1,3,0.5,0.986607375087,False
Stencil2D_867.cpp,xczu7ev-ffvc1156-2-e,10,5.12625,394,0,0,7,42,block_64_1,block_128_1,pipeline_1,pipeline_1,1,12.25,1,True
Stencil2D_861.cpp,xczu7ev-ffvc1156-2-e,10,5.12516,398,0,0,7,43,block_64_1,block_128_1,pipeline_1,unroll_64,1,12.5,1,True
Stencil2D_776.cpp,xczu7ev-ffvc1156-2-e,10,8.89734,134,0,0,2,24,block_64_1,block_128_1,unroll_8,unroll_64,1,6.5,0.817604573757,False
Stencil2D_103.cpp,xczu7ev-ffvc1156-2-e,10,5.13049,409,5,4,14,48,block_64_1,block_16_1,pipeline_1,unroll_2,1,17.75,0.537523412514,False
Stencil2D_3.cpp,xczu7ev-ffvc1156-2-e,10,158.62775,52,2,1,0,3,block_64_1,block_16_1,unroll_2,unroll_8,1,1.5,0.309530619063,False
Stencil2D_166.cpp,xczu7ev-ffvc1156-2-e,10,214.91169,141,2,4,3,10,block_64_1,block_16_1,unroll_32,unroll_2,1,4.75,0.16973221946,False
Stencil2D_104.cpp,xczu7ev-ffvc1156-2-e,10,5.13049,408.5,10,7,17,52,block_64_1,block_32_1,pipeline_1,unroll_2,2,21.5,0.519203522321,False
Stencil2D_152.cpp,xczu7ev-ffvc1156-2-e,10,5.25141,378,1,1,11,45,block_64_1,block_4_1,pipeline_1,pipeline_1,1,14.5,0.645312777406,False
Stencil2D_63.cpp,xczu7ev-ffvc1156-2-e,10,5.25297,403,1,1,13,45,block_64_1,block_4_1,pipeline_1,unroll_4,1,15,0.645003793335,False
Stencil2D_143.cpp,xczu7ev-ffvc1156-2-e,10,10.56077,53.5,0,14,3,6,block_64_1,block_4_1,unroll_2,pipeline_1,2,5.75,0.823098901634,False
Stencil2D_217.cpp,xczu7ev-ffvc1156-2-e,10,9.83551,92.5,0,0,6,12.5,block_64_1,block_4_1,unroll_64,pipeline_1,2,4.625,0.87654241205,False
Stencil2D_66.cpp,xczu7ev-ffvc1156-2-e,10,70.04009,36,0,0,0,1,block_64_1,block_64_1,unroll_4,unroll_2,2,0.25,0.664057392883,False
Stencil2D_60.cpp,xczu7ev-ffvc1156-2-e,10,36.99151,46,2,2,1,4,block_64_1,block_8_1,unroll_2,unroll_16,1,2.25,0.819163606133,False
Stencil2D_196.cpp,xczu7ev-ffvc1156-2-e,10,5.131495,401.5,0,30,28,72.5,block_64_1,cyclic_128_1,pipeline_1,pipeline_1,2,32.625,0.232442788503,False
Stencil2D_135.cpp,xczu7ev-ffvc1156-2-e,10,5.13489,416,0,30,28,73,block_64_1,cyclic_128_1,pipeline_1,unroll_8,1,32.75,0.229907050309,False
Stencil2D_147.cpp,xczu7ev-ffvc1156-2-e,10,10.1678,44,0,0,2,3,block_64_1,cyclic_128_1,unroll_2,pipeline_1,1,1.25,0.960580054933,False
Stencil2D_140.cpp,xczu7ev-ffvc1156-2-e,10,10.09999,282,0,0,5,32,block_64_1,cyclic_128_1,unroll_32,pipeline_1,1,9.25,0.725718906701,False
Stencil2D_28.cpp,xczu7ev-ffvc1156-2-e,10,140.04023,61,0,0,2,4,block_64_1,cyclic_128_1,unroll_4,unroll_2,1,1.5,0.369287237941,False
Stencil2D_131.cpp,xczu7ev-ffvc1156-2-e,10,9.77613,103,2,0,6,15,block_64_1,cyclic_16_1,unroll_64,pipeline_1,1,5.75,0.823421762815,False
Stencil2D_161.cpp,xczu7ev-ffvc1156-2-e,10,5.12625,374,2,7,17,52,block_64_1,cyclic_32_1,pipeline_1,pipeline_1,3,19.5,0.519208922378,False
Stencil2D_336.cpp,xczu7ev-ffvc1156-2-e,10,5.13018,399,2,7,17,52,block_64_1,cyclic_32_1,pipeline_1,unroll_16,1,19.5,0.51920917425,False
Stencil2D_50.cpp,xczu7ev-ffvc1156-2-e,10,10.16514,40,1,0,0,2,block_64_1,cyclic_32_1,unroll_2,pipeline_1,1,0.75,0.976892649508,False
Stencil2D_298.cpp,xczu7ev-ffvc1156-2-e,10,21.45772,52,0,0,1,6,block_64_1,cyclic_4_1,unroll_16,unroll_8,1,1.75,0.904978836473,False
Stencil2D_304.cpp,xczu7ev-ffvc1156-2-e,10,10.17002,34,0,0,0,1,block_64_1,cyclic_4_1,unroll_2,pipeline_1,1,0.25,0.99326813567,False
Stencil2D_432.cpp,xczu7ev-ffvc1156-2-e,10,10.13738,41,0,0,0,2,block_64_1,cyclic_4_1,unroll_4,pipeline_1,1,0.5,0.986625296976,False
Stencil2D_338.cpp,xczu7ev-ffvc1156-2-e,10,5.12531,365,0,15,21,59,block_64_1,cyclic_64_1,pipeline_1,pipeline_1,1,23.75,0.475125934853,False
Stencil2D_93.cpp,xczu7ev-ffvc1156-2-e,10,5.13047,407,0,15,20,59,block_64_1,cyclic_64_1,pipeline_1,unroll_4,1,23.5,0.483730412368,False
Stencil2D_254.cpp,xczu7ev-ffvc1156-2-e,10,5.12531,412,0,15,21,59,block_64_1,cyclic_64_1,pipeline_1,unroll_8,1,23.75,0.475125934853,False
Stencil2D_120.cpp,xczu7ev-ffvc1156-2-e,10,10.16772,41,0,0,1,3,block_64_1,cyclic_64_1,unroll_2,pipeline_1,2,1,0.973389801304,False
Stencil2D_180.cpp,xczu7ev-ffvc1156-2-e,10,9.77051,339,0,0,7,33,block_64_1,cyclic_64_1,unroll_64,pipeline_1,2,10,0.702502971062,False
Stencil2D_618.cpp,xczu7ev-ffvc1156-2-e,10,5.12515,379,2,2,9,46,block_64_1,cyclic_8_1,pipeline_1,unroll_64,1,14.75,0.645309485989,False
Stencil2D_172.cpp,xczu7ev-ffvc1156-2-e,10,10.16624,40,1,0,0,1,block_64_1,cyclic_8_1,unroll_2,pipeline_1,1,0.5,0.986536031986,False
Stencil2D_242.cpp,xczu7ev-ffvc1156-2-e,10,9.77738,326,11,0,6,27,block_8_1,block_32_1,unroll_64,pipeline_1,1,11,0.701433110824,False
Stencil2D_112.cpp,xczu7ev-ffvc1156-2-e,10,5.249545,403,7,6,16,50,block_8_1,cyclic_16_1,pipeline_1,pipeline_1,2,19.75,0.519217630893,False
Stencil2D_32.cpp,xczu7ev-ffvc1156-2-e,10,10.23577,54,3,0,1,6,block_8_1,cyclic_16_1,unroll_16,pipeline_1,1,2.5,0.929882759482,False
Stencil2D_97.cpp,xczu7ev-ffvc1156-2-e,10,5.25235,399,5,9,18,53,block_8_1,cyclic_32_1,pipeline_1,unroll_64,1,21.25,0.519221155778,False
Stencil2D_288.cpp,xczu7ev-ffvc1156-2-e,10,10.09499,82,2,0,3,14,block_8_1,cyclic_32_1,unroll_32,pipeline_1,1,4.75,0.870663161031,False
Stencil2D_232.cpp,xczu7ev-ffvc1156-2-e,10,10.09987,61,1,0,3,8,block_8_1,cyclic_4_1,unroll_32,pipeline_1,1,3,0.908642296938,False
Stencil2D_285.cpp,xczu7ev-ffvc1156-2-e,10,5.13052,356,2,16,21,60,block_8_1,cyclic_64_1,pipeline_1,unroll_64,1,24.75,0.441606355644,False
Stencil2D_160.cpp,xczu7ev-ffvc1156-2-e,10,10.09499,127,1,0,4,20,block_8_1,cyclic_64_1,unroll_32,pipeline_1,1,6.25,0.817296196417,False
Stencil2D_151.cpp,xczu7ev-ffvc1156-2-e,10,5.13988,418,0,30,28,72,cyclic_128_1,block_64_1,pipeline_1,unroll_64,1,32.5,0.235003292067,False
Stencil2D_115.cpp,xczu7ev-ffvc1156-2-e,10,5.12645,381,5,30,28,70,cyclic_128_1,cyclic_16_1,pipeline_1,unroll_64,2,33.25,0.220008728955,False
Stencil2D_828.cpp,xczu7ev-ffvc1156-2-e,10,5.12766,420,0,30,28,73,cyclic_128_1,cyclic_2_1,pipeline_1,pipeline_1,1,32.75,0.229906895706,False
Stencil2D_315.cpp,xczu7ev-ffvc1156-2-e,10,5.1262,369,0,30,28,71,cyclic_128_1,cyclic_64_1,pipeline_1,pipeline_1,1,32.25,0.240197157472,False
Stencil2D_589.cpp,xczu7ev-ffvc1156-2-e,10,5.12523,401,0,30,28,72,cyclic_128_1,cyclic_64_1,pipeline_1,unroll_64,1,32.5,0.235002970686,False
Stencil2D_560.cpp,xczu7ev-ffvc1156-2-e,10,88.631415,74.5,0,0,4,11.5,cyclic_128_1,cyclic_64_1,unroll_2,unroll_64,2,3.875,0.556987756354,False
Stencil2D_468.cpp,xczu7ev-ffvc1156-2-e,10,87.01006,361,0,1,10,34,cyclic_128_1,cyclic_64_1,unroll_8,unroll_64,1,11.25,0.472914259672,False
Stencil2D_743.cpp,xczu7ev-ffvc1156-2-e,10,5.12516,395,5,4,11,48,cyclic_16_1,block_128_1,pipeline_1,pipeline_1,1,17,0.565745629365,False
Stencil2D_102.cpp,xczu7ev-ffvc1156-2-e,10,5.793,420,5,4,17,52,cyclic_16_1,block_2_1,pipeline_1,pipeline_1,1,19.5,0.519221015956,False
Stencil2D_127.cpp,xczu7ev-ffvc1156-2-e,10,279.50499,40,3,0,0,1,cyclic_16_1,block_4_1,unroll_2,unroll_2,1,1,0.103565382659,False
Stencil2D_173.cpp,xczu7ev-ffvc1156-2-e,10,291.63137,175,3,7,8,18,cyclic_16_1,block_4_1,unroll_64,unroll_2,1,9,0.1,False
Stencil2D_70.cpp,xczu7ev-ffvc1156-2-e,10,5.12567,401,7,5,16,50,cyclic_16_1,block_8_1,pipeline_1,unroll_2,1,19.5,0.519208885024,False
Stencil2D_116.cpp,xczu7ev-ffvc1156-2-e,10,5.78626,422,7,19,19,56,cyclic_16_1,block_8_1,pipeline_1,unroll_4,1,25.25,0.42543353273,False
Stencil2D_199.cpp,xczu7ev-ffvc1156-2-e,10,286.3629,59,3,2,2,7,cyclic_16_1,block_8_1,unroll_16,unroll_2,1,3.5,0.10111111194,False
Stencil2D_678.cpp,xczu7ev-ffvc1156-2-e,10,5.125335,395.5,5,4,11,48,cyclic_16_1,cyclic_2_1,pipeline_1,pipeline_1,2,17,0.565745643029,False
Stencil2D_838.cpp,xczu7ev-ffvc1156-2-e,10,10.09291,46,2,0,1,4,cyclic_16_1,cyclic_2_1,unroll_8,pipeline_1,1,1.75,0.950499287656,False
Stencil2D_580.cpp,xczu7ev-ffvc1156-2-e,10,5.12079,379,7,4,11,49,cyclic_16_1,cyclic_8_1,pipeline_1,pipeline_1,1,17.75,0.537522708604,False
Stencil2D_658.cpp,xczu7ev-ffvc1156-2-e,10,5.12524,393,0,0,8,44,cyclic_2_1,block_128_1,pipeline_1,pipeline_1,6,13,0.682071009729,False
Stencil2D_823.cpp,xczu7ev-ffvc1156-2-e,10,5.12516,393,0,0,8,44,cyclic_2_1,block_128_1,pipeline_1,unroll_4,1,13,0.682071000767,False
Stencil2D_692.cpp,xczu7ev-ffvc1156-2-e,10,5.12516,370,0,0,8,44,cyclic_2_1,block_128_1,pipeline_1,unroll_64,1,13,0.682071000767,False
Stencil2D_856.cpp,xczu7ev-ffvc1156-2-e,10,10.16553,41,0,0,0,1.5,cyclic_2_1,block_128_1,unroll_2,pipeline_1,2,0.375,0.986762198155,False
Stencil2D_866.cpp,xczu7ev-ffvc1156-2-e,10,8.90766,56,0,0,1,7,cyclic_2_1,block_128_1,unroll_2,unroll_64,1,2,1,True
Stencil2D_627.cpp,xczu7ev-ffvc1156-2-e,10,10.13722,39,0,0,0,2,cyclic_2_1,block_128_1,unroll_4,pipeline_1,1,0.5,0.986625790175,False
Stencil2D_670.cpp,xczu7ev-ffvc1156-2-e,10,10.09307,43,0,0,0,2,cyclic_2_1,block_128_1,unroll_8,pipeline_1,3,0.5,1,True
Stencil2D_53.cpp,xczu7ev-ffvc1156-2-e,10,9.90251,177,2,0,7,19,cyclic_2_1,block_16_1,unroll_64,pipeline_1,1,7,0.816622121444,False
Stencil2D_154.cpp,xczu7ev-ffvc1156-2-e,10,5.13,401,10,8,18,53,cyclic_2_1,block_32_1,pipeline_1,unroll_2,1,22.25,0.492468133404,False
Stencil2D_101.cpp,xczu7ev-ffvc1156-2-e,10,9.77251,373,10,0,6,23,cyclic_2_1,block_32_1,unroll_64,pipeline_1,2,9.75,0.7038445596,False
Stencil2D_141.cpp,xczu7ev-ffvc1156-2-e,10,10.10026,51,10,0,1,5,cyclic_2_1,block_32_1,unroll_8,pipeline_1,1,4,0.883642379078,False
Stencil2D_238.cpp,xczu7ev-ffvc1156-2-e,10,5.13239,363,1,1,11,45,cyclic_2_1,block_4_1,pipeline_1,pipeline_1,1,14.5,0.645305915876,False
Stencil2D_165.cpp,xczu7ev-ffvc1156-2-e,10,5.13003,392,0,0,8,43,cyclic_2_1,block_64_1,pipeline_1,pipeline_1,9,12.75,0.692780761646,False
Stencil2D_11.cpp,xczu7ev-ffvc1156-2-e,10,5.13491,401,0,0,8,43,cyclic_2_1,block_64_1,pipeline_1,unroll_16,1,12.75,0.692768941773,False
Stencil2D_412.cpp,xczu7ev-ffvc1156-2-e,10,5.127595,389.5,0,0,8,43.5,cyclic_2_1,block_64_1,pipeline_1,unroll_2,2,12.875,0.687422893151,False
Stencil2D_880.cpp,xczu7ev-ffvc1156-2-e,10,5.12532,379,0,0,8,44,cyclic_2_1,block_64_1,pipeline_1,unroll_64,1,13,0.682071018684,False
Stencil2D_439.cpp,xczu7ev-ffvc1156-2-e,10,10.16985,36,0,0,0,1,cyclic_2_1,block_64_1,unroll_2,pipeline_1,1,0.25,0.99326866568,False
Stencil2D_359.cpp,xczu7ev-ffvc1156-2-e,10,10.14209,40,0,0,0,1,cyclic_2_1,block_64_1,unroll_4,pipeline_1,1,0.25,0.993354645651,False
Stencil2D_568.cpp,xczu7ev-ffvc1156-2-e,10,8.90118,80,0,0,1,13,cyclic_2_1,block_64_1,unroll_4,unroll_64,1,3.5,0.884305937797,False
Stencil2D_360.cpp,xczu7ev-ffvc1156-2-e,10,9.77004,84,0,0,5,10,cyclic_2_1,block_64_1,unroll_64,pipeline_1,3,3.75,0.884078254024,False
Stencil2D_480.cpp,xczu7ev-ffvc1156-2-e,10,10.09323,41,0,0,0,2,cyclic_2_1,block_64_1,unroll_8,pipeline_1,3,0.5,0.986760683624,False
Stencil2D_761.cpp,xczu7ev-ffvc1156-2-e,10,37.52574,46,0,0,0,3,cyclic_2_1,block_64_1,unroll_8,unroll_4,1,0.75,0.834554198401,False
Stencil2D_780.cpp,xczu7ev-ffvc1156-2-e,10,8.8975,134,0,0,2,24,cyclic_2_1,block_64_1,unroll_8,unroll_64,2,6.5,0.817604562494,False
Stencil2D_218.cpp,xczu7ev-ffvc1156-2-e,10,5.12799,414,0,30,28,72,cyclic_2_1,cyclic_128_1,pipeline_1,pipeline_1,1,32.5,0.235003031565,False
Stencil2D_123.cpp,xczu7ev-ffvc1156-2-e,10,10.0964,114,0,0,3,18,cyclic_2_1,cyclic_128_1,unroll_16,pipeline_1,1,5.25,0.847133229292,False
Stencil2D_247.cpp,xczu7ev-ffvc1156-2-e,10,5.12571,386.5,5,4,11,48,cyclic_2_1,cyclic_16_1,pipeline_1,pipeline_1,2,17,0.565745672291,False
Stencil2D_144.cpp,xczu7ev-ffvc1156-2-e,10,5.13239,397,5,4,11,46,cyclic_2_1,cyclic_16_1,pipeline_1,unroll_16,1,16.5,0.585050869425,False
Stencil2D_457.cpp,xczu7ev-ffvc1156-2-e,10,8.91254,54,2,0,1,6,cyclic_2_1,cyclic_16_1,unroll_2,unroll_64,1,2.25,0.94106690237,False
Stencil2D_195.cpp,xczu7ev-ffvc1156-2-e,10,21.79169,88,2,0,4,18,cyclic_2_1,cyclic_16_1,unroll_32,unroll_8,1,6,0.796484062504,False
Stencil2D_700.cpp,xczu7ev-ffvc1156-2-e,10,8.89734,137,2,0,2,24,cyclic_2_1,cyclic_16_1,unroll_8,unroll_64,1,7,0.817566314838,False
Stencil2D_263.cpp,xczu7ev-ffvc1156-2-e,10,5.12282,391,1,0,7,43,cyclic_2_1,cyclic_2_1,pipeline_1,pipeline_1,15,12.75,0.692798224219,False
Stencil2D_573.cpp,xczu7ev-ffvc1156-2-e,10,5.12863,383,1,0,7,42,cyclic_2_1,cyclic_2_1,pipeline_1,unroll_2,1,12.5,0.698187743052,False
Stencil2D_342.cpp,xczu7ev-ffvc1156-2-e,10,5.1277,382,1,0,7,42,cyclic_2_1,cyclic_2_1,pipeline_1,unroll_32,1,12.5,0.698190003575,False
Stencil2D_494.cpp,xczu7ev-ffvc1156-2-e,10,5.122975,363.5,1,0,7,43,cyclic_2_1,cyclic_2_1,pipeline_1,unroll_4,4,12.75,0.69279784882,False
Stencil2D_689.cpp,xczu7ev-ffvc1156-2-e,10,5.12274,384,1,0,7,43,cyclic_2_1,cyclic_2_1,pipeline_1,unroll_64,4,12.75,1,True
Stencil2D_625.cpp,xczu7ev-ffvc1156-2-e,10,10.091835,48,0,0,1,4,cyclic_2_1,cyclic_2_1,unroll_16,pipeline_1,2,1.25,0.960583361562,False
Stencil2D_415.cpp,xczu7ev-ffvc1156-2-e,10,10.16561,38,0,0,0,1,cyclic_2_1,cyclic_2_1,unroll_2,pipeline_1,4,0.25,0.993281871059,False
Stencil2D_812.cpp,xczu7ev-ffvc1156-2-e,10,8.90805,57.5,0,0,1,7,cyclic_2_1,cyclic_2_1,unroll_2,unroll_64,2,2,0.947498273266,False
Stencil2D_557.cpp,xczu7ev-ffvc1156-2-e,10,10.13754,40,0,0,0,1,cyclic_2_1,cyclic_2_1,unroll_4,pipeline_1,5,0.25,1,True
Stencil2D_612.cpp,xczu7ev-ffvc1156-2-e,10,8.901335,73,0,0,1,12.5,cyclic_2_1,cyclic_2_1,unroll_4,unroll_64,2,3.375,0.890514257159,False
Stencil2D_356.cpp,xczu7ev-ffvc1156-2-e,10,9.76798,79,0,0,5,11,cyclic_2_1,cyclic_2_1,unroll_64,pipeline_1,1,4,0.883927691985,False
Stencil2D_177.cpp,xczu7ev-ffvc1156-2-e,10,10.09307,43,0,0,0,3,cyclic_2_1,cyclic_2_1,unroll_8,pipeline_1,5,0.75,0.97689877724,False
Stencil2D_868.cpp,xczu7ev-ffvc1156-2-e,10,8.89734,138,0,0,2,24,cyclic_2_1,cyclic_2_1,unroll_8,unroll_64,1,6.5,0.817604573757,False
Stencil2D_203.cpp,xczu7ev-ffvc1156-2-e,10,21.27777,48,0,0,1,4,cyclic_2_1,cyclic_2_1,unroll_8,unroll_8,1,1.25,0.918227189994,False
Stencil2D_212.cpp,xczu7ev-ffvc1156-2-e,10,5.12587,399.5,3,7,16,51.5,cyclic_2_1,cyclic_32_1,pipeline_1,pipeline_1,4,19.375,0.519207839484,False
Stencil2D_402.cpp,xczu7ev-ffvc1156-2-e,10,5.12375,379,1,1,8,44,cyclic_2_1,cyclic_4_1,pipeline_1,pipeline_1,11,13.5,0.67674572676,False
Stencil2D_507.cpp,xczu7ev-ffvc1156-2-e,10,5.12281,391,1,1,8,44,cyclic_2_1,cyclic_4_1,pipeline_1,unroll_2,3,13.5,0.67674797843,False
Stencil2D_584.cpp,xczu7ev-ffvc1156-2-e,10,5.125,349,1,1,8,44,cyclic_2_1,cyclic_4_1,pipeline_1,unroll_4,1,13.5,0.676742732495,False
Stencil2D_388.cpp,xczu7ev-ffvc1156-2-e,10,5.122965,387.5,1,1,8,44,cyclic_2_1,cyclic_4_1,pipeline_1,unroll_64,4,13.5,0.676747607145,False
Stencil2D_350.cpp,xczu7ev-ffvc1156-2-e,10,8.96857,301,0,0,5,45,cyclic_2_1,cyclic_4_1,unroll_16,unroll_64,2,12.5,0.688714946694,False
Stencil2D_789.cpp,xczu7ev-ffvc1156-2-e,10,10.16545,39,0,0,0,1,cyclic_2_1,cyclic_4_1,unroll_2,pipeline_1,1,0.25,0.99328236886,False
Stencil2D_438.cpp,xczu7ev-ffvc1156-2-e,10,10.13769,40,0,0,0,2,cyclic_2_1,cyclic_4_1,unroll_4,pipeline_1,1,0.5,0.98662434135,False
Stencil2D_534.cpp,xczu7ev-ffvc1156-2-e,10,70.03038,38,0,0,0,2,cyclic_2_1,cyclic_4_1,unroll_4,unroll_2,1,0.5,0.663733162199,False
Stencil2D_620.cpp,xczu7ev-ffvc1156-2-e,10,8.90118,79,0,0,1,12.5,cyclic_2_1,cyclic_4_1,unroll_4,unroll_64,2,3.375,0.890514255273,False
Stencil2D_293.cpp,xczu7ev-ffvc1156-2-e,10,9.76751,81,0,0,5,12,cyclic_2_1,cyclic_4_1,unroll_64,pipeline_1,1,4.25,0.883508904209,False
Stencil2D_332.cpp,xczu7ev-ffvc1156-2-e,10,10.09338,42,0,0,0,2,cyclic_2_1,cyclic_4_1,unroll_8,pipeline_1,7,0.5,0.986760226044,False
Stencil2D_693.cpp,xczu7ev-ffvc1156-2-e,10,70.02574,41,0,0,0,2,cyclic_2_1,cyclic_4_1,unroll_8,unroll_2,1,0.5,0.663756114872,False
Stencil2D_261.cpp,xczu7ev-ffvc1156-2-e,10,8.899775,141.5,0,0,2,24,cyclic_2_1,cyclic_4_1,unroll_8,unroll_64,2,6.5,0.817604400995,False
Stencil2D_223.cpp,xczu7ev-ffvc1156-2-e,10,5.12312,392,0,15,20,59,cyclic_2_1,cyclic_64_1,pipeline_1,pipeline_1,11,23.5,0.483745054766,False
Stencil2D_46.cpp,xczu7ev-ffvc1156-2-e,10,5.13239,370,0,15,20,59,cyclic_2_1,cyclic_64_1,pipeline_1,unroll_16,1,23.5,0.48372658737,False
Stencil2D_399.cpp,xczu7ev-ffvc1156-2-e,10,5.12752,376,0,15,20,60,cyclic_2_1,cyclic_64_1,pipeline_1,unroll_2,1,23.75,0.475126033695,False
Stencil2D_550.cpp,xczu7ev-ffvc1156-2-e,10,5.12265,381,0,15,20,60,cyclic_2_1,cyclic_64_1,pipeline_1,unroll_4,2,23.75,0.475125809654,False
Stencil2D_228.cpp,xczu7ev-ffvc1156-2-e,10,5.12532,397.5,0,15,20,59.5,cyclic_2_1,cyclic_64_1,pipeline_1,unroll_64,2,23.625,0.479426155332,False
Stencil2D_153.cpp,xczu7ev-ffvc1156-2-e,10,5.12799,365,0,15,20,59,cyclic_2_1,cyclic_64_1,pipeline_1,unroll_8,1,23.5,0.483735352963,False
Stencil2D_552.cpp,xczu7ev-ffvc1156-2-e,10,139.77571,37,0,0,1,2,cyclic_2_1,cyclic_64_1,unroll_2,unroll_2,1,0.75,0.37110851129,False
Stencil2D_437.cpp,xczu7ev-ffvc1156-2-e,10,8.90149,80,0,0,2,13,cyclic_2_1,cyclic_64_1,unroll_4,unroll_64,3,3.75,0.884304821562,False
Stencil2D_137.cpp,xczu7ev-ffvc1156-2-e,10,9.77113,331,0,0,7,34,cyclic_2_1,cyclic_64_1,unroll_64,pipeline_1,1,10.25,0.702330464398,False
Stencil2D_538.cpp,xczu7ev-ffvc1156-2-e,10,10.09307,50,0,0,1,6,cyclic_2_1,cyclic_64_1,unroll_8,pipeline_1,1,1.75,0.950498803356,False
Stencil2D_518.cpp,xczu7ev-ffvc1156-2-e,10,8.897575,132,0,0,3,24.5,cyclic_2_1,cyclic_64_1,unroll_8,unroll_64,2,6.875,0.817586096503,False
Stencil2D_162.cpp,xczu7ev-ffvc1156-2-e,10,5.12375,384,3,2,9,45,cyclic_2_1,cyclic_8_1,pipeline_1,pipeline_1,7,14.75,0.64530935453,False
Stencil2D_394.cpp,xczu7ev-ffvc1156-2-e,10,5.123515,369.5,3,2,9,45,cyclic_2_1,cyclic_8_1,pipeline_1,unroll_2,2,14.75,0.64530933224,False
Stencil2D_424.cpp,xczu7ev-ffvc1156-2-e,10,5.12265,367,3,2,9,46,cyclic_2_1,cyclic_8_1,pipeline_1,unroll_64,3,15,0.645308846319,False
Stencil2D_36.cpp,xczu7ev-ffvc1156-2-e,10,10.0964,45,1,0,1,3,cyclic_2_1,cyclic_8_1,unroll_16,pipeline_1,1,1.25,0.960583444807,False
Stencil2D_159.cpp,xczu7ev-ffvc1156-2-e,10,37.830555,51,1,0,1,5,cyclic_2_1,cyclic_8_1,unroll_16,unroll_4,2,1.75,0.822395286972,False
Stencil2D_586.cpp,xczu7ev-ffvc1156-2-e,10,8.9075,56,1,0,1,7,cyclic_2_1,cyclic_8_1,unroll_2,unroll_64,1,2.25,1,True
Stencil2D_504.cpp,xczu7ev-ffvc1156-2-e,10,10.13785,38,1,0,0,1,cyclic_2_1,cyclic_8_1,unroll_4,pipeline_1,1,0.5,0.986623848096,False
Stencil2D_485.cpp,xczu7ev-ffvc1156-2-e,10,10.09323,42,1,0,0,2,cyclic_2_1,cyclic_8_1,unroll_8,pipeline_1,1,0.75,0.976898783157,False
Stencil2D_544.cpp,xczu7ev-ffvc1156-2-e,10,140.02542,43,1,0,0,3,cyclic_2_1,cyclic_8_1,unroll_8,unroll_2,1,1,0.370048839135,False
Stencil2D_626.cpp,xczu7ev-ffvc1156-2-e,10,5.12626,407,2,7,16,52,cyclic_32_1,block_128_1,pipeline_1,pipeline_1,1,19.25,0.519206792782,False
Stencil2D_443.cpp,xczu7ev-ffvc1156-2-e,10,5.13063,411,2,7,15,52,cyclic_32_1,block_64_1,pipeline_1,pipeline_1,1,19,0.519204894735,False
Stencil2D_57.cpp,xczu7ev-ffvc1156-2-e,10,5.13988,407,2,7,15,52,cyclic_32_1,block_64_1,pipeline_1,unroll_4,1,19,0.519205497712,False
Stencil2D_0.cpp,xczu7ev-ffvc1156-2-e,10,270.77249,82,2,1,1,3,cyclic_32_1,block_8_1,unroll_2,unroll_8,1,1.75,0.107729323718,False
Stencil2D_564.cpp,xczu7ev-ffvc1156-2-e,10,5.12531,406,2,30,28,71,cyclic_32_1,cyclic_128_1,pipeline_1,pipeline_1,1,32.75,0.229906845236,False
Stencil2D_85.cpp,xczu7ev-ffvc1156-2-e,10,5.1352,393,7,7,13,51,cyclic_32_1,cyclic_16_1,pipeline_1,unroll_16,1,19.5,0.519209492865,False
Stencil2D_113.cpp,xczu7ev-ffvc1156-2-e,10,147.27496,39,3,0,0,1,cyclic_32_1,cyclic_16_1,unroll_2,unroll_4,1,1,0.345785710475,False
Stencil2D_121.cpp,xczu7ev-ffvc1156-2-e,10,81.14734,49,3,1,1,6,cyclic_32_1,cyclic_16_1,unroll_4,unroll_16,1,2.75,0.598503151109,False
Stencil2D_87.cpp,xczu7ev-ffvc1156-2-e,10,5.12863,393,3,7,15,51,cyclic_32_1,cyclic_2_1,pipeline_1,pipeline_1,1,19,0.519204763081,False
Stencil2D_179.cpp,xczu7ev-ffvc1156-2-e,10,5.12863,380,3,7,15,51,cyclic_32_1,cyclic_2_1,pipeline_1,unroll_64,3,19,0.519204763081,False
Stencil2D_124.cpp,xczu7ev-ffvc1156-2-e,10,10.10577,54,1,0,2,6,cyclic_32_1,cyclic_2_1,unroll_16,pipeline_1,1,2.25,0.937584881809,False
Stencil2D_546.cpp,xczu7ev-ffvc1156-2-e,10,10.13848,40,1,0,0,2,cyclic_32_1,cyclic_2_1,unroll_4,pipeline_1,1,0.75,0.976896968249,False
Stencil2D_81.cpp,xczu7ev-ffvc1156-2-e,10,10.10763,48,2,0,1,5,cyclic_32_1,cyclic_32_1,unroll_8,pipeline_1,1,2,0.944000324319,False
Stencil2D_425.cpp,xczu7ev-ffvc1156-2-e,10,8.91725,51,1,0,1,6,cyclic_32_1,cyclic_4_1,unroll_2,unroll_64,1,2,0.947472394158,False
Stencil2D_469.cpp,xczu7ev-ffvc1156-2-e,10,5.123295,384.5,2,15,19,58,cyclic_32_1,cyclic_64_1,pipeline_1,pipeline_1,4,23.5,0.483744706141,False
Stencil2D_548.cpp,xczu7ev-ffvc1156-2-e,10,5.12547,361,2,15,19,58,cyclic_32_1,cyclic_64_1,pipeline_1,unroll_2,3,23.5,0.483740373213,False
Stencil2D_16.cpp,xczu7ev-ffvc1156-2-e,10,5.12031,391,2,15,19,58,cyclic_32_1,cyclic_64_1,pipeline_1,unroll_4,3,23.5,1,True
Stencil2D_272.cpp,xczu7ev-ffvc1156-2-e,10,5.13005,388,2,15,19,58,cyclic_32_1,cyclic_64_1,pipeline_1,unroll_64,1,23.5,0.483731249084,False
Stencil2D_592.cpp,xczu7ev-ffvc1156-2-e,10,5.12031,392,2,15,19,58,cyclic_32_1,cyclic_64_1,pipeline_1,unroll_8,1,23.5,1,True
Stencil2D_687.cpp,xczu7ev-ffvc1156-2-e,10,8.7578,53,1,0,2,8,cyclic_32_1,cyclic_64_1,unroll_2,unroll_64,1,2.75,0.921906501121,False
Stencil2D_17.cpp,xczu7ev-ffvc1156-2-e,10,10.142555,44,1,0,1,4,cyclic_32_1,cyclic_64_1,unroll_4,pipeline_1,2,1.5,0.953089909958,False
Stencil2D_729.cpp,xczu7ev-ffvc1156-2-e,10,151.28524,50,1,0,1,3.5,cyclic_32_1,cyclic_64_1,unroll_4,unroll_2,2,1.375,0.332435352074,False
Stencil2D_156.cpp,xczu7ev-ffvc1156-2-e,10,9.77988,622,1,0,8,45,cyclic_32_1,cyclic_64_1,unroll_64,pipeline_1,1,13.5,0.665412027659,False
Stencil2D_55.cpp,xczu7ev-ffvc1156-2-e,10,10.10763,54,1,0,2,8,cyclic_32_1,cyclic_64_1,unroll_8,pipeline_1,1,2.75,0.920618024279,False
Stencil2D_243.cpp,xczu7ev-ffvc1156-2-e,10,5.12625,390,1,1,8,45,cyclic_4_1,block_128_1,pipeline_1,pipeline_1,7,13.75,0.666170411329,False
Stencil2D_640.cpp,xczu7ev-ffvc1156-2-e,10,5.12516,397.5,1,1,9,45,cyclic_4_1,block_128_1,pipeline_1,unroll_2,2,14,0.655686657602,False
Stencil2D_324.cpp,xczu7ev-ffvc1156-2-e,10,5.13491,392,1,1,8,44,cyclic_4_1,block_128_1,pipeline_1,unroll_4,1,13.5,0.676718993028,False
Stencil2D_712.cpp,xczu7ev-ffvc1156-2-e,10,5.12516,393.5,1,1,9,45,cyclic_4_1,block_128_1,pipeline_1,unroll_64,2,14,0.655686657602,False
Stencil2D_409.cpp,xczu7ev-ffvc1156-2-e,10,10.17033,37,0,0,0,0,cyclic_4_1,block_128_1,unroll_2,pipeline_1,5,0,1,True
Stencil2D_204.cpp,xczu7ev-ffvc1156-2-e,10,37.4881,36.5,0,0,0,0.5,cyclic_4_1,block_128_1,unroll_2,unroll_4,2,0.125,0.836996838839,False
Stencil2D_422.cpp,xczu7ev-ffvc1156-2-e,10,8.910725,53.5,0,0,1,6,cyclic_4_1,block_128_1,unroll_2,unroll_64,4,1.75,1,True
Stencil2D_858.cpp,xczu7ev-ffvc1156-2-e,10,8.90212,76,0,0,1,12,cyclic_4_1,block_128_1,unroll_4,unroll_64,1,3.25,0.896746086373,False
Stencil2D_458.cpp,xczu7ev-ffvc1156-2-e,10,10.09299,41.5,0,0,0.5,3,cyclic_4_1,block_128_1,unroll_8,pipeline_1,2,0.875,1,True
Stencil2D_449.cpp,xczu7ev-ffvc1156-2-e,10,8.90269,128,0,0,2,23,cyclic_4_1,block_128_1,unroll_8,unroll_64,1,6.25,0.817607925453,False
Stencil2D_118.cpp,xczu7ev-ffvc1156-2-e,10,5.793,579,1,1,23,62,cyclic_4_1,block_2_1,pipeline_1,pipeline_1,3,21.75,0.510023766986,False
Stencil2D_253.cpp,xczu7ev-ffvc1156-2-e,10,5.12674,372,11,8,17,52,cyclic_4_1,block_32_1,pipeline_1,pipeline_1,1,22,0.501288720303,False
Stencil2D_289.cpp,xczu7ev-ffvc1156-2-e,10,10.17233,37,10,0,0,2,cyclic_4_1,block_32_1,unroll_2,pipeline_1,1,3,0.908569564296,False
Stencil2D_255.cpp,xczu7ev-ffvc1156-2-e,10,9.774945,324,10,0,6,23.5,cyclic_4_1,block_32_1,unroll_64,pipeline_1,2,9.875,0.702573491853,False
Stencil2D_224.cpp,xczu7ev-ffvc1156-2-e,10,5.19425,394.5,2,2,12,45,cyclic_4_1,block_4_1,pipeline_1,pipeline_1,2,15.25,0.635028434066,False
Stencil2D_129.cpp,xczu7ev-ffvc1156-2-e,10,5.13116,405,2,2,12,45,cyclic_4_1,block_4_1,pipeline_1,unroll_4,1,15.25,0.635025555209,False
Stencil2D_181.cpp,xczu7ev-ffvc1156-2-e,10,70.04996,40,1,1,0,1,cyclic_4_1,block_4_1,unroll_2,unroll_4,1,0.75,0.663131984394,False
Stencil2D_117.cpp,xczu7ev-ffvc1156-2-e,10,9.777395,89,1,0,6,14,cyclic_4_1,block_4_1,unroll_64,pipeline_1,2,5.25,0.847316197449,False
Stencil2D_234.cpp,xczu7ev-ffvc1156-2-e,10,71.71137,127,1,15,12,24,cyclic_4_1,block_4_1,unroll_64,unroll_4,1,13,0.497315123546,False
Stencil2D_366.cpp,xczu7ev-ffvc1156-2-e,10,5.130035,381,1,1,8.5,44.5,cyclic_4_1,block_64_1,pipeline_1,pipeline_1,2,13.75,0.666170787037,False
Stencil2D_631.cpp,xczu7ev-ffvc1156-2-e,10,5.12516,372,1,1,9,45,cyclic_4_1,block_64_1,pipeline_1,unroll_2,1,14,0.655686657602,False
Stencil2D_495.cpp,xczu7ev-ffvc1156-2-e,10,10.17064,36.5,0,0,0,0.5,cyclic_4_1,block_64_1,unroll_2,pipeline_1,2,0.125,0.993369420189,False
Stencil2D_404.cpp,xczu7ev-ffvc1156-2-e,10,10.139655,40.5,0,0,0,2,cyclic_4_1,block_64_1,unroll_4,pipeline_1,2,0.5,0.98661828229,False
Stencil2D_705.cpp,xczu7ev-ffvc1156-2-e,10,8.90149,73,0,0,1,13,cyclic_4_1,block_64_1,unroll_4,unroll_64,1,3.5,0.884305944649,False
Stencil2D_230.cpp,xczu7ev-ffvc1156-2-e,10,9.77491,84,0,0,5,10,cyclic_4_1,block_64_1,unroll_64,pipeline_1,1,3.75,0.884075841976,False
Stencil2D_539.cpp,xczu7ev-ffvc1156-2-e,10,10.09291,44,0,0,1,3,cyclic_4_1,block_64_1,unroll_8,pipeline_1,1,1,0.973619397706,False
Stencil2D_171.cpp,xczu7ev-ffvc1156-2-e,10,10.29595,38,1,0,0,1,cyclic_4_1,block_8_1,unroll_2,pipeline_1,1,0.5,0.9861273663,False
Stencil2D_208.cpp,xczu7ev-ffvc1156-2-e,10,5.12674,406.5,1,30,28,72,cyclic_4_1,cyclic_128_1,pipeline_1,pipeline_1,2,32.75,0.22990687596,False
Stencil2D_106.cpp,xczu7ev-ffvc1156-2-e,10,5.13114,407,1,30,27,72,cyclic_4_1,cyclic_128_1,pipeline_1,unroll_8,1,32.5,0.235003100858,False
Stencil2D_610.cpp,xczu7ev-ffvc1156-2-e,10,88.50112,147,0,1,6,19,cyclic_4_1,cyclic_128_1,unroll_4,unroll_64,1,6.5,0.533459741538,False
Stencil2D_198.cpp,xczu7ev-ffvc1156-2-e,10,5.12445,374.5,6,4,11,48.5,cyclic_4_1,cyclic_16_1,pipeline_1,pipeline_1,2,17.375,0.551524109981,False
Stencil2D_561.cpp,xczu7ev-ffvc1156-2-e,10,8.9075,54,3,0,1,7,cyclic_4_1,cyclic_16_1,unroll_2,unroll_64,1,2.75,0.921884002225,False
Stencil2D_211.cpp,xczu7ev-ffvc1156-2-e,10,10.09325,71.5,3,0,3,9,cyclic_4_1,cyclic_16_1,unroll_32,pipeline_1,2,3.75,0.883891233794,False
Stencil2D_167.cpp,xczu7ev-ffvc1156-2-e,10,21.14753,146,3,0,3,24,cyclic_4_1,cyclic_16_1,unroll_32,unroll_16,1,7.5,0.774191311529,False
Stencil2D_471.cpp,xczu7ev-ffvc1156-2-e,10,8.90134,71,3,0,1,12,cyclic_4_1,cyclic_16_1,unroll_4,unroll_64,1,4,0.884298619043,False
Stencil2D_201.cpp,xczu7ev-ffvc1156-2-e,10,9.77613,100,3,0,6,16,cyclic_4_1,cyclic_16_1,unroll_64,pipeline_1,1,6.25,0.81743173372,False
Stencil2D_148.cpp,xczu7ev-ffvc1156-2-e,10,10.10388,44,3,0,0,2,cyclic_4_1,cyclic_16_1,unroll_8,pipeline_1,1,1.25,0.960583503251,False
Stencil2D_191.cpp,xczu7ev-ffvc1156-2-e,10,5.12329,385.5,1,1,8,44,cyclic_4_1,cyclic_2_1,pipeline_1,pipeline_1,18,13.5,0.676746828643,False
Stencil2D_207.cpp,xczu7ev-ffvc1156-2-e,10,5.12863,379,1,1,8,44,cyclic_4_1,cyclic_2_1,pipeline_1,unroll_16,2,13.5,0.676734036999,False
Stencil2D_322.cpp,xczu7ev-ffvc1156-2-e,10,5.126345,370.5,1,1,8,44,cyclic_4_1,cyclic_2_1,pipeline_1,unroll_2,2,13.5,0.676739510636,False
Stencil2D_854.cpp,xczu7ev-ffvc1156-2-e,10,5.12266,381,1,1,8,45,cyclic_4_1,cyclic_2_1,pipeline_1,unroll_4,1,13.75,0.666170039211,False
Stencil2D_554.cpp,xczu7ev-ffvc1156-2-e,10,5.12282,394,1,1,8,44,cyclic_4_1,cyclic_2_1,pipeline_1,unroll_64,5,13.5,0.676747954477,False
Stencil2D_125.cpp,xczu7ev-ffvc1156-2-e,10,10.16828,38,0,0,0,1,cyclic_4_1,cyclic_2_1,unroll_2,pipeline_1,10,0.25,0.993273558476,False
Stencil2D_456.cpp,xczu7ev-ffvc1156-2-e,10,8.90852,56.5,0,0,1,6.5,cyclic_4_1,cyclic_2_1,unroll_2,unroll_64,4,1.875,1,True
Stencil2D_302.cpp,xczu7ev-ffvc1156-2-e,10,10.13777,40,0,0,0,1.5,cyclic_4_1,cyclic_2_1,unroll_4,pipeline_1,4,0.375,0.986762838707,False
Stencil2D_460.cpp,xczu7ev-ffvc1156-2-e,10,70.03093,36,0,0,0,1.5,cyclic_4_1,cyclic_2_1,unroll_4,unroll_2,2,0.375,0.663963074477,False
Stencil2D_762.cpp,xczu7ev-ffvc1156-2-e,10,12.90133,59,0,0,1,7,cyclic_4_1,cyclic_2_1,unroll_4,unroll_32,1,2,0.934895960002,False
Stencil2D_258.cpp,xczu7ev-ffvc1156-2-e,10,37.54013,39,0,0,0,1,cyclic_4_1,cyclic_2_1,unroll_4,unroll_4,1,0.25,0.836493304606,False
Stencil2D_597.cpp,xczu7ev-ffvc1156-2-e,10,8.90165,80,0,0,1,12,cyclic_4_1,cyclic_2_1,unroll_4,unroll_64,5,3.25,0.89674608768,False
Stencil2D_496.cpp,xczu7ev-ffvc1156-2-e,10,10.09307,42,0,0,0,3,cyclic_4_1,cyclic_2_1,unroll_8,pipeline_1,5,0.75,0.97689877724,False
Stencil2D_251.cpp,xczu7ev-ffvc1156-2-e,10,70.03264,41,0,0,0,2,cyclic_4_1,cyclic_2_1,unroll_8,unroll_2,1,0.5,0.663721982832,False
Stencil2D_793.cpp,xczu7ev-ffvc1156-2-e,10,8.89734,140,0,0,2,25,cyclic_4_1,cyclic_2_1,unroll_8,unroll_64,1,6.75,0.8175957466,False
Stencil2D_348.cpp,xczu7ev-ffvc1156-2-e,10,5.1225,363,3,7,16,51,cyclic_4_1,cyclic_32_1,pipeline_1,pipeline_1,5,19.25,0.519206546436,False
Stencil2D_427.cpp,xczu7ev-ffvc1156-2-e,10,5.124935,355,3,7,16,50.5,cyclic_4_1,cyclic_32_1,pipeline_1,unroll_2,2,19.125,0.519205619558,False
Stencil2D_210.cpp,xczu7ev-ffvc1156-2-e,10,10.16773,39,1,0,0,1.5,cyclic_4_1,cyclic_32_1,unroll_2,pipeline_1,4,0.625,0.980173685184,False
Stencil2D_565.cpp,xczu7ev-ffvc1156-2-e,10,147.26559,39,1,0,0,1,cyclic_4_1,cyclic_32_1,unroll_2,unroll_2,1,0.5,0.346186963809,False
Stencil2D_649.cpp,xczu7ev-ffvc1156-2-e,10,10.13785,40,1,0,0,2,cyclic_4_1,cyclic_32_1,unroll_4,pipeline_1,1,0.75,0.976897041204,False
Stencil2D_168.cpp,xczu7ev-ffvc1156-2-e,10,9.77988,142,1,0,6,22,cyclic_4_1,cyclic_32_1,unroll_64,pipeline_1,1,7.25,0.814340624072,False
Stencil2D_508.cpp,xczu7ev-ffvc1156-2-e,10,10.09291,48,1,0,1,5,cyclic_4_1,cyclic_32_1,unroll_8,pipeline_1,1,1.75,0.950499287656,False
Stencil2D_139.cpp,xczu7ev-ffvc1156-2-e,10,5.12274,364.5,2,1,8,42.5,cyclic_4_1,cyclic_4_1,pipeline_1,pipeline_1,16,13.375,0.67674887735,False
Stencil2D_231.cpp,xczu7ev-ffvc1156-2-e,10,5.123285,386.5,2,1,8,42.5,cyclic_4_1,cyclic_4_1,pipeline_1,unroll_2,10,13.375,0.676748935932,False
Stencil2D_702.cpp,xczu7ev-ffvc1156-2-e,10,5.12141,377,2,1,8,43,cyclic_4_1,cyclic_4_1,pipeline_1,unroll_64,3,13.5,1,True
Stencil2D_83.cpp,xczu7ev-ffvc1156-2-e,10,10.10577,44,1,0,1,3,cyclic_4_1,cyclic_4_1,unroll_16,pipeline_1,1,1.25,0.960583502695,False
Stencil2D_219.cpp,xczu7ev-ffvc1156-2-e,10,10.16781,38.5,1,0,0,1,cyclic_4_1,cyclic_4_1,unroll_2,pipeline_1,2,0.5,0.986531158568,False
Stencil2D_330.cpp,xczu7ev-ffvc1156-2-e,10,8.912375,54,1,0,1,6.5,cyclic_4_1,cyclic_4_1,unroll_2,unroll_64,2,2.125,0.941074740288,False
Stencil2D_470.cpp,xczu7ev-ffvc1156-2-e,10,10.13769,37,1,0,0,2,cyclic_4_1,cyclic_4_1,unroll_4,pipeline_1,5,0.75,0.976897059518,False
Stencil2D_384.cpp,xczu7ev-ffvc1156-2-e,10,70.04013,34,1,0,0,1,cyclic_4_1,cyclic_4_1,unroll_4,unroll_2,1,0.5,0.663684933411,False
Stencil2D_874.cpp,xczu7ev-ffvc1156-2-e,10,12.90102,54,1,0,1,7,cyclic_4_1,cyclic_4_1,unroll_4,unroll_32,1,2.25,0.928582782598,False
Stencil2D_570.cpp,xczu7ev-ffvc1156-2-e,10,8.90126,75,1,0,1,12.5,cyclic_4_1,cyclic_4_1,unroll_4,unroll_64,4,3.625,0.884305375383,False
Stencil2D_200.cpp,xczu7ev-ffvc1156-2-e,10,10.09393,41,1,0,0,2,cyclic_4_1,cyclic_4_1,unroll_8,pipeline_1,6,0.75,0.976898808023,False
Stencil2D_453.cpp,xczu7ev-ffvc1156-2-e,10,70.026285,40,1,0,0,2.5,cyclic_4_1,cyclic_4_1,unroll_8,unroll_2,2,0.875,0.662971394937,False
Stencil2D_500.cpp,xczu7ev-ffvc1156-2-e,10,8.8975,126.5,1,0,2,24,cyclic_4_1,cyclic_4_1,unroll_8,unroll_64,2,6.75,0.817595724214,False
Stencil2D_214.cpp,xczu7ev-ffvc1156-2-e,10,5.12242,392.5,1,15,20,58,cyclic_4_1,cyclic_64_1,pipeline_1,pipeline_1,6,23.5,0.483746449266,False
Stencil2D_94.cpp,xczu7ev-ffvc1156-2-e,10,5.13114,361,1,15,20,58,cyclic_4_1,cyclic_64_1,pipeline_1,unroll_16,1,23.5,0.483729077605,False
Stencil2D_15.cpp,xczu7ev-ffvc1156-2-e,10,5.12674,385,1,15,20,58,cyclic_4_1,cyclic_64_1,pipeline_1,unroll_2,3,23.5,0.48373784317,False
Stencil2D_150.cpp,xczu7ev-ffvc1156-2-e,10,5.13611,402,1,15,21,58,cyclic_4_1,cyclic_64_1,pipeline_1,unroll_4,1,23.75,0.47512637325,False
Stencil2D_65.cpp,xczu7ev-ffvc1156-2-e,10,5.12674,397,1,15,21,58,cyclic_4_1,cyclic_64_1,pipeline_1,unroll_8,1,23.75,0.475125999346,False
Stencil2D_718.cpp,xczu7ev-ffvc1156-2-e,10,10.09152,69,0,0,2,10,cyclic_4_1,cyclic_64_1,unroll_16,pipeline_1,1,3,0.908650442397,False
Stencil2D_176.cpp,xczu7ev-ffvc1156-2-e,10,10.16545,39,0,0,1,2,cyclic_4_1,cyclic_64_1,unroll_2,pipeline_1,5,0.75,0.976892585156,False
Stencil2D_362.cpp,xczu7ev-ffvc1156-2-e,10,8.91238,55,0,0,2,7,cyclic_4_1,cyclic_64_1,unroll_2,unroll_64,3,2.25,0.941067354685,False
Stencil2D_284.cpp,xczu7ev-ffvc1156-2-e,10,10.09059,126,0,0,4,18,cyclic_4_1,cyclic_64_1,unroll_32,pipeline_1,1,5.5,0.835201691202,False
Stencil2D_482.cpp,xczu7ev-ffvc1156-2-e,10,148.785495,42.5,0,0,1,3.5,cyclic_4_1,cyclic_64_1,unroll_4,unroll_2,2,1.125,0.340755482812,False
Stencil2D_301.cpp,xczu7ev-ffvc1156-2-e,10,8.903775,74.5,0,0,2,13,cyclic_4_1,cyclic_64_1,unroll_4,unroll_64,2,3.75,0.88430476377,False
Stencil2D_108.cpp,xczu7ev-ffvc1156-2-e,10,9.77113,315,0,0,7,34,cyclic_4_1,cyclic_64_1,unroll_64,pipeline_1,3,10.25,0.702330464398,False
Stencil2D_283.cpp,xczu7ev-ffvc1156-2-e,10,10.10285,49.5,0,0,1,6,cyclic_4_1,cyclic_64_1,unroll_8,pipeline_1,4,1.75,0.9504691908,False
Stencil2D_475.cpp,xczu7ev-ffvc1156-2-e,10,8.900015,131,0,0,3,24.5,cyclic_4_1,cyclic_64_1,unroll_8,unroll_64,2,6.875,0.817585586356,False
Stencil2D_205.cpp,xczu7ev-ffvc1156-2-e,10,5.12203,381,3,2,9,45,cyclic_4_1,cyclic_8_1,pipeline_1,pipeline_1,7,14.75,0.645309189892,False
Stencil2D_355.cpp,xczu7ev-ffvc1156-2-e,10,5.122185,370.5,3,2,9,45.5,cyclic_4_1,cyclic_8_1,pipeline_1,unroll_2,2,14.875,0.645311284643,False
Stencil2D_430.cpp,xczu7ev-ffvc1156-2-e,10,5.12156,377,3,2,9,46,cyclic_4_1,cyclic_8_1,pipeline_1,unroll_64,7,15,0.645311396784,False
Stencil2D_239.cpp,xczu7ev-ffvc1156-2-e,10,10.16561,38,1,0,0,1,cyclic_4_1,cyclic_8_1,unroll_2,pipeline_1,3,0.5,0.986537987058,False
Stencil2D_413.cpp,xczu7ev-ffvc1156-2-e,10,37.48999,35,1,0,0,1,cyclic_4_1,cyclic_8_1,unroll_2,unroll_4,1,0.5,0.835955987144,False
Stencil2D_311.cpp,xczu7ev-ffvc1156-2-e,10,8.91238,54,1,0,1,7,cyclic_4_1,cyclic_8_1,unroll_2,unroll_64,3,2.25,0.941067354685,False
Stencil2D_149.cpp,xczu7ev-ffvc1156-2-e,10,10.09609,58,1,0,3,7,cyclic_4_1,cyclic_8_1,unroll_32,pipeline_1,5,2.75,0.920637818935,False
Stencil2D_357.cpp,xczu7ev-ffvc1156-2-e,10,9.11178,839,1,0,9,78,cyclic_4_1,cyclic_8_1,unroll_32,unroll_64,1,22,0.49812530286,False
Stencil2D_734.cpp,xczu7ev-ffvc1156-2-e,10,10.13754,39,1,0,0,2,cyclic_4_1,cyclic_8_1,unroll_4,pipeline_1,1,0.75,0.976897076608,False
Stencil2D_587.cpp,xczu7ev-ffvc1156-2-e,10,12.9007,54,1,0,1,8,cyclic_4_1,cyclic_8_1,unroll_4,unroll_32,1,2.5,0.92136954177,False
Stencil2D_398.cpp,xczu7ev-ffvc1156-2-e,10,8.901495,76,1,0,1,12,cyclic_4_1,cyclic_8_1,unroll_4,unroll_64,6,3.5,0.884305944759,False
Stencil2D_361.cpp,xczu7ev-ffvc1156-2-e,10,9.77113,86,1,0,5,13,cyclic_4_1,cyclic_8_1,unroll_64,pipeline_1,1,4.75,0.871157564432,False
Stencil2D_450.cpp,xczu7ev-ffvc1156-2-e,10,10.09307,41,1,0,0,3,cyclic_4_1,cyclic_8_1,unroll_8,pipeline_1,3,1,0.973618908793,False
Stencil2D_484.cpp,xczu7ev-ffvc1156-2-e,10,70.02542,43,1,0,0,4,cyclic_4_1,cyclic_8_1,unroll_8,unroll_2,1,1.25,0.661705819857,False
Stencil2D_455.cpp,xczu7ev-ffvc1156-2-e,10,8.89766,124,1,0,2,24,cyclic_4_1,cyclic_8_1,unroll_8,unroll_64,1,6.75,0.81759570181,False
Stencil2D_490.cpp,xczu7ev-ffvc1156-2-e,10,5.13051,398,0,15,21,58,cyclic_64_1,block_128_1,pipeline_1,pipeline_1,1,23.5,0.483730332681,False
Stencil2D_787.cpp,xczu7ev-ffvc1156-2-e,10,5.12516,382,0,15,20,60,cyclic_64_1,block_128_1,pipeline_1,unroll_64,1,23.75,0.475125927974,False
Stencil2D_701.cpp,xczu7ev-ffvc1156-2-e,10,10.16498,40,0,0,1,3,cyclic_64_1,block_128_1,unroll_2,pipeline_1,1,1,0.973398245858,False
Stencil2D_644.cpp,xczu7ev-ffvc1156-2-e,10,8.90659,74,0,0,2,13,cyclic_64_1,block_128_1,unroll_4,unroll_64,2,3.75,0.884304688634,False
Stencil2D_645.cpp,xczu7ev-ffvc1156-2-e,10,10.09291,52,0,0,1,7,cyclic_64_1,block_128_1,unroll_8,pipeline_1,1,2,0.944044758153,False
Stencil2D_105.cpp,xczu7ev-ffvc1156-2-e,10,9.90738,592.5,2,0,9,42,cyclic_64_1,block_16_1,unroll_64,pipeline_1,2,13.25,0.669253254037,False
Stencil2D_202.cpp,xczu7ev-ffvc1156-2-e,10,10.75838,143,0,0,13,24,cyclic_64_1,block_2_1,unroll_8,pipeline_1,1,9.25,0.725528226267,False
Stencil2D_183.cpp,xczu7ev-ffvc1156-2-e,10,10.10825,106,9,0,2,13,cyclic_64_1,block_32_1,unroll_16,pipeline_1,1,6,0.817364184161,False
Stencil2D_187.cpp,xczu7ev-ffvc1156-2-e,10,5.13051,407,0,15,21,58,cyclic_64_1,block_64_1,pipeline_1,pipeline_1,3,23.5,0.483730332681,False
Stencil2D_89.cpp,xczu7ev-ffvc1156-2-e,10,5.13988,414,0,15,21,58,cyclic_64_1,block_64_1,pipeline_1,unroll_4,1,23.5,0.483711665715,False
Stencil2D_209.cpp,xczu7ev-ffvc1156-2-e,10,5.13051,393,0,15,21,58,cyclic_64_1,block_64_1,pipeline_1,unroll_64,2,23.5,0.483730332681,False
Stencil2D_275.cpp,xczu7ev-ffvc1156-2-e,10,10.09702,63,0,0,2,9,cyclic_64_1,block_64_1,unroll_16,pipeline_1,3,2.75,0.920636228112,False
Stencil2D_748.cpp,xczu7ev-ffvc1156-2-e,10,10.16498,42,0,0,1,3,cyclic_64_1,block_64_1,unroll_2,pipeline_1,1,1,0.973398245858,False
Stencil2D_328.cpp,xczu7ev-ffvc1156-2-e,10,10.10292,49,0,0,1,6,cyclic_64_1,block_64_1,unroll_8,pipeline_1,1,1.75,0.950468978781,False
Stencil2D_235.cpp,xczu7ev-ffvc1156-2-e,10,5.12556,385,0,30,28,72,cyclic_64_1,cyclic_128_1,pipeline_1,pipeline_1,5,32.5,0.235002977973,False
Stencil2D_801.cpp,xczu7ev-ffvc1156-2-e,10,5.12522,396,0,30,28,72,cyclic_64_1,cyclic_128_1,pipeline_1,unroll_2,1,32.5,0.235002970465,False
Stencil2D_178.cpp,xczu7ev-ffvc1156-2-e,10,5.12556,370,0,30,28,72,cyclic_64_1,cyclic_128_1,pipeline_1,unroll_64,1,32.5,0.235002977973,False
Stencil2D_339.cpp,xczu7ev-ffvc1156-2-e,10,88.79277,74,0,0,5,12,cyclic_64_1,cyclic_128_1,unroll_2,unroll_64,1,4.25,0.553778998492,False
Stencil2D_248.cpp,xczu7ev-ffvc1156-2-e,10,87.17203,432,0,1,10,35,cyclic_64_1,cyclic_128_1,unroll_8,unroll_64,1,11.5,0.469435472657,False
Stencil2D_142.cpp,xczu7ev-ffvc1156-2-e,10,5.12583,383,5,15,20,57,cyclic_64_1,cyclic_16_1,pipeline_1,pipeline_1,3,24.25,0.458170045331,False
Stencil2D_133.cpp,xczu7ev-ffvc1156-2-e,10,5.1277,398,5,15,20,57,cyclic_64_1,cyclic_16_1,pipeline_1,unroll_4,1,24.25,0.458170132023,False
Stencil2D_29.cpp,xczu7ev-ffvc1156-2-e,10,5.12583,362,5,15,20,57,cyclic_64_1,cyclic_16_1,pipeline_1,unroll_64,3,24.25,0.458170045331,False
Stencil2D_396.cpp,xczu7ev-ffvc1156-2-e,10,10.13769,45,2,0,1,4,cyclic_64_1,cyclic_16_1,unroll_4,pipeline_1,1,1.75,0.950363544865,False
Stencil2D_349.cpp,xczu7ev-ffvc1156-2-e,10,5.12321,390.5,0,15,20,59,cyclic_64_1,cyclic_2_1,pipeline_1,pipeline_1,4,23.5,0.483744875473,False
Stencil2D_809.cpp,xczu7ev-ffvc1156-2-e,10,5.12266,381,0,15,20,60,cyclic_64_1,cyclic_2_1,pipeline_1,unroll_2,1,23.75,0.475125810137,False
Stencil2D_390.cpp,xczu7ev-ffvc1156-2-e,10,5.12782,413,0,15,20,60,cyclic_64_1,cyclic_2_1,pipeline_1,unroll_32,1,23.75,0.47512604675,False
Stencil2D_377.cpp,xczu7ev-ffvc1156-2-e,10,5.12588,390.5,0,15,20.5,58.5,cyclic_64_1,cyclic_2_1,pipeline_1,unroll_64,4,23.5,0.483739556429,False
Stencil2D_240.cpp,xczu7ev-ffvc1156-2-e,10,10.17095,40,0,0,1,2,cyclic_64_1,cyclic_2_1,unroll_2,pipeline_1,1,0.75,0.976891389493,False
Stencil2D_334.cpp,xczu7ev-ffvc1156-2-e,10,8.90401,75.5,0,0,2,12.5,cyclic_64_1,cyclic_2_1,unroll_4,unroll_64,2,3.625,0.884305372341,False
Stencil2D_852.cpp,xczu7ev-ffvc1156-2-e,10,8.89734,136,0,0,3,25,cyclic_64_1,cyclic_2_1,unroll_8,unroll_64,1,7,0.817566314838,False
Stencil2D_213.cpp,xczu7ev-ffvc1156-2-e,10,5.12567,404,2,15,19,58,cyclic_64_1,cyclic_32_1,pipeline_1,unroll_64,1,23.5,0.483739974782,False
Stencil2D_333.cpp,xczu7ev-ffvc1156-2-e,10,8.75637,73,1,0,2,14,cyclic_64_1,cyclic_32_1,unroll_4,unroll_64,5,4.25,0.884301296588,False
Stencil2D_752.cpp,xczu7ev-ffvc1156-2-e,10,8.74797,123,1,1,3,24,cyclic_64_1,cyclic_32_1,unroll_8,unroll_64,1,7.25,0.817178591484,False
Stencil2D_292.cpp,xczu7ev-ffvc1156-2-e,10,5.12141,390,1,15,20,59,cyclic_64_1,cyclic_4_1,pipeline_1,pipeline_1,3,23.75,0.475125748964,False
Stencil2D_846.cpp,xczu7ev-ffvc1156-2-e,10,5.12141,368,1,15,20,59,cyclic_64_1,cyclic_4_1,pipeline_1,unroll_2,1,23.75,0.475125748964,False
Stencil2D_295.cpp,xczu7ev-ffvc1156-2-e,10,5.12485,366,1,15,20,59,cyclic_64_1,cyclic_4_1,pipeline_1,unroll_64,3,23.75,0.475125913689,False
Stencil2D_26.cpp,xczu7ev-ffvc1156-2-e,10,8.9856,267,0,0,5,45,cyclic_64_1,cyclic_4_1,unroll_16,unroll_64,1,12.5,0.688672320837,False
Stencil2D_54.cpp,xczu7ev-ffvc1156-2-e,10,149.66772,117,0,0,3,12,cyclic_64_1,cyclic_4_1,unroll_16,unroll_8,1,3.75,0.330095374505,False
Stencil2D_436.cpp,xczu7ev-ffvc1156-2-e,10,10.17095,37,0,0,1,2,cyclic_64_1,cyclic_4_1,unroll_2,pipeline_1,1,0.75,0.976891389493,False
Stencil2D_447.cpp,xczu7ev-ffvc1156-2-e,10,10.09291,49,0,0,1,7,cyclic_64_1,cyclic_4_1,unroll_8,pipeline_1,1,2,0.944044758153,False
Stencil2D_31.cpp,xczu7ev-ffvc1156-2-e,10,149.40668,60,0,0,1,6,cyclic_64_1,cyclic_4_1,unroll_8,unroll_4,1,1.75,0.337777248178,False
Stencil2D_122.cpp,xczu7ev-ffvc1156-2-e,10,8.909865,129,0,0,3,23.5,cyclic_64_1,cyclic_4_1,unroll_8,unroll_64,2,6.625,0.817599928384,False
Stencil2D_266.cpp,xczu7ev-ffvc1156-2-e,10,5.1207,382,0,15,15,56,cyclic_64_1,cyclic_64_1,pipeline_1,pipeline_1,7,21.5,1,True
Stencil2D_354.cpp,xczu7ev-ffvc1156-2-e,10,5.125105,366.5,0,15,15,56,cyclic_64_1,cyclic_64_1,pipeline_1,unroll_2,2,21.5,0.51921470802,False
Stencil2D_353.cpp,xczu7ev-ffvc1156-2-e,10,5.12558,380,0,15,15,56,cyclic_64_1,cyclic_64_1,pipeline_1,unroll_32,1,21.5,0.51921372136,False
Stencil2D_130.cpp,xczu7ev-ffvc1156-2-e,10,5.12558,380,0,15,15,56,cyclic_64_1,cyclic_64_1,pipeline_1,unroll_64,5,21.5,0.51921372136,False
Stencil2D_444.cpp,xczu7ev-ffvc1156-2-e,10,10.17033,39,0,0,2,4,cyclic_64_1,cyclic_64_1,unroll_2,pipeline_1,1,1.5,0.953047157999,False
Stencil2D_313.cpp,xczu7ev-ffvc1156-2-e,10,8.603135,57,0,0,2,8,cyclic_64_1,cyclic_64_1,unroll_2,unroll_64,4,2.5,1,True
Stencil2D_299.cpp,xczu7ev-ffvc1156-2-e,10,10.09059,248,0,0,5,30,cyclic_64_1,cyclic_64_1,unroll_32,pipeline_1,1,8.75,0.748014472642,False
Stencil2D_531.cpp,xczu7ev-ffvc1156-2-e,10,10.13722,47,0,0,2,6,cyclic_64_1,cyclic_64_1,unroll_4,pipeline_1,3,2,0.943910890372,False
Stencil2D_271.cpp,xczu7ev-ffvc1156-2-e,10,8.59382,76,0,1,3,14,cyclic_64_1,cyclic_64_1,unroll_4,unroll_64,5,4.5,1,True
Stencil2D_850.cpp,xczu7ev-ffvc1156-2-e,10,10.09338,62,0,0,2,10,cyclic_64_1,cyclic_64_1,unroll_8,pipeline_1,1,3,0.908648632202,False
Stencil2D_391.cpp,xczu7ev-ffvc1156-2-e,10,43.62749,102,0,1,7,24,cyclic_64_1,cyclic_64_1,unroll_8,unroll_32,1,8,0.685293056947,False
Stencil2D_188.cpp,xczu7ev-ffvc1156-2-e,10,8.589865,120.5,0,1,3,25,cyclic_64_1,cyclic_64_1,unroll_8,unroll_64,6,7.25,1,True
Stencil2D_834.cpp,xczu7ev-ffvc1156-2-e,10,5.12079,383,2,15,20,58,cyclic_64_1,cyclic_8_1,pipeline_1,pipeline_1,1,23.75,0.475125718064,False
Stencil2D_169.cpp,xczu7ev-ffvc1156-2-e,10,5.123465,370,2,15,20,57.5,cyclic_64_1,cyclic_8_1,pipeline_1,unroll_64,2,23.625,0.479426075016,False
Stencil2D_599.cpp,xczu7ev-ffvc1156-2-e,10,8.91237,54,1,0,1,8,cyclic_64_1,cyclic_8_1,unroll_2,unroll_64,1,2.5,0.933753237456,False
Stencil2D_559.cpp,xczu7ev-ffvc1156-2-e,10,5.125475,379.5,2,2,9.5,46,cyclic_8_1,block_128_1,pipeline_1,pipeline_1,2,14.875,0.645311581762,False
Stencil2D_532.cpp,xczu7ev-ffvc1156-2-e,10,5.12563,404,2,2,9,45,cyclic_8_1,block_64_1,pipeline_1,pipeline_1,1,14.5,0.645305273808,False
Stencil2D_170.cpp,xczu7ev-ffvc1156-2-e,10,5.12567,398,5,3,14,47,cyclic_8_1,block_8_1,pipeline_1,pipeline_1,1,17.25,0.556240210911,False
Stencil2D_22.cpp,xczu7ev-ffvc1156-2-e,10,9.90298,105,2,0,6,18,cyclic_8_1,block_8_1,unroll_64,pipeline_1,1,6.5,0.817290057179,False
Stencil2D_96.cpp,xczu7ev-ffvc1156-2-e,10,282.28756,279,2,21,11,23,cyclic_8_1,block_8_1,unroll_64,unroll_2,1,14.25,0.100000005137,False
Stencil2D_62.cpp,xczu7ev-ffvc1156-2-e,10,38.55913,307,3,30,23,56,cyclic_8_1,block_8_1,unroll_64,unroll_8,1,28,0.320922026321,False
Stencil2D_126.cpp,xczu7ev-ffvc1156-2-e,10,5.12688,406,2,30,28,70,cyclic_8_1,cyclic_128_1,pipeline_1,pipeline_1,3,32.5,0.235003007099,False
Stencil2D_244.cpp,xczu7ev-ffvc1156-2-e,10,10.17155,39,3,0,0,1,cyclic_8_1,cyclic_16_1,unroll_2,pipeline_1,1,1,0.973377992918,False
Stencil2D_19.cpp,xczu7ev-ffvc1156-2-e,10,20.63934,43,3,0,0,2,cyclic_8_1,cyclic_16_1,unroll_2,unroll_16,1,1.25,0.921458584346,False
Stencil2D_364.cpp,xczu7ev-ffvc1156-2-e,10,10.16773,37,1,0,0,1,cyclic_8_1,cyclic_2_1,unroll_2,pipeline_1,2,0.5,0.986531406938,False
Stencil2D_792.cpp,xczu7ev-ffvc1156-2-e,10,8.89734,139,1,0,2,25,cyclic_8_1,cyclic_2_1,unroll_8,unroll_64,1,7,0.817566314838,False
Stencil2D_215.cpp,xczu7ev-ffvc1156-2-e,10,5.121645,384,5,7,15,51,cyclic_8_1,cyclic_32_1,pipeline_1,pipeline_1,8,19.5,0.519208624518,False
Stencil2D_451.cpp,xczu7ev-ffvc1156-2-e,10,8.9059,79,2,0,2,13,cyclic_8_1,cyclic_32_1,unroll_4,unroll_64,1,4.25,0.884268979762,False
Stencil2D_265.cpp,xczu7ev-ffvc1156-2-e,10,5.126875,392,3,2,9,45,cyclic_8_1,cyclic_4_1,pipeline_1,pipeline_1,2,14.75,0.645309644818,False
Stencil2D_629.cpp,xczu7ev-ffvc1156-2-e,10,8.901415,77,1,0,1,12,cyclic_8_1,cyclic_4_1,unroll_4,unroll_64,2,3.5,0.884305942995,False
Stencil2D_788.cpp,xczu7ev-ffvc1156-2-e,10,5.12078,363,2,15,20,58,cyclic_8_1,cyclic_64_1,pipeline_1,pipeline_1,1,23.75,0.475125717562,False
Stencil2D_777.cpp,xczu7ev-ffvc1156-2-e,10,5.12078,384,2,15,20,58,cyclic_8_1,cyclic_64_1,pipeline_1,unroll_2,1,23.75,0.475125717562,False
Stencil2D_43.cpp,xczu7ev-ffvc1156-2-e,10,76.59718,45,1,1,1,4,cyclic_8_1,cyclic_64_1,unroll_2,unroll_16,1,1.75,0.62733886438,False
Stencil2D_91.cpp,xczu7ev-ffvc1156-2-e,10,146.01808,41,1,0,1,2,cyclic_8_1,cyclic_64_1,unroll_2,unroll_4,1,1,0.349910659248,False
Stencil2D_421.cpp,xczu7ev-ffvc1156-2-e,10,10.14226,39,1,0,1,4,cyclic_8_1,cyclic_64_1,unroll_4,pipeline_1,1,1.5,0.95309035922,False
Stencil2D_819.cpp,xczu7ev-ffvc1156-2-e,10,8.90149,75,1,0,2,13,cyclic_8_1,cyclic_64_1,unroll_4,unroll_64,1,4,0.884298603732,False
Stencil2D_686.cpp,xczu7ev-ffvc1156-2-e,10,5.12079,379,5,2,9,44,cyclic_8_1,cyclic_8_1,pipeline_1,pipeline_1,3,15,1,True
Stencil2D_697.cpp,xczu7ev-ffvc1156-2-e,10,10.17033,36,2,0,0,1,cyclic_8_1,cyclic_8_1,unroll_2,pipeline_1,2,0.75,0.976891529381,False
Stencil2D_791.cpp,xczu7ev-ffvc1156-2-e,10,10.09291,45.5,2,0,0,4,cyclic_8_1,cyclic_8_1,unroll_8,pipeline_1,2,1.5,0.95316407428,False
