Version,Device,Clock_Period_nsec,Latency_msec,Synthesis_Time_sec,BRAM_Utilization_percentage,DSP_Utilization_percentage,FF_Utilization_percentage,LUT_Utilization_percentage,Array_1,Array_2,Array_3,Array_4,Array_5,Array_6,OuterLoop_1,Replicate_Count,Area,Weight,is_pareto
workload_4.cpp,xczu7ev-ffvc1156-2-e,10,1.30328,159.5,45,2,2,20,block_128_1,block_64_1,cyclic_16_1,complete_1,complete_1,complete_1,unroll_4,2,17.25,0.131959794327,False
workload_622.cpp,xczu7ev-ffvc1156-2-e,10,0.41771,231,44,10,37,32,block_128_1,cyclic_2_1,block_2_1,complete_1,complete_1,complete_1,unroll_8,1,30.75,0.39848697385,False
workload_573.cpp,xczu7ev-ffvc1156-2-e,10,0.41771,237,43,10,37,32,block_128_1,cyclic_2_1,cyclic_2_1,complete_1,complete_1,complete_1,unroll_8,2,30.5,0.401817234183,False
workload_670.cpp,xczu7ev-ffvc1156-2-e,10,0.35517,462,43,19,74,59,block_128_1,cyclic_64_1,cyclic_2_1,complete_1,complete_1,complete_1,unroll_16,1,48.75,0.210042327695,False
workload_54.cpp,xczu7ev-ffvc1156-2-e,10,0.88088,87,17,1,3,7,block_16_1,block_32_1,block_128_1,complete_1,complete_1,complete_1,unroll_2,1,7,0.434551993799,False
workload_65.cpp,xczu7ev-ffvc1156-2-e,10,0.47512,112,17,8,6,15,block_16_1,block_32_1,block_64_1,complete_1,complete_1,complete_1,unroll_8,1,11.5,0.592180020377,False
workload_45.cpp,xczu7ev-ffvc1156-2-e,10,0.88088,80,7,1,3,6,block_16_1,block_64_1,block_64_1,complete_1,complete_1,complete_1,unroll_2,1,4.25,0.442811678934,False
workload_69.cpp,xczu7ev-ffvc1156-2-e,10,0.87064,74,7,1,2,5,block_16_1,block_64_1,cyclic_2_1,complete_1,complete_1,complete_1,unroll_2,1,3.75,0.454415525039,False
workload_103.cpp,xczu7ev-ffvc1156-2-e,10,0.87064,69,10,1,1,3,block_16_1,block_8_1,cyclic_4_1,complete_1,complete_1,complete_1,unroll_2,1,3.75,0.454415525039,False
workload_21.cpp,xczu7ev-ffvc1156-2-e,10,0.88088,91,7,1,5,8,block_16_1,cyclic_128_1,block_128_1,complete_1,complete_1,complete_1,unroll_2,1,5.25,0.440532720419,False
workload_143.cpp,xczu7ev-ffvc1156-2-e,10,0.42136,128,10,19,9,19,block_16_1,cyclic_4_1,cyclic_8_1,complete_1,complete_1,complete_1,unroll_16,1,14.25,0.623051696134,False
workload_11.cpp,xczu7ev-ffvc1156-2-e,10,0.28787,77,22,2,3,6,block_16_1,cyclic_64_1,block_64_1,complete_1,complete_1,complete_1,pipeline_1,1,8.25,0.850901063865,False
workload_31.cpp,xczu7ev-ffvc1156-2-e,10,0.42648,130,9,17,9,18,block_16_1,cyclic_8_1,cyclic_8_1,complete_1,complete_1,complete_1,unroll_16,1,13.25,0.629506570688,False
workload_255.cpp,xczu7ev-ffvc1156-2-e,10,0.81432,238,4,5,7,18,block_2_1,block_128_1,block_2_1,complete_1,complete_1,complete_1,unroll_16,1,8.5,0.490442794283,False
workload_502.cpp,xczu7ev-ffvc1156-2-e,10,0.81304,254,4,6,9,21,block_2_1,block_128_1,cyclic_128_1,complete_1,complete_1,complete_1,unroll_16,2,10,0.479824932442,False
workload_67.cpp,xczu7ev-ffvc1156-2-e,10,0.82968,78,6,1,3,6,block_2_1,block_128_1,cyclic_16_1,complete_1,complete_1,complete_1,unroll_2,1,4,0.498510229854,False
workload_128.cpp,xczu7ev-ffvc1156-2-e,10,0.81944,76,4,1,3,6,block_2_1,block_128_1,cyclic_4_1,complete_1,complete_1,complete_1,unroll_2,1,3.5,0.511185593917,False
workload_2.cpp,xczu7ev-ffvc1156-2-e,10,1.25464,84,4,1,4,7,block_2_1,block_128_1,cyclic_64_1,complete_1,complete_1,complete_1,unroll_2,1,4,0.162686035495,False
workload_104.cpp,xczu7ev-ffvc1156-2-e,10,0.3084,188,14,32,19,35,block_2_1,block_16_1,block_16_1,complete_1,complete_1,complete_1,unroll_32,1,25,0.526597877185,False
workload_32.cpp,xczu7ev-ffvc1156-2-e,10,1.2508,99,4,1,4,7,block_2_1,block_4_1,cyclic_128_1,complete_1,complete_1,complete_1,unroll_8,1,4,0.164427470241,False
workload_193.cpp,xczu7ev-ffvc1156-2-e,10,0.36824,110.5,8,12,8,14,block_2_1,block_4_1,cyclic_16_1,complete_1,complete_1,complete_1,unroll_16,2,10.5,0.727038657057,False
workload_132.cpp,xczu7ev-ffvc1156-2-e,10,0.36824,112,10,12,8,15,block_2_1,block_4_1,cyclic_32_1,complete_1,complete_1,complete_1,unroll_16,1,11.25,0.71747612483,False
workload_157.cpp,xczu7ev-ffvc1156-2-e,10,0.36824,110.5,6,12,8,14,block_2_1,block_4_1,cyclic_8_1,complete_1,complete_1,complete_1,unroll_16,2,10,0.733077154381,False
workload_639.cpp,xczu7ev-ffvc1156-2-e,10,0.36824,141,14,11,9,22,block_2_1,block_64_1,block_32_1,complete_1,complete_1,complete_1,unroll_16,1,14,0.678482270501,False
workload_586.cpp,xczu7ev-ffvc1156-2-e,10,0.37464,145,4,12,11,24,block_2_1,block_64_1,cyclic_128_1,complete_1,complete_1,complete_1,unroll_16,2,12.75,0.690338571805,False
workload_454.cpp,xczu7ev-ffvc1156-2-e,10,0.40728,93,4,5,5,11,block_2_1,block_64_1,cyclic_2_1,complete_1,complete_1,complete_1,unroll_8,1,6.25,0.711990988015,False
workload_122.cpp,xczu7ev-ffvc1156-2-e,10,0.358,128,5,11,9,21,block_2_1,block_64_1,cyclic_4_1,complete_1,complete_1,complete_1,unroll_16,1,11.5,0.725238895254,False
workload_211.cpp,xczu7ev-ffvc1156-2-e,10,0.22643,67,12,1,1,3,block_2_1,block_8_1,block_2_1,complete_1,complete_1,complete_1,pipeline_1,1,4.25,0.987267941061,False
workload_127.cpp,xczu7ev-ffvc1156-2-e,10,0.23667,72,12,1,2,4,block_2_1,block_8_1,block_64_1,complete_1,complete_1,complete_1,pipeline_1,1,4.75,0.969151785688,False
workload_215.cpp,xczu7ev-ffvc1156-2-e,10,0.36824,124,6,12,10,18,block_2_1,block_8_1,cyclic_128_1,complete_1,complete_1,complete_1,unroll_16,1,11.5,0.714167147038,False
workload_136.cpp,xczu7ev-ffvc1156-2-e,10,0.23667,69,14,1,1,3,block_2_1,block_8_1,cyclic_16_1,complete_1,complete_1,complete_1,pipeline_1,1,4.75,0.969151785688,False
workload_151.cpp,xczu7ev-ffvc1156-2-e,10,0.36824,109,9,12,8,15,block_2_1,block_8_1,cyclic_16_1,complete_1,complete_1,complete_1,unroll_16,1,11,0.720726498764,False
workload_199.cpp,xczu7ev-ffvc1156-2-e,10,0.22643,65,12,1,1,3,block_2_1,block_8_1,cyclic_2_1,complete_1,complete_1,complete_1,pipeline_1,1,4.25,0.987267941061,False
workload_18.cpp,xczu7ev-ffvc1156-2-e,10,0.358,110.5,8,11,8,14,block_2_1,block_8_1,cyclic_4_1,complete_1,complete_1,complete_1,unroll_16,2,10.25,0.742078107561,False
workload_48.cpp,xczu7ev-ffvc1156-2-e,10,0.81944,69,7,1,1,3,block_2_1,block_8_1,cyclic_4_1,complete_1,complete_1,complete_1,unroll_2,1,3,0.512037601143,False
workload_0.cpp,xczu7ev-ffvc1156-2-e,10,1.25464,74,5,1,2,4,block_2_1,block_8_1,cyclic_64_1,complete_1,complete_1,complete_1,unroll_2,1,3,0.162818546864,False
workload_106.cpp,xczu7ev-ffvc1156-2-e,10,0.23667,67,13,1,1,3,block_2_1,block_8_1,cyclic_8_1,complete_1,complete_1,complete_1,pipeline_1,1,4.5,0.974061095611,False
workload_62.cpp,xczu7ev-ffvc1156-2-e,10,0.82968,70,8,1,1,3,block_2_1,block_8_1,cyclic_8_1,complete_1,complete_1,complete_1,unroll_2,1,3.25,0.500035159247,False
workload_194.cpp,xczu7ev-ffvc1156-2-e,10,0.35616,156,4,13,24,27,block_2_1,cyclic_2_1,block_128_1,complete_1,complete_1,complete_1,unroll_16,1,17,0.640762148269,False
workload_261.cpp,xczu7ev-ffvc1156-2-e,10,0.30344,278,4,32,49,49,block_2_1,cyclic_2_1,block_128_1,complete_1,complete_1,complete_1,unroll_32,1,33.5,0.393879277647,False
workload_492.cpp,xczu7ev-ffvc1156-2-e,10,0.415,111,4,6,13,15,block_2_1,cyclic_2_1,block_128_1,complete_1,complete_1,complete_1,unroll_8,1,9.5,0.680611721413,False
workload_163.cpp,xczu7ev-ffvc1156-2-e,10,0.34584,107,5,10,7,13,block_2_1,cyclic_2_1,block_2_1,complete_1,complete_1,complete_1,unroll_16,2,8.75,0.775231543704,False
workload_747.cpp,xczu7ev-ffvc1156-2-e,10,0.2956,166,5,29,18,31,block_2_1,cyclic_2_1,block_2_1,complete_1,complete_1,complete_1,unroll_32,1,20.75,0.60611093582,False
workload_339.cpp,xczu7ev-ffvc1156-2-e,10,0.34584,108,5,10,7,13,block_2_1,cyclic_2_1,block_4_1,complete_1,complete_1,complete_1,unroll_16,1,8.75,0.775231543704,False
workload_247.cpp,xczu7ev-ffvc1156-2-e,10,0.35616,130,4,13,16,20,block_2_1,cyclic_2_1,block_64_1,complete_1,complete_1,complete_1,unroll_16,3,13.25,0.701206485311,False
workload_202.cpp,xczu7ev-ffvc1156-2-e,10,0.82968,76,4,1,2,4,block_2_1,cyclic_2_1,block_64_1,complete_1,complete_1,complete_1,unroll_2,1,2.75,0.500602934789,False
workload_718.cpp,xczu7ev-ffvc1156-2-e,10,0.23667,72,11,1,3,5,block_2_1,cyclic_2_1,cyclic_128_1,complete_1,complete_1,complete_1,pipeline_1,1,5,0.963827137765,False
workload_176.cpp,xczu7ev-ffvc1156-2-e,10,0.35608,122,4,10,9,17,block_2_1,cyclic_2_1,cyclic_128_1,complete_1,complete_1,complete_1,unroll_16,7,10,0.747506160705,False
workload_701.cpp,xczu7ev-ffvc1156-2-e,10,1.25976,78,4,1,3,4,block_2_1,cyclic_2_1,cyclic_128_1,complete_1,complete_1,complete_1,unroll_2,1,3,0.160529961259,False
workload_379.cpp,xczu7ev-ffvc1156-2-e,10,0.28104,333.5,4,64,39,65,block_2_1,cyclic_2_1,cyclic_128_1,complete_1,complete_1,complete_1,unroll_64,4,43,0.274613733494,False
workload_412.cpp,xczu7ev-ffvc1156-2-e,10,1.25976,97,4,1,4,7,block_2_1,cyclic_2_1,cyclic_128_1,complete_1,complete_1,complete_1,unroll_8,2,4,0.160401203998,False
workload_179.cpp,xczu7ev-ffvc1156-2-e,10,0.82968,68,7,1,1,3,block_2_1,cyclic_2_1,cyclic_16_1,complete_1,complete_1,complete_1,unroll_2,1,3,0.500365110972,False
workload_239.cpp,xczu7ev-ffvc1156-2-e,10,0.34584,107,5,10,7,13,block_2_1,cyclic_2_1,cyclic_2_1,complete_1,complete_1,complete_1,unroll_16,2,8.75,0.775231543704,False
workload_371.cpp,xczu7ev-ffvc1156-2-e,10,0.81944,67,4,1,1,2,block_2_1,cyclic_2_1,cyclic_2_1,complete_1,complete_1,complete_1,unroll_2,1,2,0.512502747522,False
workload_304.cpp,xczu7ev-ffvc1156-2-e,10,0.29304,165,5,27,17,30,block_2_1,cyclic_2_1,cyclic_2_1,complete_1,complete_1,complete_1,unroll_32,1,19.75,0.62563708887,False
workload_254.cpp,xczu7ev-ffvc1156-2-e,10,0.40472,83,4,5,4,7,block_2_1,cyclic_2_1,cyclic_2_1,complete_1,complete_1,complete_1,unroll_8,2,5,0.719628239137,False
workload_419.cpp,xczu7ev-ffvc1156-2-e,10,0.27976,323,14,71,39,67,block_2_1,cyclic_2_1,cyclic_32_1,complete_1,complete_1,complete_1,unroll_64,1,47.75,0.225491828741,False
workload_296.cpp,xczu7ev-ffvc1156-2-e,10,0.22643,68,11,1,1,3,block_2_1,cyclic_2_1,cyclic_4_1,complete_1,complete_1,complete_1,pipeline_1,1,4,0.99361826634,False
workload_450.cpp,xczu7ev-ffvc1156-2-e,10,0.34584,109,5,11,8,14,block_2_1,cyclic_2_1,cyclic_4_1,complete_1,complete_1,complete_1,unroll_16,1,9.5,0.766006694109,False
workload_549.cpp,xczu7ev-ffvc1156-2-e,10,0.26952,311.5,5,60,36,62,block_2_1,cyclic_2_1,cyclic_4_1,complete_1,complete_1,complete_1,unroll_64,2,40.75,0.301548222508,False
workload_311.cpp,xczu7ev-ffvc1156-2-e,10,0.40472,83,5,6,4,7,block_2_1,cyclic_2_1,cyclic_4_1,complete_1,complete_1,complete_1,unroll_8,1,5.5,0.718306884299,False
workload_153.cpp,xczu7ev-ffvc1156-2-e,10,0.27464,621,9,74,99,95,block_2_1,cyclic_32_1,block_128_1,complete_1,complete_1,complete_1,unroll_64,1,69.25,0.104305913725,False
workload_169.cpp,xczu7ev-ffvc1156-2-e,10,0.26568,328.5,9,73,40,69,block_2_1,cyclic_32_1,block_2_1,complete_1,complete_1,complete_1,unroll_64,2,47.75,0.22612477125,False
workload_217.cpp,xczu7ev-ffvc1156-2-e,10,0.27432,344,9,74,42,71,block_2_1,cyclic_32_1,cyclic_128_1,complete_1,complete_1,complete_1,unroll_64,1,49,0.214133477958,False
workload_224.cpp,xczu7ev-ffvc1156-2-e,10,0.30472,276,4,32,49,49,block_2_1,cyclic_4_1,block_128_1,complete_1,complete_1,complete_1,unroll_32,3,33.5,0.393664147364,False
workload_272.cpp,xczu7ev-ffvc1156-2-e,10,0.29688,165,5,30,18,31,block_2_1,cyclic_4_1,block_2_1,complete_1,complete_1,complete_1,unroll_32,1,21,0.601071052728,False
workload_329.cpp,xczu7ev-ffvc1156-2-e,10,0.27032,326,5,67,39,66,block_2_1,cyclic_4_1,block_2_1,complete_1,complete_1,complete_1,unroll_64,1,44.25,0.26151650722,False
workload_305.cpp,xczu7ev-ffvc1156-2-e,10,0.23667,69,11,1,2,4,block_2_1,cyclic_4_1,block_64_1,complete_1,complete_1,complete_1,pipeline_1,1,4.5,0.974061095611,False
workload_177.cpp,xczu7ev-ffvc1156-2-e,10,0.30728,211,4,32,34,41,block_2_1,cyclic_4_1,block_64_1,complete_1,complete_1,complete_1,unroll_32,1,27.75,0.481165295954,False
workload_394.cpp,xczu7ev-ffvc1156-2-e,10,0.3644,122,4,11,10,17,block_2_1,cyclic_4_1,cyclic_128_1,complete_1,complete_1,complete_1,unroll_16,3,10.5,0.731487147597,False
workload_192.cpp,xczu7ev-ffvc1156-2-e,10,0.29432,164,5,28,17,30,block_2_1,cyclic_4_1,cyclic_2_1,complete_1,complete_1,complete_1,unroll_32,1,20,0.620498848133,False
workload_270.cpp,xczu7ev-ffvc1156-2-e,10,0.22643,67,12,1,1,3,block_2_1,cyclic_4_1,cyclic_4_1,complete_1,complete_1,complete_1,pipeline_1,1,4.25,0.987267941061,False
workload_221.cpp,xczu7ev-ffvc1156-2-e,10,0.36056,107,5,11,8,14,block_2_1,cyclic_4_1,cyclic_4_1,complete_1,complete_1,complete_1,unroll_16,2,9.5,0.748229114726,False
workload_108.cpp,xczu7ev-ffvc1156-2-e,10,0.29432,162,5,26,17,29,block_2_1,cyclic_4_1,cyclic_4_1,complete_1,complete_1,complete_1,unroll_32,3,19.25,0.634601122455,False
workload_185.cpp,xczu7ev-ffvc1156-2-e,10,0.3644,109,7,13,8,15,block_2_1,cyclic_4_1,cyclic_8_1,complete_1,complete_1,complete_1,unroll_16,1,10.75,0.728296248849,False
workload_191.cpp,xczu7ev-ffvc1156-2-e,10,0.26408,340,4,73,41,69,block_2_1,cyclic_64_1,block_2_1,complete_1,complete_1,complete_1,unroll_64,1,46.75,0.2359158398,False
workload_243.cpp,xczu7ev-ffvc1156-2-e,10,0.3568,138,4,15,18,23,block_2_1,cyclic_64_1,block_64_1,complete_1,complete_1,complete_1,unroll_16,1,15,0.67299971758,False
workload_227.cpp,xczu7ev-ffvc1156-2-e,10,0.41624,98,4,6,6,12,block_2_1,cyclic_64_1,block_64_1,complete_1,complete_1,complete_1,unroll_8,1,7,0.696235754948,False
workload_266.cpp,xczu7ev-ffvc1156-2-e,10,0.27432,345,4,74,43,72,block_2_1,cyclic_64_1,cyclic_128_1,complete_1,complete_1,complete_1,unroll_64,3,48.25,0.221041234842,False
workload_421.cpp,xczu7ev-ffvc1156-2-e,10,0.406,88,4,6,5,9,block_2_1,cyclic_64_1,cyclic_2_1,complete_1,complete_1,complete_1,unroll_8,1,6,0.714780711089,False
workload_138.cpp,xczu7ev-ffvc1156-2-e,10,0.23667,70,12,1,2,4,block_2_1,cyclic_64_1,cyclic_8_1,complete_1,complete_1,complete_1,pipeline_1,1,4.75,0.969151785688,False
workload_212.cpp,xczu7ev-ffvc1156-2-e,10,0.3568,158,5,15,25,28,block_2_1,cyclic_8_1,block_128_1,complete_1,complete_1,complete_1,unroll_16,1,18.25,0.619557884922,False
workload_441.cpp,xczu7ev-ffvc1156-2-e,10,0.29368,169,6,32,19,32,block_2_1,cyclic_8_1,block_4_1,complete_1,complete_1,complete_1,unroll_32,1,22.25,0.579261780699,False
workload_72.cpp,xczu7ev-ffvc1156-2-e,10,0.82968,72,5,1,2,4,block_2_1,cyclic_8_1,block_64_1,complete_1,complete_1,complete_1,unroll_2,1,3,0.500365110972,False
workload_38.cpp,xczu7ev-ffvc1156-2-e,10,0.3062,713.5,22,82,95,97,block_32_1,block_16_1,cyclic_16_1,complete_1,complete_1,complete_1,unroll_64,2,74,0.1,False
workload_66.cpp,xczu7ev-ffvc1156-2-e,10,0.28787,80,48,2,2,5,block_32_1,block_32_1,block_64_1,complete_1,complete_1,complete_1,pipeline_1,1,14.25,0.734906835546,False
workload_91.cpp,xczu7ev-ffvc1156-2-e,10,0.42528,208,22,19,18,34,block_32_1,block_32_1,block_64_1,complete_1,complete_1,complete_1,unroll_16,1,23.25,0.497927235564,False
workload_19.cpp,xczu7ev-ffvc1156-2-e,10,0.28787,77,50,2,1,4,block_32_1,block_32_1,cyclic_16_1,complete_1,complete_1,complete_1,pipeline_1,1,14.25,0.734906835546,False
workload_102.cpp,xczu7ev-ffvc1156-2-e,10,0.28787,81,43,2,3,6,block_32_1,block_4_1,cyclic_128_1,complete_1,complete_1,complete_1,pipeline_1,1,13.5,0.749901337476,False
workload_42.cpp,xczu7ev-ffvc1156-2-e,10,0.28787,80,45,2,3,6,block_32_1,cyclic_128_1,cyclic_16_1,complete_1,complete_1,complete_1,pipeline_1,1,14,0.739902876595,False
workload_119.cpp,xczu7ev-ffvc1156-2-e,10,0.28787,75,48,2,2,5,block_32_1,cyclic_32_1,cyclic_64_1,complete_1,complete_1,complete_1,pipeline_1,1,14.25,0.734906835546,False
workload_115.cpp,xczu7ev-ffvc1156-2-e,10,0.23667,87,12,2,5,7,block_4_1,block_128_1,block_128_1,complete_1,complete_1,complete_1,pipeline_1,2,6.5,0.928988528561,False
workload_96.cpp,xczu7ev-ffvc1156-2-e,10,1.16124,367,4,5,15,23,block_4_1,block_128_1,block_128_1,complete_1,complete_1,complete_1,unroll_16,1,11.75,0.202751027289,False
workload_116.cpp,xczu7ev-ffvc1156-2-e,10,1.25016,440,4,5,8,15,block_4_1,block_128_1,cyclic_128_1,complete_1,complete_1,complete_1,unroll_16,1,8,0.162715322414,False
workload_172.cpp,xczu7ev-ffvc1156-2-e,10,1.1612,304,5,5,6,13,block_4_1,block_128_1,cyclic_8_1,complete_1,complete_1,complete_1,unroll_16,1,7.25,0.209564161558,False
workload_17.cpp,xczu7ev-ffvc1156-2-e,10,0.31368,215,19,43,28,39,block_4_1,block_16_1,block_32_1,complete_1,complete_1,complete_1,unroll_32,2,32.25,0.410174534177,False
workload_113.cpp,xczu7ev-ffvc1156-2-e,10,0.31352,183,12,39,20,33,block_4_1,block_16_1,cyclic_8_1,complete_1,complete_1,complete_1,unroll_32,1,26,0.508260092542,False
workload_14.cpp,xczu7ev-ffvc1156-2-e,10,0.23667,71,19,2,1,3,block_4_1,block_32_1,block_16_1,complete_1,complete_1,complete_1,pipeline_1,2,6.25,0.9349244629,False
workload_88.cpp,xczu7ev-ffvc1156-2-e,10,0.42392,91,17,9,5,10,block_4_1,block_32_1,cyclic_16_1,complete_1,complete_1,complete_1,unroll_8,1,10.25,0.66309626111,False
workload_124.cpp,xczu7ev-ffvc1156-2-e,10,0.37408,165,5,19,25,28,block_4_1,block_4_1,block_128_1,complete_1,complete_1,complete_1,unroll_16,1,19.25,0.591629683827,False
workload_166.cpp,xczu7ev-ffvc1156-2-e,10,0.82968,85,4,1,4,7,block_4_1,block_64_1,block_128_1,complete_1,complete_1,complete_1,unroll_2,2,4,0.498510229854,False
workload_129.cpp,xczu7ev-ffvc1156-2-e,10,0.81944,70.5,4,1,2,4,block_4_1,block_64_1,cyclic_2_1,complete_1,complete_1,complete_1,unroll_2,2,2.75,0.5123112365,False
workload_238.cpp,xczu7ev-ffvc1156-2-e,10,1.18648,1690,4,19,16,26,block_4_1,block_64_1,cyclic_2_1,complete_1,complete_1,complete_1,unroll_64,2,16.25,0.17986317745,False
workload_167.cpp,xczu7ev-ffvc1156-2-e,10,0.82968,75,7,1,2,4,block_4_1,block_8_1,block_64_1,complete_1,complete_1,complete_1,unroll_2,1,3.5,0.499614702114,False
workload_233.cpp,xczu7ev-ffvc1156-2-e,10,0.22643,66,13,2,1,3,block_4_1,block_8_1,cyclic_2_1,complete_1,complete_1,complete_1,pipeline_1,1,4.75,0.974630905083,False
workload_190.cpp,xczu7ev-ffvc1156-2-e,10,0.82968,78,4,1,3,5,block_4_1,cyclic_2_1,block_128_1,complete_1,complete_1,complete_1,unroll_2,1,3.25,0.500035159247,False
workload_306.cpp,xczu7ev-ffvc1156-2-e,10,0.4214,114,4,9,14,16,block_4_1,cyclic_2_1,block_128_1,complete_1,complete_1,complete_1,unroll_8,1,10.75,0.661505291724,False
workload_94.cpp,xczu7ev-ffvc1156-2-e,10,0.82968,67,9,1,1,3,block_4_1,cyclic_2_1,block_16_1,complete_1,complete_1,complete_1,unroll_2,1,3.5,0.499614702114,False
workload_237.cpp,xczu7ev-ffvc1156-2-e,10,0.27416,345,5,83,40,64,block_4_1,cyclic_2_1,block_2_1,complete_1,complete_1,complete_1,unroll_64,1,48,0.223396097454,False
workload_100.cpp,xczu7ev-ffvc1156-2-e,10,0.23667,71,12,2,2,4,block_4_1,cyclic_2_1,block_64_1,complete_1,complete_1,complete_1,pipeline_1,1,5,0.963827137765,False
workload_57.cpp,xczu7ev-ffvc1156-2-e,10,0.35296,132,4,19,17,21,block_4_1,cyclic_2_1,block_64_1,complete_1,complete_1,complete_1,unroll_16,1,15.25,0.672089995636,False
workload_170.cpp,xczu7ev-ffvc1156-2-e,10,0.82968,74,4,1,2,4,block_4_1,cyclic_2_1,block_64_1,complete_1,complete_1,complete_1,unroll_2,2,2.75,0.500602934789,False
workload_204.cpp,xczu7ev-ffvc1156-2-e,10,0.35288,113,7,16,8,14,block_4_1,cyclic_2_1,cyclic_16_1,complete_1,complete_1,complete_1,unroll_16,1,11.25,0.73425860241,False
workload_205.cpp,xczu7ev-ffvc1156-2-e,10,0.81944,67,5,1,1,2,block_4_1,cyclic_2_1,cyclic_2_1,complete_1,complete_1,complete_1,unroll_2,1,2.25,0.512544849347,False
workload_187.cpp,xczu7ev-ffvc1156-2-e,10,0.34264,108,6,17,9,14,block_4_1,cyclic_2_1,cyclic_4_1,complete_1,complete_1,complete_1,unroll_16,1,11.5,0.74130932603,False
workload_148.cpp,xczu7ev-ffvc1156-2-e,10,0.81944,69,5,1,1,2,block_4_1,cyclic_2_1,cyclic_4_1,complete_1,complete_1,complete_1,unroll_2,1,2.25,0.512544849347,False
workload_789.cpp,xczu7ev-ffvc1156-2-e,10,0.41112,83,5,9,5,8,block_4_1,cyclic_2_1,cyclic_4_1,complete_1,complete_1,complete_1,unroll_8,1,6.75,0.704427897712,False
workload_150.cpp,xczu7ev-ffvc1156-2-e,10,0.35288,112,7,19,9,15,block_4_1,cyclic_2_1,cyclic_8_1,complete_1,complete_1,complete_1,unroll_16,1,12.5,0.715841900834,False
workload_160.cpp,xczu7ev-ffvc1156-2-e,10,0.22643,68,17,2,1,3,block_4_1,cyclic_32_1,cyclic_2_1,complete_1,complete_1,complete_1,pipeline_1,1,5.75,0.949626620562,False
workload_182.cpp,xczu7ev-ffvc1156-2-e,10,0.30984,200,15,41,27,36,block_4_1,cyclic_4_1,block_32_1,complete_1,complete_1,complete_1,unroll_32,1,29.75,0.448795642739,False
workload_145.cpp,xczu7ev-ffvc1156-2-e,10,0.23667,70,15,2,1,3,block_4_1,cyclic_4_1,cyclic_16_1,complete_1,complete_1,complete_1,pipeline_1,1,5.25,0.958255628709,False
workload_231.cpp,xczu7ev-ffvc1156-2-e,10,0.35992,108,5,17,9,15,block_4_1,cyclic_4_1,cyclic_2_1,complete_1,complete_1,complete_1,unroll_16,1,11.5,0.723182226462,False
workload_89.cpp,xczu7ev-ffvc1156-2-e,10,0.37016,110,7,19,9,15,block_4_1,cyclic_4_1,cyclic_8_1,complete_1,complete_1,complete_1,unroll_16,1,12.5,0.698431506371,False
workload_149.cpp,xczu7ev-ffvc1156-2-e,10,0.22643,69,12,2,2,4,block_4_1,cyclic_64_1,cyclic_2_1,complete_1,complete_1,complete_1,pipeline_1,3,5,0.968345946158,False
workload_120.cpp,xczu7ev-ffvc1156-2-e,10,0.22643,68,14,2,1,3,block_4_1,cyclic_8_1,block_4_1,complete_1,complete_1,complete_1,pipeline_1,1,5,0.968345946158,False
workload_123.cpp,xczu7ev-ffvc1156-2-e,10,0.23667,69,13,2,2,4,block_4_1,cyclic_8_1,block_64_1,complete_1,complete_1,complete_1,pipeline_1,1,5.25,0.958255628709,False
workload_155.cpp,xczu7ev-ffvc1156-2-e,10,0.37024,136,5,19,17,21,block_4_1,cyclic_8_1,block_64_1,complete_1,complete_1,complete_1,unroll_16,1,15.5,0.653774284258,False
workload_49.cpp,xczu7ev-ffvc1156-2-e,10,0.81944,65.5,6,1,1,2,block_4_1,cyclic_8_1,cyclic_2_1,complete_1,complete_1,complete_1,unroll_2,2,2.5,0.512480753423,False
workload_76.cpp,xczu7ev-ffvc1156-2-e,10,0.37016,110,7,17,9,15,block_4_1,cyclic_8_1,cyclic_8_1,complete_1,complete_1,complete_1,unroll_16,1,12,0.705348194192,False
workload_121.cpp,xczu7ev-ffvc1156-2-e,10,1.25464,70,7,1,1,3,block_4_1,cyclic_8_1,cyclic_8_1,complete_1,complete_1,complete_1,unroll_2,1,3,0.162818546864,False
workload_117.cpp,xczu7ev-ffvc1156-2-e,10,0.28787,93,84,2,3,7,block_64_1,block_2_1,block_128_1,complete_1,complete_1,complete_1,pipeline_1,1,24,0.549470805973,False
workload_61.cpp,xczu7ev-ffvc1156-2-e,10,1.302,158,22,3,4,18,block_64_1,block_2_1,cyclic_128_1,complete_1,complete_1,complete_1,unroll_8,1,11.75,0.138757729262,False
workload_33.cpp,xczu7ev-ffvc1156-2-e,10,0.27763,80,84,2,1,5,block_64_1,block_2_1,cyclic_4_1,complete_1,complete_1,complete_1,pipeline_1,2,23,0.56974799989,False
workload_78.cpp,xczu7ev-ffvc1156-2-e,10,1.14045,292,23,5,34,25,block_64_1,block_2_1,cyclic_4_1,complete_1,complete_1,complete_1,unroll_16,1,21.75,0.185845739558,False
workload_50.cpp,xczu7ev-ffvc1156-2-e,10,0.28787,84,91,2,1,6,block_64_1,block_32_1,block_16_1,complete_1,complete_1,complete_1,pipeline_1,1,25,0.531935610113,False
workload_3.cpp,xczu7ev-ffvc1156-2-e,10,0.47512,148,37,8,5,21,block_64_1,block_32_1,block_16_1,complete_1,complete_1,complete_1,unroll_8,1,17.75,0.530208757536,False
workload_1.cpp,xczu7ev-ffvc1156-2-e,10,0.27763,80,85,2,2,5,block_64_1,block_4_1,block_4_1,complete_1,complete_1,complete_1,pipeline_1,1,23.5,0.560702808861,False
workload_58.cpp,xczu7ev-ffvc1156-2-e,10,0.46488,138,25,8,5,19,block_64_1,block_4_1,block_4_1,complete_1,complete_1,complete_1,unroll_8,1,14.25,0.578215287061,False
workload_547.cpp,xczu7ev-ffvc1156-2-e,10,0.27763,77.5,84,2,1,5,block_64_1,cyclic_2_1,cyclic_2_1,complete_1,complete_1,complete_1,pipeline_1,2,23,0.56974799989,False
workload_73.cpp,xczu7ev-ffvc1156-2-e,10,0.28787,83,86,2,2,6,block_64_1,cyclic_64_1,block_16_1,complete_1,complete_1,complete_1,pipeline_1,1,24,0.549470805973,False
workload_22.cpp,xczu7ev-ffvc1156-2-e,10,0.28787,94,85,2,3,7,block_64_1,cyclic_8_1,cyclic_128_1,complete_1,complete_1,complete_1,pipeline_1,1,24.25,0.545057352768,False
workload_7.cpp,xczu7ev-ffvc1156-2-e,10,0.4252,130,17,16,9,18,block_8_1,block_8_1,block_32_1,complete_1,complete_1,complete_1,unroll_16,1,15,0.609978937853,False
workload_64.cpp,xczu7ev-ffvc1156-2-e,10,0.28787,73,13,2,2,4,block_8_1,block_8_1,block_64_1,complete_1,complete_1,complete_1,pipeline_1,1,5.25,0.891508155857,False
workload_158.cpp,xczu7ev-ffvc1156-2-e,10,0.28787,67,15,2,1,3,block_8_1,cyclic_2_1,cyclic_16_1,complete_1,complete_1,complete_1,pipeline_1,1,5.25,0.891508155857,False
workload_109.cpp,xczu7ev-ffvc1156-2-e,10,0.35352,186,6,36,19,33,block_8_1,cyclic_2_1,cyclic_4_1,complete_1,complete_1,complete_1,unroll_32,2,23.5,0.534437855381,False
workload_218.cpp,xczu7ev-ffvc1156-2-e,10,0.3284,524,9,92,72,88,block_8_1,cyclic_32_1,block_64_1,complete_1,complete_1,complete_1,unroll_64,1,65.25,0.11333284169,False
workload_40.cpp,xczu7ev-ffvc1156-2-e,10,0.27763,69,17,2,1,3,block_8_1,cyclic_32_1,cyclic_4_1,complete_1,complete_1,complete_1,pipeline_1,1,5.75,0.901343165607,False
workload_114.cpp,xczu7ev-ffvc1156-2-e,10,0.28787,68,18,2,1,3,block_8_1,cyclic_32_1,cyclic_8_1,complete_1,complete_1,complete_1,pipeline_1,1,6,0.884100395392,False
workload_180.cpp,xczu7ev-ffvc1156-2-e,10,0.3284,471,14,92,58,84,block_8_1,cyclic_64_1,block_32_1,complete_1,complete_1,complete_1,unroll_64,1,62,0.125264718303,False
workload_118.cpp,xczu7ev-ffvc1156-2-e,10,0.3284,528,4,92,73,88,block_8_1,cyclic_64_1,block_64_1,complete_1,complete_1,complete_1,unroll_64,1,64.25,0.116602283624,False
workload_164.cpp,xczu7ev-ffvc1156-2-e,10,0.27763,68,13,2,1,3,block_8_1,cyclic_8_1,cyclic_2_1,complete_1,complete_1,complete_1,pipeline_1,1,4.75,0.910951522846,False
workload_12.cpp,xczu7ev-ffvc1156-2-e,10,1.15864,166,22,1,3,11,cyclic_128_1,block_2_1,cyclic_128_1,complete_1,complete_1,complete_1,unroll_8,1,9.25,0.208527881145,False
workload_9.cpp,xczu7ev-ffvc1156-2-e,10,1.16248,104,25,1,1,6,cyclic_128_1,block_4_1,cyclic_16_1,complete_1,complete_1,complete_1,unroll_2,1,8.25,0.207658323562,False
workload_70.cpp,xczu7ev-ffvc1156-2-e,10,1.16248,111,23,1,1,7,cyclic_128_1,block_4_1,cyclic_64_1,complete_1,complete_1,complete_1,unroll_2,1,8,0.207965703566,False
workload_43.cpp,xczu7ev-ffvc1156-2-e,10,1.16248,104,24,1,1,6,cyclic_128_1,block_4_1,cyclic_8_1,complete_1,complete_1,complete_1,unroll_2,1,8,0.207965703566,False
workload_16.cpp,xczu7ev-ffvc1156-2-e,10,1.11896,81,7,1,2,5,cyclic_16_1,block_16_1,block_64_1,complete_1,complete_1,complete_1,unroll_4,1,3.75,0.238756059988,False
workload_75.cpp,xczu7ev-ffvc1156-2-e,10,1.15992,73,9,1,1,3,cyclic_16_1,block_16_1,cyclic_16_1,complete_1,complete_1,complete_1,unroll_4,1,3.5,0.212733551329,False
workload_142.cpp,xczu7ev-ffvc1156-2-e,10,0.34584,95,12,18,8,14,cyclic_16_1,block_8_1,cyclic_8_1,complete_1,complete_1,complete_1,unroll_16,1,13,0.714755771975,False
workload_6.cpp,xczu7ev-ffvc1156-2-e,10,1.12728,114,4,1,4,8,cyclic_16_1,cyclic_128_1,cyclic_128_1,complete_1,complete_1,complete_1,unroll_16,1,4.25,0.233042746887,False
workload_112.cpp,xczu7ev-ffvc1156-2-e,10,0.34584,101,17,16,7,15,cyclic_16_1,cyclic_2_1,block_32_1,complete_1,complete_1,complete_1,unroll_16,1,13.75,0.702635231511,False
workload_363.cpp,xczu7ev-ffvc1156-2-e,10,0.31464,175,7,37,31,36,cyclic_16_1,cyclic_2_1,block_64_1,complete_1,complete_1,complete_1,unroll_32,1,27.75,0.479289363233,False
workload_63.cpp,xczu7ev-ffvc1156-2-e,10,1.13688,89,6,1,3,6,cyclic_16_1,cyclic_2_1,cyclic_128_1,complete_1,complete_1,complete_1,unroll_8,1,4,0.226925489938,False
workload_168.cpp,xczu7ev-ffvc1156-2-e,10,0.34584,92,10,18,7,14,cyclic_16_1,cyclic_2_1,cyclic_16_1,complete_1,complete_1,complete_1,unroll_16,1,12.25,0.726576856887,False
workload_562.cpp,xczu7ev-ffvc1156-2-e,10,0.27747,67,23,1,1,2,cyclic_16_1,cyclic_2_1,cyclic_2_1,complete_1,complete_1,complete_1,pipeline_1,1,6.75,0.887471473597,False
workload_98.cpp,xczu7ev-ffvc1156-2-e,10,0.28771,70,24,1,1,2,cyclic_16_1,cyclic_2_1,cyclic_8_1,complete_1,complete_1,complete_1,pipeline_1,1,7,0.871157501821,False
workload_34.cpp,xczu7ev-ffvc1156-2-e,10,0.34584,93,10,18,7,14,cyclic_16_1,cyclic_2_1,cyclic_8_1,complete_1,complete_1,complete_1,unroll_16,1,12.25,0.726576856887,False
workload_667.cpp,xczu7ev-ffvc1156-2-e,10,0.30744,125,8,30,13,23,cyclic_16_1,cyclic_4_1,cyclic_4_1,complete_1,complete_1,complete_1,unroll_32,1,18.5,0.64324731486,False
workload_557.cpp,xczu7ev-ffvc1156-2-e,10,0.27747,67,24,1,1,2,cyclic_16_1,cyclic_8_1,block_2_1,complete_1,complete_1,complete_1,pipeline_1,1,7,0.883449047606,False
workload_790.cpp,xczu7ev-ffvc1156-2-e,10,0.28728,196,9,36,18,31,cyclic_16_1,cyclic_8_1,cyclic_4_1,complete_1,complete_1,complete_1,unroll_64,1,23.5,0.558502517884,False
workload_196.cpp,xczu7ev-ffvc1156-2-e,10,0.342,92,9,17,7,13,cyclic_16_1,cyclic_8_1,cyclic_8_1,complete_1,complete_1,complete_1,unroll_16,1,11.5,0.741962308909,False
workload_317.cpp,xczu7ev-ffvc1156-2-e,10,1.0254,3235,4,1,12,35,cyclic_2_1,block_128_1,block_128_1,complete_1,complete_1,complete_1,unroll_64,1,13,0.286966202683,False
workload_256.cpp,xczu7ev-ffvc1156-2-e,10,0.22627,73,11,1,3,4,cyclic_2_1,block_128_1,block_2_1,complete_1,complete_1,complete_1,pipeline_1,2,4.75,0.97463234583,False
workload_455.cpp,xczu7ev-ffvc1156-2-e,10,0.70232,207,4,5,5,13,cyclic_2_1,block_128_1,block_2_1,complete_1,complete_1,complete_1,unroll_16,2,6.75,0.588233344615,False
workload_135.cpp,xczu7ev-ffvc1156-2-e,10,0.23651,76,16,1,3,5,cyclic_2_1,block_128_1,block_32_1,complete_1,complete_1,complete_1,pipeline_1,2,6.25,0.93499448443,False
workload_181.cpp,xczu7ev-ffvc1156-2-e,10,0.23651,80,10,1,4,5,cyclic_2_1,block_128_1,block_64_1,complete_1,complete_1,complete_1,pipeline_1,6,5,0.963956513243,False
workload_334.cpp,xczu7ev-ffvc1156-2-e,10,0.99808,316,4,1,11,15,cyclic_2_1,block_128_1,block_64_1,complete_1,complete_1,complete_1,unroll_16,1,7.75,0.325207814576,False
workload_313.cpp,xczu7ev-ffvc1156-2-e,10,1.01632,968,4,1,11,17,cyclic_2_1,block_128_1,block_64_1,complete_1,complete_1,complete_1,unroll_32,1,8.25,0.309082792147,False
workload_315.cpp,xczu7ev-ffvc1156-2-e,10,1.02544,3121,4,1,11,23,cyclic_2_1,block_128_1,block_64_1,complete_1,complete_1,complete_1,unroll_64,1,9.75,0.297915371254,False
workload_258.cpp,xczu7ev-ffvc1156-2-e,10,0.23651,83,10,1,4,6,cyclic_2_1,block_128_1,cyclic_128_1,complete_1,complete_1,complete_1,pipeline_1,1,5.25,0.958367144652,False
workload_566.cpp,xczu7ev-ffvc1156-2-e,10,0.22627,74,11,1,3,4,cyclic_2_1,block_128_1,cyclic_2_1,complete_1,complete_1,complete_1,pipeline_1,2,4.75,0.97463234583,False
workload_709.cpp,xczu7ev-ffvc1156-2-e,10,0.7324,72,4,1,2,5,cyclic_2_1,block_128_1,cyclic_2_1,complete_1,complete_1,complete_1,unroll_2,1,3,0.609921102414,False
workload_777.cpp,xczu7ev-ffvc1156-2-e,10,0.3804,95,4,5,4,14,cyclic_2_1,block_128_1,cyclic_2_1,complete_1,complete_1,complete_1,unroll_8,1,6.75,0.746698387967,False
workload_279.cpp,xczu7ev-ffvc1156-2-e,10,0.22627,73.5,11,1,3,4,cyclic_2_1,block_128_1,cyclic_4_1,complete_1,complete_1,complete_1,pipeline_1,2,4.75,0.97463234583,False
workload_257.cpp,xczu7ev-ffvc1156-2-e,10,1.08056,79,4,1,3,6,cyclic_2_1,block_128_1,cyclic_64_1,complete_1,complete_1,complete_1,unroll_2,1,3.5,0.265760385771,False
workload_133.cpp,xczu7ev-ffvc1156-2-e,10,1.08056,75,5,1,2,5,cyclic_2_1,block_128_1,cyclic_8_1,complete_1,complete_1,complete_1,unroll_2,1,3.25,0.26583222029,False
workload_325.cpp,xczu7ev-ffvc1156-2-e,10,0.23651,71,11,1,2,3,cyclic_2_1,block_2_1,block_64_1,complete_1,complete_1,complete_1,pipeline_1,1,4.25,0.978471988339,False
workload_291.cpp,xczu7ev-ffvc1156-2-e,10,0.22627,64,11,1,1,2,cyclic_2_1,block_2_1,cyclic_4_1,complete_1,complete_1,complete_1,pipeline_1,1,3.75,1,True
workload_357.cpp,xczu7ev-ffvc1156-2-e,10,1.02456,127,5,1,1,5,cyclic_2_1,block_2_1,cyclic_4_1,complete_1,complete_1,complete_1,unroll_32,1,3,0.309460542328,False
workload_372.cpp,xczu7ev-ffvc1156-2-e,10,0.23651,64.5,12,1,1,2,cyclic_2_1,block_2_1,cyclic_8_1,complete_1,complete_1,complete_1,pipeline_1,2,4,0.98147664006,False
workload_175.cpp,xczu7ev-ffvc1156-2-e,10,0.23651,66,14,1,1,2,cyclic_2_1,block_4_1,cyclic_16_1,complete_1,complete_1,complete_1,pipeline_1,1,4.5,0.974243430386,False
workload_183.cpp,xczu7ev-ffvc1156-2-e,10,0.31704,92,6,14,7,12,cyclic_2_1,block_4_1,cyclic_8_1,complete_1,complete_1,complete_1,unroll_16,1,9.75,0.795179502333,False
workload_781.cpp,xczu7ev-ffvc1156-2-e,10,0.23651,81,10,1,4,5,cyclic_2_1,block_64_1,block_128_1,complete_1,complete_1,complete_1,pipeline_1,1,5,0.963956513243,False
workload_482.cpp,xczu7ev-ffvc1156-2-e,10,0.74264,82,4,1,3,6,cyclic_2_1,block_64_1,block_128_1,complete_1,complete_1,complete_1,unroll_2,1,3.5,0.59725077606,False
workload_756.cpp,xczu7ev-ffvc1156-2-e,10,1.0254,1526,4,1,11,33,cyclic_2_1,block_64_1,block_128_1,complete_1,complete_1,complete_1,unroll_64,1,12.25,0.289774182314,False
workload_610.cpp,xczu7ev-ffvc1156-2-e,10,0.3068,111.5,4,13,7,18,cyclic_2_1,block_64_1,block_2_1,complete_1,complete_1,complete_1,unroll_16,2,10.5,0.792927595546,False
workload_652.cpp,xczu7ev-ffvc1156-2-e,10,0.84616,931,4,13,7,19,cyclic_2_1,block_64_1,block_2_1,complete_1,complete_1,complete_1,unroll_64,1,10.75,0.445353377605,False
workload_706.cpp,xczu7ev-ffvc1156-2-e,10,0.3804,83,4,5,4,10,cyclic_2_1,block_64_1,block_2_1,complete_1,complete_1,complete_1,unroll_8,1,5.75,0.751809579805,False
workload_350.cpp,xczu7ev-ffvc1156-2-e,10,0.23651,74,10,1,3,4,cyclic_2_1,block_64_1,block_64_1,complete_1,complete_1,complete_1,pipeline_1,2,4.5,0.974243430386,False
workload_796.cpp,xczu7ev-ffvc1156-2-e,10,0.74264,74,4,1,2,5,cyclic_2_1,block_64_1,block_64_1,complete_1,complete_1,complete_1,unroll_2,1,3,0.601339438387,False
workload_396.cpp,xczu7ev-ffvc1156-2-e,10,1.01632,368,4,1,10,16,cyclic_2_1,block_64_1,block_64_1,complete_1,complete_1,complete_1,unroll_32,1,7.75,0.310259224488,False
workload_596.cpp,xczu7ev-ffvc1156-2-e,10,1.02544,1504.5,4,1,10,21,cyclic_2_1,block_64_1,block_64_1,complete_1,complete_1,complete_1,unroll_64,2,9,0.29997383938,False
workload_422.cpp,xczu7ev-ffvc1156-2-e,10,0.22627,69,11,1,2,3,cyclic_2_1,block_64_1,cyclic_2_1,complete_1,complete_1,complete_1,pipeline_1,2,4.25,0.98727084305,False
workload_653.cpp,xczu7ev-ffvc1156-2-e,10,1.01512,1319,4,1,2,10,cyclic_2_1,block_64_1,cyclic_4_1,complete_1,complete_1,complete_1,unroll_64,1,4.25,0.316652686236,False
workload_275.cpp,xczu7ev-ffvc1156-2-e,10,0.22627,65,12,1,1,2,cyclic_2_1,block_8_1,block_2_1,complete_1,complete_1,complete_1,pipeline_1,1,4,0.993624089059,False
workload_288.cpp,xczu7ev-ffvc1156-2-e,10,0.25928,238,7,67,29,50,cyclic_2_1,block_8_1,block_2_1,complete_1,complete_1,complete_1,unroll_64,1,38.25,0.333457549759,False
workload_101.cpp,xczu7ev-ffvc1156-2-e,10,0.32344,100.5,16,13,6,14,cyclic_2_1,block_8_1,block_32_1,complete_1,complete_1,complete_1,unroll_16,2,12.25,0.747427970092,False
workload_141.cpp,xczu7ev-ffvc1156-2-e,10,0.23651,69,12,1,2,3,cyclic_2_1,block_8_1,block_64_1,complete_1,complete_1,complete_1,pipeline_1,2,4.5,0.974243430386,False
workload_232.cpp,xczu7ev-ffvc1156-2-e,10,0.22627,65,12,1,1,2,cyclic_2_1,block_8_1,cyclic_4_1,complete_1,complete_1,complete_1,pipeline_1,2,4,0.993624089059,False
workload_226.cpp,xczu7ev-ffvc1156-2-e,10,0.3068,90,7,13,6,12,cyclic_2_1,block_8_1,cyclic_4_1,complete_1,complete_1,complete_1,unroll_16,1,9.5,0.810003665444,False
workload_245.cpp,xczu7ev-ffvc1156-2-e,10,0.25928,230,8,62,28,48,cyclic_2_1,block_8_1,cyclic_4_1,complete_1,complete_1,complete_1,unroll_64,1,36.5,0.356733176835,False
workload_767.cpp,xczu7ev-ffvc1156-2-e,10,0.22627,69,11,1,3,4,cyclic_2_1,cyclic_128_1,block_2_1,complete_1,complete_1,complete_1,pipeline_1,1,4.75,0.97463234583,False
workload_651.cpp,xczu7ev-ffvc1156-2-e,10,1.0244,237,4,1,3,9,cyclic_2_1,cyclic_128_1,block_2_1,complete_1,complete_1,complete_1,unroll_64,1,4.25,0.308971880299,False
workload_301.cpp,xczu7ev-ffvc1156-2-e,10,0.26504,494,6,69,87,75,cyclic_2_1,cyclic_16_1,block_128_1,complete_1,complete_1,complete_1,unroll_64,1,59.25,0.140213903298,False
workload_267.cpp,xczu7ev-ffvc1156-2-e,10,0.26504,330,6,69,58,62,cyclic_2_1,cyclic_16_1,block_64_1,complete_1,complete_1,complete_1,unroll_64,1,48.75,0.216780722184,False
workload_775.cpp,xczu7ev-ffvc1156-2-e,10,0.26104,467,4,58,83,69,cyclic_2_1,cyclic_2_1,block_128_1,complete_1,complete_1,complete_1,unroll_64,1,53.5,0.177308633828,False
workload_740.cpp,xczu7ev-ffvc1156-2-e,10,0.38812,100,4,6,12,13,cyclic_2_1,cyclic_2_1,block_128_1,complete_1,complete_1,complete_1,unroll_8,1,8.75,0.721232591395,False
workload_447.cpp,xczu7ev-ffvc1156-2-e,10,0.23651,66,13,1,1,2,cyclic_2_1,cyclic_2_1,block_16_1,complete_1,complete_1,complete_1,pipeline_1,1,4.25,0.978471988339,False
workload_545.cpp,xczu7ev-ffvc1156-2-e,10,0.26104,236,9,58,32,46,cyclic_2_1,cyclic_2_1,block_16_1,complete_1,complete_1,complete_1,unroll_64,1,36.25,0.360035704767,False
workload_147.cpp,xczu7ev-ffvc1156-2-e,10,0.22627,65,11,1,1,2,cyclic_2_1,cyclic_2_1,block_2_1,complete_1,complete_1,complete_1,pipeline_1,7,3.75,1,True
workload_298.cpp,xczu7ev-ffvc1156-2-e,10,0.3036,89,5,11,5,10,cyclic_2_1,cyclic_2_1,block_2_1,complete_1,complete_1,complete_1,unroll_16,5,7.75,0.840747216626,False
workload_397.cpp,xczu7ev-ffvc1156-2-e,10,0.7324,67,5,1,1,2,cyclic_2_1,cyclic_2_1,block_2_1,complete_1,complete_1,complete_1,unroll_2,1,2.25,0.616916956728,False
workload_762.cpp,xczu7ev-ffvc1156-2-e,10,0.26776,123,5,23,11,19,cyclic_2_1,cyclic_2_1,block_2_1,complete_1,complete_1,complete_1,unroll_32,1,14.5,0.73870236824,False
workload_374.cpp,xczu7ev-ffvc1156-2-e,10,0.25048,212,5,52,23,40,cyclic_2_1,cyclic_2_1,block_2_1,complete_1,complete_1,complete_1,unroll_64,3,30,0.453481291658,False
workload_369.cpp,xczu7ev-ffvc1156-2-e,10,0.22627,65.5,11,1,1,2,cyclic_2_1,cyclic_2_1,block_4_1,complete_1,complete_1,complete_1,pipeline_1,2,3.75,1,True
workload_337.cpp,xczu7ev-ffvc1156-2-e,10,0.3036,88,5,11,5,10,cyclic_2_1,cyclic_2_1,block_4_1,complete_1,complete_1,complete_1,unroll_16,1,7.75,0.840747216626,False
workload_438.cpp,xczu7ev-ffvc1156-2-e,10,0.26776,122,5,23,11,19,cyclic_2_1,cyclic_2_1,block_4_1,complete_1,complete_1,complete_1,unroll_32,1,14.5,0.73870236824,False
workload_415.cpp,xczu7ev-ffvc1156-2-e,10,0.25048,215.5,5,52,23,40,cyclic_2_1,cyclic_2_1,block_4_1,complete_1,complete_1,complete_1,unroll_64,2,30,0.453481291658,False
workload_230.cpp,xczu7ev-ffvc1156-2-e,10,0.23651,69.5,11,1,2,3,cyclic_2_1,cyclic_2_1,block_64_1,complete_1,complete_1,complete_1,pipeline_1,6,4.25,0.978471988339,False
workload_139.cpp,xczu7ev-ffvc1156-2-e,10,0.31392,111,4,13,14,16,cyclic_2_1,cyclic_2_1,block_64_1,complete_1,complete_1,complete_1,unroll_16,1,11.75,0.764476865619,False
workload_778.cpp,xczu7ev-ffvc1156-2-e,10,0.74264,69.5,4,1,1,3,cyclic_2_1,cyclic_2_1,block_64_1,complete_1,complete_1,complete_1,unroll_2,2,2.25,0.605721944663,False
workload_331.cpp,xczu7ev-ffvc1156-2-e,10,0.27816,165,4,27,27,30,cyclic_2_1,cyclic_2_1,block_64_1,complete_1,complete_1,complete_1,unroll_32,3,22,0.587955464461,False
workload_511.cpp,xczu7ev-ffvc1156-2-e,10,0.26104,310,4,58,54,56,cyclic_2_1,cyclic_2_1,block_64_1,complete_1,complete_1,complete_1,unroll_64,3,43,0.275759467458,False
workload_554.cpp,xczu7ev-ffvc1156-2-e,10,0.38808,84,4,5,3,8,cyclic_2_1,cyclic_2_1,block_64_1,complete_1,complete_1,complete_1,unroll_8,2,5,0.743290628629,False
workload_746.cpp,xczu7ev-ffvc1156-2-e,10,0.23651,66,12,1,1,2,cyclic_2_1,cyclic_2_1,block_8_1,complete_1,complete_1,complete_1,pipeline_1,1,4,0.98147664006,False
workload_457.cpp,xczu7ev-ffvc1156-2-e,10,0.23651,73,11,1,3,4,cyclic_2_1,cyclic_2_1,cyclic_128_1,complete_1,complete_1,complete_1,pipeline_1,1,4.75,0.969304296906,False
workload_280.cpp,xczu7ev-ffvc1156-2-e,10,0.98648,135,4,1,3,6,cyclic_2_1,cyclic_2_1,cyclic_128_1,complete_1,complete_1,complete_1,unroll_32,1,3.5,0.341775201079,False
workload_336.cpp,xczu7ev-ffvc1156-2-e,10,0.23651,64,13,1,1,2,cyclic_2_1,cyclic_2_1,cyclic_16_1,complete_1,complete_1,complete_1,pipeline_1,1,4.25,0.978471988339,False
workload_310.cpp,xczu7ev-ffvc1156-2-e,10,0.22627,65,11,1,1,2,cyclic_2_1,cyclic_2_1,cyclic_2_1,complete_1,complete_1,complete_1,pipeline_1,7,3.75,1,True
workload_467.cpp,xczu7ev-ffvc1156-2-e,10,0.3036,87.5,5,11,5,10,cyclic_2_1,cyclic_2_1,cyclic_2_1,complete_1,complete_1,complete_1,unroll_16,4,7.75,0.840747216626,False
workload_427.cpp,xczu7ev-ffvc1156-2-e,10,0.7324,64,4,1,1,2,cyclic_2_1,cyclic_2_1,cyclic_2_1,complete_1,complete_1,complete_1,unroll_2,2,2,1,True
workload_444.cpp,xczu7ev-ffvc1156-2-e,10,0.26776,120,5,23,11,19,cyclic_2_1,cyclic_2_1,cyclic_2_1,complete_1,complete_1,complete_1,unroll_32,2,14.5,0.73870236824,False
workload_426.cpp,xczu7ev-ffvc1156-2-e,10,0.25048,210,5,49,22,39,cyclic_2_1,cyclic_2_1,cyclic_2_1,complete_1,complete_1,complete_1,unroll_64,4,28.75,0.473738183041,False
workload_523.cpp,xczu7ev-ffvc1156-2-e,10,0.37784,73,4,5,3,5,cyclic_2_1,cyclic_2_1,cyclic_2_1,complete_1,complete_1,complete_1,unroll_8,4,4.25,0.759466196042,False
workload_184.cpp,xczu7ev-ffvc1156-2-e,10,0.22627,64,11,1,1,2,cyclic_2_1,cyclic_2_1,cyclic_4_1,complete_1,complete_1,complete_1,pipeline_1,6,3.75,1,True
workload_173.cpp,xczu7ev-ffvc1156-2-e,10,0.3036,88,5,12,5,10,cyclic_2_1,cyclic_2_1,cyclic_4_1,complete_1,complete_1,complete_1,unroll_16,2,8,0.837137857316,False
workload_314.cpp,xczu7ev-ffvc1156-2-e,10,0.7324,64,5,1,1,2,cyclic_2_1,cyclic_2_1,cyclic_4_1,complete_1,complete_1,complete_1,unroll_2,3,2.25,0.616916956728,False
workload_246.cpp,xczu7ev-ffvc1156-2-e,10,0.26776,121,5,23,11,19,cyclic_2_1,cyclic_2_1,cyclic_4_1,complete_1,complete_1,complete_1,unroll_32,3,14.5,0.73870236824,False
workload_462.cpp,xczu7ev-ffvc1156-2-e,10,0.25048,209.5,5,49,22,39,cyclic_2_1,cyclic_2_1,cyclic_4_1,complete_1,complete_1,complete_1,unroll_64,4,28.75,0.473738183041,False
workload_319.cpp,xczu7ev-ffvc1156-2-e,10,0.23651,69,11,1,2,3,cyclic_2_1,cyclic_2_1,cyclic_64_1,complete_1,complete_1,complete_1,pipeline_1,1,4.25,0.978471988339,False
workload_209.cpp,xczu7ev-ffvc1156-2-e,10,1.03448,68,4,1,1,3,cyclic_2_1,cyclic_2_1,cyclic_64_1,complete_1,complete_1,complete_1,unroll_2,1,2.25,0.301417705967,False
workload_248.cpp,xczu7ev-ffvc1156-2-e,10,0.31384,89,6,13,6,11,cyclic_2_1,cyclic_2_1,cyclic_8_1,complete_1,complete_1,complete_1,unroll_16,1,9,0.810308026492,False
workload_635.cpp,xczu7ev-ffvc1156-2-e,10,0.26184,285,19,71,44,59,cyclic_2_1,cyclic_32_1,block_32_1,complete_1,complete_1,complete_1,unroll_64,1,48.25,0.221531741069,False
workload_303.cpp,xczu7ev-ffvc1156-2-e,10,0.23651,70.5,16,1,2,3,cyclic_2_1,cyclic_32_1,block_64_1,complete_1,complete_1,complete_1,pipeline_1,2,5.5,0.952630449972,False
workload_208.cpp,xczu7ev-ffvc1156-2-e,10,0.74264,72,9,1,1,4,cyclic_2_1,cyclic_32_1,block_64_1,complete_1,complete_1,complete_1,unroll_2,1,3.75,0.595074950522,False
workload_198.cpp,xczu7ev-ffvc1156-2-e,10,0.26184,334,9,71,59,64,cyclic_2_1,cyclic_32_1,block_64_1,complete_1,complete_1,complete_1,unroll_64,1,50.75,0.199222299815,False
workload_675.cpp,xczu7ev-ffvc1156-2-e,10,0.25288,231,9,69,29,50,cyclic_2_1,cyclic_32_1,cyclic_2_1,complete_1,complete_1,complete_1,unroll_64,2,39.25,0.320955042385,False
workload_146.cpp,xczu7ev-ffvc1156-2-e,10,0.22627,66.5,16,1,1,2,cyclic_2_1,cyclic_32_1,cyclic_4_1,complete_1,complete_1,complete_1,pipeline_1,2,5,0.968347094619,False
workload_316.cpp,xczu7ev-ffvc1156-2-e,10,0.27832,127,10,30,13,23,cyclic_2_1,cyclic_32_1,cyclic_4_1,complete_1,complete_1,complete_1,unroll_32,1,19,0.644727932283,False
workload_343.cpp,xczu7ev-ffvc1156-2-e,10,0.22627,64,11,1,1,2,cyclic_2_1,cyclic_4_1,block_2_1,complete_1,complete_1,complete_1,pipeline_1,4,3.75,1,True
workload_594.cpp,xczu7ev-ffvc1156-2-e,10,0.30296,90,5,13,6,11,cyclic_2_1,cyclic_4_1,block_2_1,complete_1,complete_1,complete_1,unroll_16,1,8.75,0.826334191551,False
workload_234.cpp,xczu7ev-ffvc1156-2-e,10,0.27384,124,5,27,12,21,cyclic_2_1,cyclic_4_1,block_2_1,complete_1,complete_1,complete_1,unroll_32,1,16.25,0.700629412743,False
workload_282.cpp,xczu7ev-ffvc1156-2-e,10,0.25208,219.5,5,60,26,45,cyclic_2_1,cyclic_4_1,block_2_1,complete_1,complete_1,complete_1,unroll_64,2,34,0.392345778521,False
workload_577.cpp,xczu7ev-ffvc1156-2-e,10,0.22627,64,12,1,1,2,cyclic_2_1,cyclic_4_1,block_4_1,complete_1,complete_1,complete_1,pipeline_1,2,4,0.993624089059,False
workload_213.cpp,xczu7ev-ffvc1156-2-e,10,0.27384,125,6,27,12,21,cyclic_2_1,cyclic_4_1,block_4_1,complete_1,complete_1,complete_1,unroll_32,3,16.5,0.69558023984,False
workload_719.cpp,xczu7ev-ffvc1156-2-e,10,0.23651,72,11,1,2,3,cyclic_2_1,cyclic_4_1,block_64_1,complete_1,complete_1,complete_1,pipeline_1,1,4.25,0.978471988339,False
workload_576.cpp,xczu7ev-ffvc1156-2-e,10,0.31328,114,4,15,15,18,cyclic_2_1,cyclic_4_1,block_64_1,complete_1,complete_1,complete_1,unroll_16,1,13,0.742477772241,False
workload_210.cpp,xczu7ev-ffvc1156-2-e,10,0.28424,167,4,30,28,32,cyclic_2_1,cyclic_4_1,block_64_1,complete_1,complete_1,complete_1,unroll_32,3,23.5,0.559234390814,False
workload_439.cpp,xczu7ev-ffvc1156-2-e,10,0.26264,322,4,65,57,60,cyclic_2_1,cyclic_4_1,block_64_1,complete_1,complete_1,complete_1,unroll_64,1,46.5,0.238460829866,False
workload_253.cpp,xczu7ev-ffvc1156-2-e,10,0.30296,89,5,14,6,11,cyclic_2_1,cyclic_4_1,cyclic_2_1,complete_1,complete_1,complete_1,unroll_16,1,9,0.822283515044,False
workload_773.cpp,xczu7ev-ffvc1156-2-e,10,0.27384,124,5,26,12,20,cyclic_2_1,cyclic_4_1,cyclic_2_1,complete_1,complete_1,complete_1,unroll_32,1,15.75,0.710772727255,False
workload_723.cpp,xczu7ev-ffvc1156-2-e,10,0.25208,217.5,5,56,25,43,cyclic_2_1,cyclic_4_1,cyclic_2_1,complete_1,complete_1,complete_1,unroll_64,2,32.25,0.418337575865,False
workload_688.cpp,xczu7ev-ffvc1156-2-e,10,0.37912,75,5,6,3,6,cyclic_2_1,cyclic_4_1,cyclic_2_1,complete_1,complete_1,complete_1,unroll_8,1,5,0.756202570904,False
workload_597.cpp,xczu7ev-ffvc1156-2-e,10,0.22627,64,12,1,1,2,cyclic_2_1,cyclic_4_1,cyclic_4_1,complete_1,complete_1,complete_1,pipeline_1,1,4,0.993624089059,False
workload_737.cpp,xczu7ev-ffvc1156-2-e,10,0.30296,89,5,13,6,11,cyclic_2_1,cyclic_4_1,cyclic_4_1,complete_1,complete_1,complete_1,unroll_16,1,8.75,0.826334191551,False
workload_451.cpp,xczu7ev-ffvc1156-2-e,10,0.25208,215.5,5,54,24,42,cyclic_2_1,cyclic_4_1,cyclic_4_1,complete_1,complete_1,complete_1,unroll_64,2,31.25,0.43368427243,False
workload_131.cpp,xczu7ev-ffvc1156-2-e,10,0.3132,90,7,15,7,12,cyclic_2_1,cyclic_4_1,cyclic_8_1,complete_1,complete_1,complete_1,unroll_16,1,10.25,0.791020435945,False
workload_346.cpp,xczu7ev-ffvc1156-2-e,10,0.23651,79,10,1,4,5,cyclic_2_1,cyclic_64_1,block_128_1,complete_1,complete_1,complete_1,pipeline_1,1,5,0.963956513243,False
workload_418.cpp,xczu7ev-ffvc1156-2-e,10,0.31328,143,4,17,24,26,cyclic_2_1,cyclic_64_1,block_128_1,complete_1,complete_1,complete_1,unroll_16,2,17.75,0.654343316576,False
workload_508.cpp,xczu7ev-ffvc1156-2-e,10,1.03484,169,4,1,11,20,cyclic_2_1,cyclic_64_1,block_128_1,complete_1,complete_1,complete_1,unroll_32,1,9,0.292705429535,False
workload_309.cpp,xczu7ev-ffvc1156-2-e,10,0.26184,511,4,71,89,77,cyclic_2_1,cyclic_64_1,block_128_1,complete_1,complete_1,complete_1,unroll_64,1,60.25,0.135047404888,False
workload_436.cpp,xczu7ev-ffvc1156-2-e,10,0.30296,93,4,15,8,14,cyclic_2_1,cyclic_64_1,block_2_1,complete_1,complete_1,complete_1,unroll_16,3,10.25,0.800917743191,False
workload_340.cpp,xczu7ev-ffvc1156-2-e,10,0.25128,239.5,4,70,30,51,cyclic_2_1,cyclic_64_1,block_2_1,complete_1,complete_1,complete_1,unroll_64,4,38.75,0.327389411883,False
workload_400.cpp,xczu7ev-ffvc1156-2-e,10,0.37912,78,4,6,4,7,cyclic_2_1,cyclic_64_1,block_2_1,complete_1,complete_1,complete_1,unroll_8,4,5.25,0.755475482469,False
workload_540.cpp,xczu7ev-ffvc1156-2-e,10,0.25128,242.5,5,70,30,51,cyclic_2_1,cyclic_64_1,block_4_1,complete_1,complete_1,complete_1,unroll_64,2,39,0.324193815384,False
workload_607.cpp,xczu7ev-ffvc1156-2-e,10,0.23651,73,10,1,3,4,cyclic_2_1,cyclic_64_1,block_64_1,complete_1,complete_1,complete_1,pipeline_1,1,4.5,0.974243430386,False
workload_349.cpp,xczu7ev-ffvc1156-2-e,10,0.31328,116,4,17,16,20,cyclic_2_1,cyclic_64_1,block_64_1,complete_1,complete_1,complete_1,unroll_16,1,14.25,0.719447417873,False
workload_388.cpp,xczu7ev-ffvc1156-2-e,10,0.74264,72,4,1,2,5,cyclic_2_1,cyclic_64_1,block_64_1,complete_1,complete_1,complete_1,unroll_2,1,3,0.601339438387,False
workload_335.cpp,xczu7ev-ffvc1156-2-e,10,1.03488,161,4,1,10,13,cyclic_2_1,cyclic_64_1,block_64_1,complete_1,complete_1,complete_1,unroll_32,1,7,0.296984172298,False
workload_344.cpp,xczu7ev-ffvc1156-2-e,10,0.26184,343,4,71,60,64,cyclic_2_1,cyclic_64_1,block_64_1,complete_1,complete_1,complete_1,unroll_64,1,49.75,0.207875218782,False
workload_452.cpp,xczu7ev-ffvc1156-2-e,10,0.38936,89,4,6,5,10,cyclic_2_1,cyclic_64_1,block_64_1,complete_1,complete_1,complete_1,unroll_8,2,6.25,0.736901320794,False
workload_556.cpp,xczu7ev-ffvc1156-2-e,10,1.07608,106.5,4,1,3,7,cyclic_2_1,cyclic_64_1,cyclic_128_1,complete_1,complete_1,complete_1,unroll_16,2,3.75,0.26896241465,False
workload_399.cpp,xczu7ev-ffvc1156-2-e,10,0.22627,68,11,1,2,3,cyclic_2_1,cyclic_64_1,cyclic_2_1,complete_1,complete_1,complete_1,pipeline_1,2,4.25,0.98727084305,False
workload_644.cpp,xczu7ev-ffvc1156-2-e,10,0.30296,92,4,14,8,13,cyclic_2_1,cyclic_64_1,cyclic_2_1,complete_1,complete_1,complete_1,unroll_16,3,9.75,0.809659253722,False
workload_144.cpp,xczu7ev-ffvc1156-2-e,10,1.02456,128,4,1,2,6,cyclic_2_1,cyclic_64_1,cyclic_2_1,complete_1,complete_1,complete_1,unroll_32,3,3.25,0.309389996456,False
workload_351.cpp,xczu7ev-ffvc1156-2-e,10,0.25288,236.5,4,69,30,50,cyclic_2_1,cyclic_64_1,cyclic_2_1,complete_1,complete_1,complete_1,unroll_64,4,38.25,0.333778710309,False
workload_768.cpp,xczu7ev-ffvc1156-2-e,10,0.37912,76,4,6,4,7,cyclic_2_1,cyclic_64_1,cyclic_2_1,complete_1,complete_1,complete_1,unroll_8,1,5.25,0.755475482469,False
workload_265.cpp,xczu7ev-ffvc1156-2-e,10,0.30296,93,5,15,8,13,cyclic_2_1,cyclic_64_1,cyclic_4_1,complete_1,complete_1,complete_1,unroll_16,1,10.25,0.800917743191,False
workload_503.cpp,xczu7ev-ffvc1156-2-e,10,0.25256,232.5,5,67,29,49,cyclic_2_1,cyclic_64_1,cyclic_4_1,complete_1,complete_1,complete_1,unroll_64,2,37.5,0.343648043006,False
workload_774.cpp,xczu7ev-ffvc1156-2-e,10,0.29288,232,5,31,43,40,cyclic_2_1,cyclic_8_1,block_128_1,complete_1,complete_1,complete_1,unroll_32,1,29.75,0.45222187761,False
workload_174.cpp,xczu7ev-ffvc1156-2-e,10,0.28568,125,6,27,12,21,cyclic_2_1,cyclic_8_1,block_4_1,complete_1,complete_1,complete_1,unroll_32,3,16.5,0.691147933188,False
workload_641.cpp,xczu7ev-ffvc1156-2-e,10,0.26536,326,5,66,57,60,cyclic_2_1,cyclic_8_1,block_64_1,complete_1,complete_1,complete_1,unroll_64,1,47,0.233399300482,False
workload_407.cpp,xczu7ev-ffvc1156-2-e,10,0.38936,84.5,5,6,4,9,cyclic_2_1,cyclic_8_1,block_64_1,complete_1,complete_1,complete_1,unroll_8,2,6,0.738045393958,False
workload_791.cpp,xczu7ev-ffvc1156-2-e,10,0.7324,65,5,1,1,2,cyclic_2_1,cyclic_8_1,cyclic_2_1,complete_1,complete_1,complete_1,unroll_2,1,2.25,0.616916956728,False
workload_563.cpp,xczu7ev-ffvc1156-2-e,10,0.2548,219,6,61,26,45,cyclic_2_1,cyclic_8_1,cyclic_2_1,complete_1,complete_1,complete_1,unroll_64,1,34.5,0.384967762937,False
workload_649.cpp,xczu7ev-ffvc1156-2-e,10,0.7324,65,6,1,1,2,cyclic_2_1,cyclic_8_1,cyclic_4_1,complete_1,complete_1,complete_1,unroll_2,1,2.5,0.614597519599,False
workload_525.cpp,xczu7ev-ffvc1156-2-e,10,0.28248,125,6,26,12,21,cyclic_2_1,cyclic_8_1,cyclic_4_1,complete_1,complete_1,complete_1,unroll_32,1,16.25,0.697410755507,False
workload_731.cpp,xczu7ev-ffvc1156-2-e,10,0.2548,218,6,57,25,43,cyclic_2_1,cyclic_8_1,cyclic_4_1,complete_1,complete_1,complete_1,unroll_64,1,32.75,0.410628334952,False
workload_162.cpp,xczu7ev-ffvc1156-2-e,10,0.3132,91,6,15,7,13,cyclic_2_1,cyclic_8_1,cyclic_8_1,complete_1,complete_1,complete_1,unroll_16,1,10.25,0.791020435945,False
workload_222.cpp,xczu7ev-ffvc1156-2-e,10,1.08056,65,6,1,1,2,cyclic_2_1,cyclic_8_1,cyclic_8_1,complete_1,complete_1,complete_1,unroll_2,1,2.5,0.265923711605,False
workload_56.cpp,xczu7ev-ffvc1156-2-e,10,0.27747,72.5,48,1,1,3,cyclic_32_1,block_32_1,cyclic_2_1,complete_1,complete_1,complete_1,pipeline_1,2,13.25,0.760499850523,False
workload_110.cpp,xczu7ev-ffvc1156-2-e,10,0.27747,71,44,1,1,3,cyclic_32_1,block_8_1,cyclic_2_1,complete_1,complete_1,complete_1,pipeline_1,1,12.25,0.78111230832,False
workload_29.cpp,xczu7ev-ffvc1156-2-e,10,1.12152,83,12,1,2,6,cyclic_32_1,cyclic_128_1,block_32_1,complete_1,complete_1,complete_1,unroll_2,1,5.25,0.23623894922,False
workload_44.cpp,xczu7ev-ffvc1156-2-e,10,0.31384,139,12,37,16,28,cyclic_32_1,cyclic_2_1,cyclic_64_1,complete_1,complete_1,complete_1,unroll_32,1,23.25,0.554988683971,False
workload_28.cpp,xczu7ev-ffvc1156-2-e,10,0.31384,130.5,15,35,15,26,cyclic_32_1,cyclic_2_1,cyclic_8_1,complete_1,complete_1,complete_1,unroll_32,2,22.75,0.563720015823,False
workload_90.cpp,xczu7ev-ffvc1156-2-e,10,0.28771,75,48,1,2,5,cyclic_32_1,cyclic_32_1,cyclic_64_1,complete_1,complete_1,complete_1,pipeline_1,1,14,0.739988688328,False
workload_154.cpp,xczu7ev-ffvc1156-2-e,10,0.28771,70,46,1,1,3,cyclic_32_1,cyclic_4_1,cyclic_16_1,complete_1,complete_1,complete_1,pipeline_1,1,12.75,0.764991056252,False
workload_41.cpp,xczu7ev-ffvc1156-2-e,10,1.16248,78,7,1,2,5,cyclic_32_1,cyclic_64_1,cyclic_64_1,complete_1,complete_1,complete_1,unroll_2,1,3.75,0.211131322874,False
workload_15.cpp,xczu7ev-ffvc1156-2-e,10,1.11128,70,8,1,1,3,cyclic_32_1,cyclic_8_1,cyclic_2_1,complete_1,complete_1,complete_1,unroll_2,1,3.25,0.244088519541,False
workload_203.cpp,xczu7ev-ffvc1156-2-e,10,0.22627,77,12,1,3,4,cyclic_4_1,block_128_1,block_2_1,complete_1,complete_1,complete_1,pipeline_1,1,5,0.968347094619,False
workload_623.cpp,xczu7ev-ffvc1156-2-e,10,0.94312,2681,5,4,5,15,cyclic_4_1,block_128_1,block_2_1,complete_1,complete_1,complete_1,unroll_64,1,7.25,0.374529916121,False
workload_228.cpp,xczu7ev-ffvc1156-2-e,10,0.23651,78.5,12,1,4,5,cyclic_4_1,block_128_1,block_64_1,complete_1,complete_1,complete_1,pipeline_1,4,5.5,0.952630449972,False
workload_236.cpp,xczu7ev-ffvc1156-2-e,10,0.99808,315.5,4,1,11,15,cyclic_4_1,block_128_1,block_64_1,complete_1,complete_1,complete_1,unroll_16,2,7.75,0.325207814576,False
workload_431.cpp,xczu7ev-ffvc1156-2-e,10,1.01632,1037,4,1,11,17,cyclic_4_1,block_128_1,block_64_1,complete_1,complete_1,complete_1,unroll_32,1,8.25,0.309082792147,False
workload_93.cpp,xczu7ev-ffvc1156-2-e,10,0.23651,75,14,1,3,5,cyclic_4_1,block_128_1,cyclic_16_1,complete_1,complete_1,complete_1,pipeline_1,1,5.75,0.946801960462,False
workload_704.cpp,xczu7ev-ffvc1156-2-e,10,0.98776,259,4,1,3,9,cyclic_4_1,block_128_1,cyclic_2_1,complete_1,complete_1,complete_1,unroll_16,1,4.25,0.340092979537,False
workload_659.cpp,xczu7ev-ffvc1156-2-e,10,0.37528,95.5,5,4,4,13,cyclic_4_1,block_128_1,cyclic_2_1,complete_1,complete_1,complete_1,unroll_8,2,6.5,0.755336078087,False
workload_687.cpp,xczu7ev-ffvc1156-2-e,10,0.98776,282,5,1,3,9,cyclic_4_1,block_128_1,cyclic_4_1,complete_1,complete_1,complete_1,unroll_16,1,4.5,0.33984550581,False
workload_624.cpp,xczu7ev-ffvc1156-2-e,10,1.01512,3259,5,1,3,11,cyclic_4_1,block_128_1,cyclic_4_1,complete_1,complete_1,complete_1,unroll_64,1,5,0.315928771083,False
workload_793.cpp,xczu7ev-ffvc1156-2-e,10,0.37528,97,5,4,4,13,cyclic_4_1,block_128_1,cyclic_4_1,complete_1,complete_1,complete_1,unroll_8,1,6.5,0.755336078087,False
workload_35.cpp,xczu7ev-ffvc1156-2-e,10,1.03608,141,4,1,3,8,cyclic_4_1,block_2_1,cyclic_128_1,complete_1,complete_1,complete_1,unroll_32,2,4,0.299666479135,False
workload_107.cpp,xczu7ev-ffvc1156-2-e,10,0.23651,71,17,1,2,3,cyclic_4_1,block_32_1,block_64_1,complete_1,complete_1,complete_1,pipeline_1,1,5.75,0.946801960462,False
workload_195.cpp,xczu7ev-ffvc1156-2-e,10,0.31064,97,16,12,6,14,cyclic_4_1,block_32_1,cyclic_8_1,complete_1,complete_1,complete_1,unroll_16,1,12,0.762778968787,False
workload_277.cpp,xczu7ev-ffvc1156-2-e,10,1.0254,1487,4,1,11,33,cyclic_4_1,block_64_1,block_128_1,complete_1,complete_1,complete_1,unroll_64,1,12.25,0.289774182314,False
workload_445.cpp,xczu7ev-ffvc1156-2-e,10,0.22627,68,12,1,2,3,cyclic_4_1,block_64_1,block_2_1,complete_1,complete_1,complete_1,pipeline_1,1,4.5,0.980940261974,False
workload_750.cpp,xczu7ev-ffvc1156-2-e,10,0.3004,112,5,12,7,17,cyclic_4_1,block_64_1,block_2_1,complete_1,complete_1,complete_1,unroll_16,1,10.25,0.803284484834,False
workload_677.cpp,xczu7ev-ffvc1156-2-e,10,0.66232,232,5,12,7,18,cyclic_4_1,block_64_1,block_2_1,complete_1,complete_1,complete_1,unroll_32,1,10.5,0.564961222131,False
workload_753.cpp,xczu7ev-ffvc1156-2-e,10,0.84328,1010,5,12,7,19,cyclic_4_1,block_64_1,block_2_1,complete_1,complete_1,complete_1,unroll_64,1,10.75,0.447852230655,False
workload_727.cpp,xczu7ev-ffvc1156-2-e,10,0.23651,73,12,1,3,4,cyclic_4_1,block_64_1,block_64_1,complete_1,complete_1,complete_1,pipeline_1,1,5,0.963956513243,False
workload_496.cpp,xczu7ev-ffvc1156-2-e,10,0.31072,138,4,13,15,23,cyclic_4_1,block_64_1,block_64_1,complete_1,complete_1,complete_1,unroll_16,1,13.75,0.730516895293,False
workload_532.cpp,xczu7ev-ffvc1156-2-e,10,1.02544,1497,4,1,11,21,cyclic_4_1,block_64_1,block_64_1,complete_1,complete_1,complete_1,unroll_64,1,9.25,0.299309171931,False
workload_714.cpp,xczu7ev-ffvc1156-2-e,10,0.3004,105,5,12,7,17,cyclic_4_1,block_64_1,cyclic_2_1,complete_1,complete_1,complete_1,unroll_16,1,10.25,0.803284484834,False
workload_603.cpp,xczu7ev-ffvc1156-2-e,10,1.006,322,4,1,2,8,cyclic_4_1,block_64_1,cyclic_2_1,complete_1,complete_1,complete_1,unroll_32,1,3.75,0.324696391701,False
workload_757.cpp,xczu7ev-ffvc1156-2-e,10,1.01512,1439,4,1,2,10,cyclic_4_1,block_64_1,cyclic_2_1,complete_1,complete_1,complete_1,unroll_64,1,4.25,0.316652686236,False
workload_186.cpp,xczu7ev-ffvc1156-2-e,10,1.006,327,5,1,2,8,cyclic_4_1,block_64_1,cyclic_4_1,complete_1,complete_1,complete_1,unroll_32,1,4,0.324529871559,False
workload_678.cpp,xczu7ev-ffvc1156-2-e,10,1.01512,1410,5,1,2,10,cyclic_4_1,block_64_1,cyclic_4_1,complete_1,complete_1,complete_1,unroll_64,1,4.5,0.316438813909,False
workload_77.cpp,xczu7ev-ffvc1156-2-e,10,0.23651,72,12,1,3,4,cyclic_4_1,block_64_1,cyclic_64_1,complete_1,complete_1,complete_1,pipeline_1,1,5,0.963956513243,False
workload_105.cpp,xczu7ev-ffvc1156-2-e,10,0.22627,66,13,1,1,2,cyclic_4_1,block_8_1,block_2_1,complete_1,complete_1,complete_1,pipeline_1,1,4.25,0.98727084305,False
workload_171.cpp,xczu7ev-ffvc1156-2-e,10,0.7324,65,7,1,1,2,cyclic_4_1,block_8_1,block_2_1,complete_1,complete_1,complete_1,unroll_2,1,2.75,0.61226553212,False
workload_240.cpp,xczu7ev-ffvc1156-2-e,10,0.22627,66,14,1,1,2,cyclic_4_1,block_8_1,cyclic_4_1,complete_1,complete_1,complete_1,pipeline_1,1,4.5,0.980940261974,False
workload_161.cpp,xczu7ev-ffvc1156-2-e,10,0.3004,91,8,12,6,11,cyclic_4_1,block_8_1,cyclic_4_1,complete_1,complete_1,complete_1,unroll_16,1,9.25,0.820790716267,False
workload_251.cpp,xczu7ev-ffvc1156-2-e,10,0.7324,65,7,1,1,2,cyclic_4_1,block_8_1,cyclic_4_1,complete_1,complete_1,complete_1,unroll_2,1,2.75,0.61226553212,False
workload_134.cpp,xczu7ev-ffvc1156-2-e,10,0.23651,70,13,1,2,3,cyclic_4_1,block_8_1,cyclic_64_1,complete_1,complete_1,complete_1,pipeline_1,1,4.75,0.969304296906,False
workload_219.cpp,xczu7ev-ffvc1156-2-e,10,1.0244,237,4,1,3,9,cyclic_4_1,cyclic_128_1,block_2_1,complete_1,complete_1,complete_1,unroll_64,1,4.25,0.308971880299,False
workload_642.cpp,xczu7ev-ffvc1156-2-e,10,1.0244,230,4,1,3,8,cyclic_4_1,cyclic_128_1,cyclic_2_1,complete_1,complete_1,complete_1,unroll_64,1,4,0.30914926714,False
workload_250.cpp,xczu7ev-ffvc1156-2-e,10,0.26104,487,7,63,85,71,cyclic_4_1,cyclic_16_1,block_128_1,complete_1,complete_1,complete_1,unroll_64,1,56.5,0.156496226198,False
workload_771.cpp,xczu7ev-ffvc1156-2-e,10,0.25912,127,7,33,14,25,cyclic_4_1,cyclic_16_1,cyclic_2_1,complete_1,complete_1,complete_1,unroll_32,1,19.75,0.634676107861,False
workload_711.cpp,xczu7ev-ffvc1156-2-e,10,0.24888,221,8,56,25,42,cyclic_4_1,cyclic_16_1,cyclic_4_1,complete_1,complete_1,complete_1,unroll_64,1,32.75,0.410977967329,False
workload_5.cpp,xczu7ev-ffvc1156-2-e,10,1.04088,82,7,1,2,4,cyclic_4_1,cyclic_16_1,cyclic_64_1,complete_1,complete_1,complete_1,unroll_8,1,3.5,0.296084704667,False
workload_376.cpp,xczu7ev-ffvc1156-2-e,10,0.23651,74,12,1,3,4,cyclic_4_1,cyclic_2_1,block_128_1,complete_1,complete_1,complete_1,pipeline_1,1,5,0.963956513243,False
workload_365.cpp,xczu7ev-ffvc1156-2-e,10,0.30816,132,4,9,20,21,cyclic_4_1,cyclic_2_1,block_128_1,complete_1,complete_1,complete_1,unroll_16,2,13.5,0.736987450218,False
workload_393.cpp,xczu7ev-ffvc1156-2-e,10,0.74264,76,4,1,2,5,cyclic_4_1,cyclic_2_1,block_128_1,complete_1,complete_1,complete_1,unroll_2,1,3,0.601339438387,False
workload_299.cpp,xczu7ev-ffvc1156-2-e,10,0.26232,440,4,40,76,58,cyclic_4_1,cyclic_2_1,block_128_1,complete_1,complete_1,complete_1,unroll_64,3,44.5,0.259205578263,False
workload_435.cpp,xczu7ev-ffvc1156-2-e,10,0.22627,65,12,1,1,2,cyclic_4_1,cyclic_2_1,block_2_1,complete_1,complete_1,complete_1,pipeline_1,3,4,0.993624089059,False
workload_273.cpp,xczu7ev-ffvc1156-2-e,10,0.29784,86.5,5,8,4,8,cyclic_4_1,cyclic_2_1,block_2_1,complete_1,complete_1,complete_1,unroll_16,6,6.25,0.86736170247,False
workload_200.cpp,xczu7ev-ffvc1156-2-e,10,0.7324,67,5,1,1,2,cyclic_4_1,cyclic_2_1,block_2_1,complete_1,complete_1,complete_1,unroll_2,3,2.25,0.616916956728,False
workload_390.cpp,xczu7ev-ffvc1156-2-e,10,0.26712,116,5,17,8,15,cyclic_4_1,cyclic_2_1,block_2_1,complete_1,complete_1,complete_1,unroll_32,3,11.25,0.807626823281,False
workload_408.cpp,xczu7ev-ffvc1156-2-e,10,0.25176,194,5,36,16,31,cyclic_4_1,cyclic_2_1,block_2_1,complete_1,complete_1,complete_1,unroll_64,2,22,0.592620297029,False
workload_402.cpp,xczu7ev-ffvc1156-2-e,10,0.23651,66,17,1,1,2,cyclic_4_1,cyclic_2_1,block_32_1,complete_1,complete_1,complete_1,pipeline_1,1,5.25,0.958367144652,False
workload_443.cpp,xczu7ev-ffvc1156-2-e,10,0.22627,64,13,1,1,2,cyclic_4_1,cyclic_2_1,block_4_1,complete_1,complete_1,complete_1,pipeline_1,3,4.25,0.98727084305,False
workload_165.cpp,xczu7ev-ffvc1156-2-e,10,0.26712,117,6,16,8,15,cyclic_4_1,cyclic_2_1,block_4_1,complete_1,complete_1,complete_1,unroll_32,2,11.25,0.807626823281,False
workload_792.cpp,xczu7ev-ffvc1156-2-e,10,0.25176,198,6,36,16,31,cyclic_4_1,cyclic_2_1,block_4_1,complete_1,complete_1,complete_1,unroll_64,1,22.25,0.587926217407,False
workload_359.cpp,xczu7ev-ffvc1156-2-e,10,0.374,74,6,4,2,5,cyclic_4_1,cyclic_2_1,block_4_1,complete_1,complete_1,complete_1,unroll_8,1,4.25,0.765085374725,False
workload_721.cpp,xczu7ev-ffvc1156-2-e,10,0.23651,71,12,1,2,3,cyclic_4_1,cyclic_2_1,block_64_1,complete_1,complete_1,complete_1,pipeline_1,1,4.5,0.974243430386,False
workload_468.cpp,xczu7ev-ffvc1156-2-e,10,0.30816,107,4,9,12,14,cyclic_4_1,cyclic_2_1,block_64_1,complete_1,complete_1,complete_1,unroll_16,3,9.75,0.804447930052,False
workload_326.cpp,xczu7ev-ffvc1156-2-e,10,0.74264,73,4,1,2,3,cyclic_4_1,cyclic_2_1,block_64_1,complete_1,complete_1,complete_1,unroll_2,3,2.5,0.604678863704,False
workload_355.cpp,xczu7ev-ffvc1156-2-e,10,0.27752,159,4,19,24,25,cyclic_4_1,cyclic_2_1,block_64_1,complete_1,complete_1,complete_1,unroll_32,3,18,0.664499509428,False
workload_410.cpp,xczu7ev-ffvc1156-2-e,10,0.26232,289.5,4,40,47,45,cyclic_4_1,cyclic_2_1,block_64_1,complete_1,complete_1,complete_1,unroll_64,6,34,0.391666436699,False
workload_459.cpp,xczu7ev-ffvc1156-2-e,10,0.38424,84,4,4,3,8,cyclic_4_1,cyclic_2_1,block_64_1,complete_1,complete_1,complete_1,unroll_8,3,4.75,0.749384413005,False
workload_625.cpp,xczu7ev-ffvc1156-2-e,10,0.23651,72,12,1,3,4,cyclic_4_1,cyclic_2_1,cyclic_128_1,complete_1,complete_1,complete_1,pipeline_1,1,5,0.963956513243,False
workload_539.cpp,xczu7ev-ffvc1156-2-e,10,0.98968,99,4,1,3,5,cyclic_4_1,cyclic_2_1,cyclic_128_1,complete_1,complete_1,complete_1,unroll_16,2,3.25,0.339075131444,False
workload_620.cpp,xczu7ev-ffvc1156-2-e,10,0.98648,130,4,1,3,6,cyclic_4_1,cyclic_2_1,cyclic_128_1,complete_1,complete_1,complete_1,unroll_32,1,3.5,0.341775201079,False
workload_783.cpp,xczu7ev-ffvc1156-2-e,10,0.262,215,4,42,20,35,cyclic_4_1,cyclic_2_1,cyclic_128_1,complete_1,complete_1,complete_1,unroll_64,1,25.25,0.532166921013,False
workload_583.cpp,xczu7ev-ffvc1156-2-e,10,0.99608,84,4,1,2,4,cyclic_4_1,cyclic_2_1,cyclic_128_1,complete_1,complete_1,complete_1,unroll_8,1,2.75,0.333618518048,False
workload_30.cpp,xczu7ev-ffvc1156-2-e,10,0.23651,68,15,1,1,2,cyclic_4_1,cyclic_2_1,cyclic_16_1,complete_1,complete_1,complete_1,pipeline_1,1,4.75,0.969304296906,False
workload_130.cpp,xczu7ev-ffvc1156-2-e,10,0.74264,66,7,1,1,2,cyclic_4_1,cyclic_2_1,cyclic_16_1,complete_1,complete_1,complete_1,unroll_2,1,2.75,0.60315345202,False
workload_506.cpp,xczu7ev-ffvc1156-2-e,10,0.22627,64,12,1,1,2,cyclic_4_1,cyclic_2_1,cyclic_2_1,complete_1,complete_1,complete_1,pipeline_1,1,4,0.993624089059,False
workload_541.cpp,xczu7ev-ffvc1156-2-e,10,0.29784,85,5,8,4,8,cyclic_4_1,cyclic_2_1,cyclic_2_1,complete_1,complete_1,complete_1,unroll_16,5,6.25,0.86736170247,False
workload_582.cpp,xczu7ev-ffvc1156-2-e,10,0.7324,65,5,1,1,2,cyclic_4_1,cyclic_2_1,cyclic_2_1,complete_1,complete_1,complete_1,unroll_2,1,2.25,0.616916956728,False
workload_483.cpp,xczu7ev-ffvc1156-2-e,10,0.26712,115,5,16,8,15,cyclic_4_1,cyclic_2_1,cyclic_2_1,complete_1,complete_1,complete_1,unroll_32,4,11,0.812947901535,False
workload_530.cpp,xczu7ev-ffvc1156-2-e,10,0.25176,192.5,5,33,16,30,cyclic_4_1,cyclic_2_1,cyclic_2_1,complete_1,complete_1,complete_1,unroll_64,6,21,0.611615409399,False
workload_432.cpp,xczu7ev-ffvc1156-2-e,10,0.374,74,5,4,2,5,cyclic_4_1,cyclic_2_1,cyclic_2_1,complete_1,complete_1,complete_1,unroll_8,6,4,0.765293712101,False
workload_156.cpp,xczu7ev-ffvc1156-2-e,10,0.22627,65.5,13,1,1,2,cyclic_4_1,cyclic_2_1,cyclic_4_1,complete_1,complete_1,complete_1,pipeline_1,4,4.25,0.98727084305,False
workload_405.cpp,xczu7ev-ffvc1156-2-e,10,0.29784,86,6,9,4,8,cyclic_4_1,cyclic_2_1,cyclic_4_1,complete_1,complete_1,complete_1,unroll_16,3,6.75,0.861499496477,False
workload_300.cpp,xczu7ev-ffvc1156-2-e,10,0.7324,66,5,1,1,2,cyclic_4_1,cyclic_2_1,cyclic_4_1,complete_1,complete_1,complete_1,unroll_2,4,2.25,0.616916956728,False
workload_159.cpp,xczu7ev-ffvc1156-2-e,10,0.26712,116,6,17,8,15,cyclic_4_1,cyclic_2_1,cyclic_4_1,complete_1,complete_1,complete_1,unroll_32,3,11.5,0.802304971006,False
workload_470.cpp,xczu7ev-ffvc1156-2-e,10,0.25176,191,6,34,16,29,cyclic_4_1,cyclic_2_1,cyclic_4_1,complete_1,complete_1,complete_1,unroll_64,3,21.25,0.606833878937,False
workload_598.cpp,xczu7ev-ffvc1156-2-e,10,0.374,74,5,4,2,5,cyclic_4_1,cyclic_2_1,cyclic_4_1,complete_1,complete_1,complete_1,unroll_8,1,4,0.765293712101,False
workload_206.cpp,xczu7ev-ffvc1156-2-e,10,0.30808,88,6,9,4,8,cyclic_4_1,cyclic_2_1,cyclic_8_1,complete_1,complete_1,complete_1,unroll_16,1,6.75,0.847683242721,False
workload_189.cpp,xczu7ev-ffvc1156-2-e,10,0.25736,501,9,67,87,74,cyclic_4_1,cyclic_32_1,block_128_1,complete_1,complete_1,complete_1,unroll_64,1,59.25,0.140330546263,False
workload_285.cpp,xczu7ev-ffvc1156-2-e,10,0.25896,254,14,67,35,52,cyclic_4_1,cyclic_32_1,block_16_1,complete_1,complete_1,complete_1,unroll_64,1,42,0.287305698947,False
workload_302.cpp,xczu7ev-ffvc1156-2-e,10,0.25912,129,10,32,14,25,cyclic_4_1,cyclic_32_1,block_2_1,complete_1,complete_1,complete_1,unroll_32,1,20.25,0.624963169583,False
workload_87.cpp,xczu7ev-ffvc1156-2-e,10,0.2468,228,10,63,27,46,cyclic_4_1,cyclic_32_1,block_2_1,complete_1,complete_1,complete_1,unroll_64,1,36.5,0.357354690251,False
workload_720.cpp,xczu7ev-ffvc1156-2-e,10,0.25736,333,9,67,57,61,cyclic_4_1,cyclic_32_1,block_64_1,complete_1,complete_1,complete_1,unroll_64,1,48.5,0.219337759727,False
workload_381.cpp,xczu7ev-ffvc1156-2-e,10,0.38424,85,9,5,4,9,cyclic_4_1,cyclic_32_1,block_64_1,complete_1,complete_1,complete_1,unroll_8,1,6.75,0.741366348792,False
workload_274.cpp,xczu7ev-ffvc1156-2-e,10,0.2468,225,10,61,26,45,cyclic_4_1,cyclic_32_1,cyclic_4_1,complete_1,complete_1,complete_1,unroll_64,1,35.5,0.371185448641,False
workload_10.cpp,xczu7ev-ffvc1156-2-e,10,0.23651,71,17,1,2,3,cyclic_4_1,cyclic_32_1,cyclic_64_1,complete_1,complete_1,complete_1,pipeline_1,1,5.75,0.946801960462,False
workload_347.cpp,xczu7ev-ffvc1156-2-e,10,0.26984,223,5,29,42,39,cyclic_4_1,cyclic_4_1,block_128_1,complete_1,complete_1,complete_1,unroll_32,2,28.75,0.471818098658,False
workload_478.cpp,xczu7ev-ffvc1156-2-e,10,0.22627,65,13,1,1,2,cyclic_4_1,cyclic_4_1,block_2_1,complete_1,complete_1,complete_1,pipeline_1,3,4.25,0.98727084305,False
workload_356.cpp,xczu7ev-ffvc1156-2-e,10,0.29656,89,5,12,6,11,cyclic_4_1,cyclic_4_1,block_2_1,complete_1,complete_1,complete_1,unroll_16,3,8.5,0.837387784999,False
workload_137.cpp,xczu7ev-ffvc1156-2-e,10,0.25944,123.5,5,26,12,21,cyclic_4_1,cyclic_4_1,block_2_1,complete_1,complete_1,complete_1,unroll_32,2,16,0.7100395223,False
workload_373.cpp,xczu7ev-ffvc1156-2-e,10,0.246,210,5,52,22,40,cyclic_4_1,cyclic_4_1,block_2_1,complete_1,complete_1,complete_1,unroll_64,2,29.75,0.457759863659,False
workload_782.cpp,xczu7ev-ffvc1156-2-e,10,0.29656,87,6,12,6,11,cyclic_4_1,cyclic_4_1,block_4_1,complete_1,complete_1,complete_1,unroll_16,1,8.75,0.833231420169,False
workload_632.cpp,xczu7ev-ffvc1156-2-e,10,0.25944,124,6,26,12,21,cyclic_4_1,cyclic_4_1,block_4_1,complete_1,complete_1,complete_1,unroll_32,1,16.25,0.704874341384,False
workload_307.cpp,xczu7ev-ffvc1156-2-e,10,0.246,215,6,52,22,40,cyclic_4_1,cyclic_4_1,block_4_1,complete_1,complete_1,complete_1,unroll_64,1,30,0.453749230835,False
workload_495.cpp,xczu7ev-ffvc1156-2-e,10,0.30688,112,5,13,14,16,cyclic_4_1,cyclic_4_1,block_64_1,complete_1,complete_1,complete_1,unroll_16,1,12,0.765844948344,False
workload_289.cpp,xczu7ev-ffvc1156-2-e,10,0.26984,165,5,29,27,31,cyclic_4_1,cyclic_4_1,block_64_1,complete_1,complete_1,complete_1,unroll_32,3,23,0.571312560787,False
workload_417.cpp,xczu7ev-ffvc1156-2-e,10,0.25656,305,5,55,53,54,cyclic_4_1,cyclic_4_1,block_64_1,complete_1,complete_1,complete_1,unroll_64,4,41.75,0.290330329595,False
workload_480.cpp,xczu7ev-ffvc1156-2-e,10,0.38424,85,5,5,3,8,cyclic_4_1,cyclic_4_1,block_64_1,complete_1,complete_1,complete_1,unroll_8,1,5.25,0.748109903628,False
workload_724.cpp,xczu7ev-ffvc1156-2-e,10,0.25624,221,5,50,24,41,cyclic_4_1,cyclic_4_1,cyclic_128_1,complete_1,complete_1,complete_1,unroll_64,1,30,0.453057072698,False
workload_516.cpp,xczu7ev-ffvc1156-2-e,10,0.22627,65,13,1,1,2,cyclic_4_1,cyclic_4_1,cyclic_2_1,complete_1,complete_1,complete_1,pipeline_1,2,4.25,0.98727084305,False
workload_324.cpp,xczu7ev-ffvc1156-2-e,10,0.29656,88,5,12,6,10,cyclic_4_1,cyclic_4_1,cyclic_2_1,complete_1,complete_1,complete_1,unroll_16,5,8.25,0.841448547308,False
workload_517.cpp,xczu7ev-ffvc1156-2-e,10,1.02936,66,5,1,1,2,cyclic_4_1,cyclic_4_1,cyclic_2_1,complete_1,complete_1,complete_1,unroll_2,1,2.25,0.305574958927,False
workload_490.cpp,xczu7ev-ffvc1156-2-e,10,0.25944,120,5,25,11,20,cyclic_4_1,cyclic_4_1,cyclic_2_1,complete_1,complete_1,complete_1,unroll_32,3,15.25,0.725645601574,False
workload_522.cpp,xczu7ev-ffvc1156-2-e,10,0.246,202,5,47,21,37,cyclic_4_1,cyclic_4_1,cyclic_2_1,complete_1,complete_1,complete_1,unroll_64,6,27.5,0.494867800211,False
workload_473.cpp,xczu7ev-ffvc1156-2-e,10,0.374,74,5,5,3,5,cyclic_4_1,cyclic_4_1,cyclic_2_1,complete_1,complete_1,complete_1,unroll_8,3,4.5,0.764738661486,False
workload_682.cpp,xczu7ev-ffvc1156-2-e,10,0.22627,64,13,1,1,2,cyclic_4_1,cyclic_4_1,cyclic_4_1,complete_1,complete_1,complete_1,pipeline_1,1,4.25,0.98727084305,False
workload_761.cpp,xczu7ev-ffvc1156-2-e,10,0.29656,90,5,12,6,10,cyclic_4_1,cyclic_4_1,cyclic_4_1,complete_1,complete_1,complete_1,unroll_16,4,8.25,0.841448547308,False
workload_460.cpp,xczu7ev-ffvc1156-2-e,10,0.25944,120.5,6,24,11,19,cyclic_4_1,cyclic_4_1,cyclic_4_1,complete_1,complete_1,complete_1,unroll_32,4,15,0.730883564325,False
workload_364.cpp,xczu7ev-ffvc1156-2-e,10,0.246,203,6,46,21,37,cyclic_4_1,cyclic_4_1,cyclic_4_1,complete_1,complete_1,complete_1,unroll_64,4,27.5,0.494867800211,False
workload_588.cpp,xczu7ev-ffvc1156-2-e,10,0.374,73,5,5,3,5,cyclic_4_1,cyclic_4_1,cyclic_4_1,complete_1,complete_1,complete_1,unroll_8,1,4.5,0.764738661486,False
workload_491.cpp,xczu7ev-ffvc1156-2-e,10,0.3068,89,7,13,6,11,cyclic_4_1,cyclic_4_1,cyclic_8_1,complete_1,complete_1,complete_1,unroll_16,1,9.25,0.814107824217,False
workload_252.cpp,xczu7ev-ffvc1156-2-e,10,0.30752,142,4,15,24,26,cyclic_4_1,cyclic_64_1,block_128_1,complete_1,complete_1,complete_1,unroll_16,1,17.25,0.666612750475,False
workload_223.cpp,xczu7ev-ffvc1156-2-e,10,0.25736,509,4,67,88,74,cyclic_4_1,cyclic_64_1,block_128_1,complete_1,complete_1,complete_1,unroll_64,3,58.25,0.145916154852,False
workload_321.cpp,xczu7ev-ffvc1156-2-e,10,0.2972,93.5,5,14,7,13,cyclic_4_1,cyclic_64_1,block_2_1,complete_1,complete_1,complete_1,unroll_16,2,9.75,0.815218024801,False
workload_292.cpp,xczu7ev-ffvc1156-2-e,10,1.02456,128,4,1,2,6,cyclic_4_1,cyclic_64_1,block_2_1,complete_1,complete_1,complete_1,unroll_32,1,3.25,0.309389996456,False
workload_24.cpp,xczu7ev-ffvc1156-2-e,10,0.24808,230,5,63,28,46,cyclic_4_1,cyclic_64_1,block_2_1,complete_1,complete_1,complete_1,unroll_64,3,35.5,0.371132011256,False
workload_360.cpp,xczu7ev-ffvc1156-2-e,10,0.374,79,5,5,4,7,cyclic_4_1,cyclic_64_1,block_2_1,complete_1,complete_1,complete_1,unroll_8,1,5.25,0.762877426565,False
workload_378.cpp,xczu7ev-ffvc1156-2-e,10,0.22627,67,12,1,2,3,cyclic_4_1,cyclic_64_1,block_4_1,complete_1,complete_1,complete_1,pipeline_1,1,4.5,0.980940261974,False
workload_259.cpp,xczu7ev-ffvc1156-2-e,10,0.7324,68,5,1,2,3,cyclic_4_1,cyclic_64_1,block_4_1,complete_1,complete_1,complete_1,unroll_2,1,2.75,0.61226553212,False
workload_229.cpp,xczu7ev-ffvc1156-2-e,10,0.2468,242,5,63,28,47,cyclic_4_1,cyclic_64_1,block_4_1,complete_1,complete_1,complete_1,unroll_64,1,35.75,0.36769389687,False
workload_434.cpp,xczu7ev-ffvc1156-2-e,10,0.30752,116,4,15,16,19,cyclic_4_1,cyclic_64_1,block_64_1,complete_1,complete_1,complete_1,unroll_16,1,13.5,0.737436427486,False
workload_290.cpp,xczu7ev-ffvc1156-2-e,10,1.03488,160,4,1,10,13,cyclic_4_1,cyclic_64_1,block_64_1,complete_1,complete_1,complete_1,unroll_32,2,7,0.296984172298,False
workload_348.cpp,xczu7ev-ffvc1156-2-e,10,0.25736,343.5,4,67,58,61,cyclic_4_1,cyclic_64_1,block_64_1,complete_1,complete_1,complete_1,unroll_64,2,47.5,0.228811821392,False
workload_269.cpp,xczu7ev-ffvc1156-2-e,10,0.38424,87.5,4,5,4,9,cyclic_4_1,cyclic_64_1,block_64_1,complete_1,complete_1,complete_1,unroll_8,4,5.5,0.747285891022,False
workload_97.cpp,xczu7ev-ffvc1156-2-e,10,0.23651,71,14,1,2,3,cyclic_4_1,cyclic_64_1,cyclic_16_1,complete_1,complete_1,complete_1,pipeline_1,1,5,0.963956513243,False
workload_287.cpp,xczu7ev-ffvc1156-2-e,10,0.2972,93,5,14,7,13,cyclic_4_1,cyclic_64_1,cyclic_2_1,complete_1,complete_1,complete_1,unroll_16,2,9.75,0.815218024801,False
workload_657.cpp,xczu7ev-ffvc1156-2-e,10,1.02456,127,4,1,2,6,cyclic_4_1,cyclic_64_1,cyclic_2_1,complete_1,complete_1,complete_1,unroll_32,1,3.25,0.309389996456,False
workload_446.cpp,xczu7ev-ffvc1156-2-e,10,0.2468,228,5,62,28,46,cyclic_4_1,cyclic_64_1,cyclic_2_1,complete_1,complete_1,complete_1,unroll_64,3,35.25,0.374699571623,False
workload_707.cpp,xczu7ev-ffvc1156-2-e,10,0.2972,92,5,14,7,13,cyclic_4_1,cyclic_64_1,cyclic_4_1,complete_1,complete_1,complete_1,unroll_16,1,9.75,0.815218024801,False
workload_572.cpp,xczu7ev-ffvc1156-2-e,10,0.2468,227,5,61,27,45,cyclic_4_1,cyclic_64_1,cyclic_4_1,complete_1,complete_1,complete_1,unroll_64,2,34.5,0.385377345025,False
workload_681.cpp,xczu7ev-ffvc1156-2-e,10,0.25512,461,5,62,84,71,cyclic_4_1,cyclic_8_1,block_128_1,complete_1,complete_1,complete_1,unroll_64,1,55.5,0.163182018721,False
workload_241.cpp,xczu7ev-ffvc1156-2-e,10,0.2972,90.5,6,14,6,12,cyclic_4_1,cyclic_8_1,block_2_1,complete_1,complete_1,complete_1,unroll_16,4,9.5,0.819655434669,False
workload_235.cpp,xczu7ev-ffvc1156-2-e,10,0.7324,65.5,6,1,1,2,cyclic_4_1,cyclic_8_1,block_2_1,complete_1,complete_1,complete_1,unroll_2,2,2.5,0.614597519599,False
workload_580.cpp,xczu7ev-ffvc1156-2-e,10,0.24456,221,6,60,25,44,cyclic_4_1,cyclic_8_1,block_2_1,complete_1,complete_1,complete_1,unroll_64,1,33.75,0.396353036114,False
workload_433.cpp,xczu7ev-ffvc1156-2-e,10,0.374,75,6,5,3,5,cyclic_4_1,cyclic_8_1,block_2_1,complete_1,complete_1,complete_1,unroll_8,1,4.75,0.764254340801,False
workload_477.cpp,xczu7ev-ffvc1156-2-e,10,0.2972,92,7,14,6,12,cyclic_4_1,cyclic_8_1,block_4_1,complete_1,complete_1,complete_1,unroll_16,1,9.75,0.815218024801,False
workload_387.cpp,xczu7ev-ffvc1156-2-e,10,0.25912,127,7,31,13,24,cyclic_4_1,cyclic_8_1,block_4_1,complete_1,complete_1,complete_1,unroll_32,3,18.75,0.654351286935,False
workload_640.cpp,xczu7ev-ffvc1156-2-e,10,0.23651,71,13,1,2,3,cyclic_4_1,cyclic_8_1,block_64_1,complete_1,complete_1,complete_1,pipeline_1,1,4.75,0.969304296906,False
workload_617.cpp,xczu7ev-ffvc1156-2-e,10,0.25512,320.5,5,62,55,58,cyclic_4_1,cyclic_8_1,block_64_1,complete_1,complete_1,complete_1,unroll_64,2,45,0.254154369452,False
workload_328.cpp,xczu7ev-ffvc1156-2-e,10,0.38424,85,5,5,3,8,cyclic_4_1,cyclic_8_1,block_64_1,complete_1,complete_1,complete_1,unroll_8,1,5.25,0.748109903628,False
workload_743.cpp,xczu7ev-ffvc1156-2-e,10,0.22627,64,13,1,1,2,cyclic_4_1,cyclic_8_1,cyclic_2_1,complete_1,complete_1,complete_1,pipeline_1,1,4.25,0.98727084305,False
workload_332.cpp,xczu7ev-ffvc1156-2-e,10,0.2972,89,6,15,7,12,cyclic_4_1,cyclic_8_1,cyclic_2_1,complete_1,complete_1,complete_1,unroll_16,2,10,0.810722961011,False
workload_630.cpp,xczu7ev-ffvc1156-2-e,10,0.25912,123.5,6,30,13,23,cyclic_4_1,cyclic_8_1,cyclic_2_1,complete_1,complete_1,complete_1,unroll_32,4,18,0.669322745401,False
workload_548.cpp,xczu7ev-ffvc1156-2-e,10,0.24456,212,6,55,24,41,cyclic_4_1,cyclic_8_1,cyclic_2_1,complete_1,complete_1,complete_1,unroll_64,3,31.5,0.430226481868,False
workload_766.cpp,xczu7ev-ffvc1156-2-e,10,0.374,73,6,6,3,5,cyclic_4_1,cyclic_8_1,cyclic_2_1,complete_1,complete_1,complete_1,unroll_8,1,5,0.763633478235,False
workload_568.cpp,xczu7ev-ffvc1156-2-e,10,0.22627,65,14,1,1,2,cyclic_4_1,cyclic_8_1,cyclic_4_1,complete_1,complete_1,complete_1,pipeline_1,2,4.5,0.980940261974,False
workload_488.cpp,xczu7ev-ffvc1156-2-e,10,0.2972,89.5,7,14,6,12,cyclic_4_1,cyclic_8_1,cyclic_4_1,complete_1,complete_1,complete_1,unroll_16,2,9.75,0.815218024801,False
workload_785.cpp,xczu7ev-ffvc1156-2-e,10,0.25912,125,7,28,12,22,cyclic_4_1,cyclic_8_1,cyclic_4_1,complete_1,complete_1,complete_1,unroll_32,1,17.25,0.684475003682,False
workload_406.cpp,xczu7ev-ffvc1156-2-e,10,0.24456,210,7,51,23,39,cyclic_4_1,cyclic_8_1,cyclic_4_1,complete_1,complete_1,complete_1,unroll_64,3,30,0.453823799192,False
workload_748.cpp,xczu7ev-ffvc1156-2-e,10,0.374,75,6,6,3,5,cyclic_4_1,cyclic_8_1,cyclic_4_1,complete_1,complete_1,complete_1,unroll_8,1,5,0.763633478235,False
workload_606.cpp,xczu7ev-ffvc1156-2-e,10,0.2548,209,7,50,23,39,cyclic_4_1,cyclic_8_1,cyclic_8_1,complete_1,complete_1,complete_1,unroll_64,1,29.75,0.457173320191,False
workload_46.cpp,xczu7ev-ffvc1156-2-e,10,0.28771,79,89,1,1,5,cyclic_64_1,block_16_1,block_16_1,complete_1,complete_1,complete_1,pipeline_1,1,24,0.54950924495,False
workload_13.cpp,xczu7ev-ffvc1156-2-e,10,1.12152,81,17,1,1,5,cyclic_64_1,block_16_1,block_16_1,complete_1,complete_1,complete_1,unroll_2,1,6,0.235608527383,False
workload_82.cpp,xczu7ev-ffvc1156-2-e,10,0.28771,91,84,1,3,6,cyclic_64_1,cyclic_4_1,block_128_1,complete_1,complete_1,complete_1,pipeline_1,1,23.5,0.55839614719,False
workload_673.cpp,xczu7ev-ffvc1156-2-e,10,0.40984,115,4,8,6,19,cyclic_8_1,block_128_1,block_64_1,complete_1,complete_1,complete_1,unroll_8,1,9.25,0.689206738888,False
workload_178.cpp,xczu7ev-ffvc1156-2-e,10,0.35928,89,9,10,5,10,cyclic_8_1,block_8_1,cyclic_16_1,complete_1,complete_1,complete_1,unroll_16,1,8.5,0.760864706454,False
workload_71.cpp,xczu7ev-ffvc1156-2-e,10,0.32184,128,9,26,12,22,cyclic_8_1,block_8_1,cyclic_16_1,complete_1,complete_1,complete_1,unroll_32,1,17.25,0.658859790746,False
workload_216.cpp,xczu7ev-ffvc1156-2-e,10,0.79896,65,7,1,1,2,cyclic_8_1,block_8_1,cyclic_4_1,complete_1,complete_1,complete_1,unroll_2,1,2.75,0.536192959042,False
workload_352.cpp,xczu7ev-ffvc1156-2-e,10,0.31064,465,4,57,83,68,cyclic_8_1,cyclic_2_1,block_128_1,complete_1,complete_1,complete_1,unroll_64,1,53,0.179058273183,False
workload_699.cpp,xczu7ev-ffvc1156-2-e,10,0.3484,92,5,15,7,12,cyclic_8_1,cyclic_2_1,block_2_1,complete_1,complete_1,complete_1,unroll_16,2,9.75,0.759747990837,False
workload_382.cpp,xczu7ev-ffvc1156-2-e,10,0.79896,67,5,1,1,2,cyclic_8_1,cyclic_2_1,block_2_1,complete_1,complete_1,complete_1,unroll_2,1,2.25,0.536543702641,False
workload_392.cpp,xczu7ev-ffvc1156-2-e,10,0.31704,124,5,27,12,21,cyclic_8_1,cyclic_2_1,block_2_1,complete_1,complete_1,complete_1,unroll_32,1,16.25,0.680003649322,False
workload_358.cpp,xczu7ev-ffvc1156-2-e,10,0.30008,207,5,51,22,39,cyclic_8_1,cyclic_2_1,block_2_1,complete_1,complete_1,complete_1,unroll_64,1,29.25,0.458733755561,False
workload_717.cpp,xczu7ev-ffvc1156-2-e,10,0.31064,305,4,57,53,55,cyclic_8_1,cyclic_2_1,block_64_1,complete_1,complete_1,complete_1,unroll_64,1,42.25,0.280393962963,False
workload_442.cpp,xczu7ev-ffvc1156-2-e,10,0.40856,86,4,7,4,10,cyclic_8_1,cyclic_2_1,block_64_1,complete_1,complete_1,complete_1,unroll_8,1,6.25,0.710226492878,False
workload_111.cpp,xczu7ev-ffvc1156-2-e,10,0.28771,64,15,1,1,2,cyclic_8_1,cyclic_2_1,cyclic_16_1,complete_1,complete_1,complete_1,pipeline_1,1,4.75,0.8952357816,False
workload_126.cpp,xczu7ev-ffvc1156-2-e,10,0.32728,122,8,29,12,22,cyclic_8_1,cyclic_2_1,cyclic_16_1,complete_1,complete_1,complete_1,unroll_32,1,17.75,0.646687343622,False
workload_739.cpp,xczu7ev-ffvc1156-2-e,10,0.39832,76,5,7,3,7,cyclic_8_1,cyclic_2_1,cyclic_2_1,complete_1,complete_1,complete_1,unroll_8,1,5.5,0.727300295058,False
workload_220.cpp,xczu7ev-ffvc1156-2-e,10,0.31704,120,6,26,12,21,cyclic_8_1,cyclic_2_1,cyclic_4_1,complete_1,complete_1,complete_1,unroll_32,1,16.25,0.680003649322,False
workload_664.cpp,xczu7ev-ffvc1156-2-e,10,0.30808,118,5,20,9,17,cyclic_8_1,cyclic_4_1,cyclic_2_1,complete_1,complete_1,complete_1,unroll_32,1,12.75,0.751042592905,False
workload_593.cpp,xczu7ev-ffvc1156-2-e,10,0.29416,190,5,32,15,28,cyclic_8_1,cyclic_4_1,cyclic_2_1,complete_1,complete_1,complete_1,unroll_64,1,20,0.620554815571,False
workload_648.cpp,xczu7ev-ffvc1156-2-e,10,0.29416,191,6,32,16,28,cyclic_8_1,cyclic_4_1,cyclic_4_1,complete_1,complete_1,complete_1,unroll_64,1,20.5,0.611229653337,False
workload_449.cpp,xczu7ev-ffvc1156-2-e,10,1.08608,160,4,1,10,13,cyclic_8_1,cyclic_64_1,block_64_1,complete_1,complete_1,complete_1,unroll_32,1,7,0.258689039296,False
workload_428.cpp,xczu7ev-ffvc1156-2-e,10,0.2884,230,5,66,29,49,cyclic_8_1,cyclic_64_1,cyclic_2_1,complete_1,complete_1,complete_1,unroll_64,1,37.25,0.344169778234,False
workload_37.cpp,xczu7ev-ffvc1156-2-e,10,0.29912,310,5,58,54,56,cyclic_8_1,cyclic_8_1,block_64_1,complete_1,complete_1,complete_1,unroll_64,1,43.25,0.270378130668,False
workload_152.cpp,xczu7ev-ffvc1156-2-e,10,0.31736,123,9,27,12,21,cyclic_8_1,cyclic_8_1,cyclic_16_1,complete_1,complete_1,complete_1,unroll_32,1,17.25,0.661392177066,False
workload_769.cpp,xczu7ev-ffvc1156-2-e,10,0.28856,207,7,49,22,38,cyclic_8_1,cyclic_8_1,cyclic_4_1,complete_1,complete_1,complete_1,unroll_64,1,29,0.464921010074,False
