Version,Device,Clock_Period_nsec,Latency_msec,Synthesis_Time_sec,BRAM_Utilization_percentage,DSP_Utilization_percentage,FF_Utilization_percentage,LUT_Utilization_percentage,Array_1,Array_2,Array_3,OuterLoop_1,Replicate_Count,Area,Weight,is_pareto
workload_400.cpp,xczu7ev-ffvc1156-2-e,10,0.32188,537,43,10,67,53,block_128_1,cyclic_128_1,block_2_1,unroll_16,1,43.25,0.245865621757,False
workload_669.cpp,xczu7ev-ffvc1156-2-e,10,0.32189,501,43,10,71,54,block_128_1,cyclic_128_1,cyclic_2_1,unroll_16,1,44.5,0.232763953605,False
workload_571.cpp,xczu7ev-ffvc1156-2-e,10,0.71192,93,43,1,1,10,block_128_1,cyclic_2_1,cyclic_2_1,unroll_2,1,13.75,0.454450233791,False
workload_355.cpp,xczu7ev-ffvc1156-2-e,10,0.49688,129,43,1,1,17,block_128_1,cyclic_2_1,cyclic_4_1,unroll_4,1,15.5,0.575233583718,False
workload_347.cpp,xczu7ev-ffvc1156-2-e,10,0.37675,230,44,5,34,29,block_128_1,cyclic_4_1,cyclic_2_1,unroll_8,1,28,0.436346602336,False
workload_199.cpp,xczu7ev-ffvc1156-2-e,10,0.40216,90,13,3,3,8,block_16_1,block_16_1,cyclic_8_1,unroll_8,1,6.75,0.784399206855,False
workload_177.cpp,xczu7ev-ffvc1156-2-e,10,0.50712,79,18,1,1,5,block_16_1,block_32_1,cyclic_8_1,unroll_4,1,6.25,0.687493045777,False
workload_146.cpp,xczu7ev-ffvc1156-2-e,10,0.3996,101,12,3,4,10,block_16_1,cyclic_128_1,block_16_1,unroll_8,1,7.25,0.779096353265,False
workload_112.cpp,xczu7ev-ffvc1156-2-e,10,0.3996,109,7,3,5,12,block_16_1,cyclic_128_1,block_64_1,unroll_8,1,6.75,0.786498522499,False
workload_144.cpp,xczu7ev-ffvc1156-2-e,10,0.3014,707,7,92,95,88,block_16_1,cyclic_64_1,block_64_1,unroll_64,1,70.5,0.1,False
workload_182.cpp,xczu7ev-ffvc1156-2-e,10,0.2366,74,16,1,3,5,block_2_1,block_128_1,block_32_1,pipeline_1,1,6.25,0.93148508107,False
workload_160.cpp,xczu7ev-ffvc1156-2-e,10,0.22636,71,11,1,3,5,block_2_1,block_128_1,block_4_1,pipeline_1,1,5,0.96670371949,False
workload_380.cpp,xczu7ev-ffvc1156-2-e,10,0.2366,76,10,1,4,6,block_2_1,block_128_1,block_64_1,pipeline_1,1,5.25,0.955939976619,False
workload_311.cpp,xczu7ev-ffvc1156-2-e,10,0.70552,249,4,1,6,15,block_2_1,block_128_1,cyclic_2_1,unroll_16,1,6.5,0.514950574991,False
workload_213.cpp,xczu7ev-ffvc1156-2-e,10,0.3356,107,4,1,4,13,block_2_1,block_128_1,cyclic_2_1,unroll_8,1,5.5,0.854814715462,False
workload_104.cpp,xczu7ev-ffvc1156-2-e,10,0.2366,73,16,1,3,5,block_2_1,block_128_1,cyclic_32_1,pipeline_1,1,6.25,0.93148508107,False
workload_2.cpp,xczu7ev-ffvc1156-2-e,10,0.2366,80,10,1,4,6,block_2_1,block_128_1,cyclic_64_1,pipeline_1,1,5.25,0.955939976619,False
workload_241.cpp,xczu7ev-ffvc1156-2-e,10,1.17272,79,4,1,3,6,block_2_1,block_128_1,cyclic_64_1,unroll_2,1,3.5,0.140598093257,False
workload_133.cpp,xczu7ev-ffvc1156-2-e,10,0.29592,124,19,1,4,11,block_2_1,block_16_1,block_32_1,unroll_16,1,8.75,0.838338442259,False
workload_67.cpp,xczu7ev-ffvc1156-2-e,10,0.4508,75,19,1,1,4,block_2_1,block_16_1,block_32_1,unroll_4,1,6.25,0.73829426698,False
workload_165.cpp,xczu7ev-ffvc1156-2-e,10,0.2366,67,13,1,2,4,block_2_1,block_16_1,cyclic_64_1,pipeline_1,1,5,0.961771471377,False
workload_189.cpp,xczu7ev-ffvc1156-2-e,10,1.17016,79,6,1,2,5,block_2_1,block_16_1,cyclic_64_1,unroll_4,1,3.5,0.141600859215,False
workload_137.cpp,xczu7ev-ffvc1156-2-e,10,0.22636,62,12,1,1,3,block_2_1,block_4_1,block_4_1,pipeline_1,1,4.25,0.986603509337,False
workload_192.cpp,xczu7ev-ffvc1156-2-e,10,0.28568,112,6,1,4,8,block_2_1,block_4_1,block_4_1,unroll_16,1,4.75,0.91875449172,False
workload_208.cpp,xczu7ev-ffvc1156-2-e,10,0.27704,181,6,30,18,32,block_2_1,block_4_1,block_4_1,unroll_32,1,21.5,0.57999216229,False
workload_118.cpp,xczu7ev-ffvc1156-2-e,10,0.44056,69,6,1,1,3,block_2_1,block_4_1,block_4_1,unroll_4,2,2.75,0.777583058063,False
workload_102.cpp,xczu7ev-ffvc1156-2-e,10,1.16888,105,4,1,4,7,block_2_1,block_4_1,cyclic_128_1,unroll_8,1,4,0.142035319929,False
workload_214.cpp,xczu7ev-ffvc1156-2-e,10,1.17272,67,9,1,1,3,block_2_1,block_4_1,cyclic_32_1,unroll_2,1,3.5,0.140598093257,False
workload_92.cpp,xczu7ev-ffvc1156-2-e,10,0.28232,399,10,67,39,67,block_2_1,block_4_1,cyclic_32_1,unroll_64,1,45.75,0.223233902067,False
workload_243.cpp,xczu7ev-ffvc1156-2-e,10,0.34584,85,6,1,2,5,block_2_1,block_4_1,cyclic_8_1,unroll_8,1,3.5,0.857586203601,False
workload_89.cpp,xczu7ev-ffvc1156-2-e,10,0.28744,207,16,30,26,37,block_2_1,block_8_1,block_32_1,unroll_32,1,27.25,0.473155140382,False
workload_110.cpp,xczu7ev-ffvc1156-2-e,10,0.2366,72,12,1,3,5,block_2_1,block_8_1,cyclic_128_1,pipeline_1,1,5.25,0.955939976619,False
workload_3.cpp,xczu7ev-ffvc1156-2-e,10,1.16888,108,5,1,4,7,block_2_1,block_8_1,cyclic_128_1,unroll_8,1,4.25,0.141988677203,False
workload_60.cpp,xczu7ev-ffvc1156-2-e,10,0.2366,66,17,1,1,3,block_2_1,block_8_1,cyclic_32_1,pipeline_1,1,5.5,0.94994520254,False
workload_12.cpp,xczu7ev-ffvc1156-2-e,10,0.28728,182,11,31,19,33,block_2_1,block_8_1,cyclic_32_1,unroll_32,1,23.5,0.540181296636,False
workload_140.cpp,xczu7ev-ffvc1156-2-e,10,0.28232,408,11,67,39,68,block_2_1,block_8_1,cyclic_32_1,unroll_64,1,46.25,0.21832940429,False
workload_150.cpp,xczu7ev-ffvc1156-2-e,10,0.34584,85,11,1,2,6,block_2_1,block_8_1,cyclic_32_1,unroll_8,1,5,0.846642777866,False
workload_132.cpp,xczu7ev-ffvc1156-2-e,10,0.2366,68,12,1,2,4,block_2_1,block_8_1,cyclic_64_1,pipeline_1,1,4.75,0.967337186363,False
workload_220.cpp,xczu7ev-ffvc1156-2-e,10,0.4508,94,4,1,5,10,block_2_1,cyclic_128_1,block_128_1,unroll_4,1,5,0.74997740509,False
workload_169.cpp,xczu7ev-ffvc1156-2-e,10,0.44056,73,5,1,3,5,block_2_1,cyclic_128_1,block_4_1,unroll_4,1,3.5,0.77487760593,False
workload_134.cpp,xczu7ev-ffvc1156-2-e,10,0.28544,219,4,31,28,42,block_2_1,cyclic_128_1,block_64_1,unroll_32,1,26.25,0.490805798141,False
workload_255.cpp,xczu7ev-ffvc1156-2-e,10,0.34328,99,4,1,5,10,block_2_1,cyclic_128_1,block_64_1,unroll_8,1,5,0.850306512125,False
workload_353.cpp,xczu7ev-ffvc1156-2-e,10,0.33304,86,4,1,4,7,block_2_1,cyclic_128_1,cyclic_2_1,unroll_8,1,4,0.874815740862,False
workload_370.cpp,xczu7ev-ffvc1156-2-e,10,0.28184,113,5,1,4,8,block_2_1,cyclic_2_1,block_2_1,unroll_16,1,4.5,0.927370926138,False
workload_210.cpp,xczu7ev-ffvc1156-2-e,10,0.33432,82,5,1,2,4,block_2_1,cyclic_2_1,block_2_1,unroll_8,1,3,0.878148498582,False
workload_202.cpp,xczu7ev-ffvc1156-2-e,10,0.2366,68,11,1,2,4,block_2_1,cyclic_2_1,block_64_1,pipeline_1,2,4.5,0.972458007424,False
workload_455.cpp,xczu7ev-ffvc1156-2-e,10,0.29216,132,4,1,12,13,block_2_1,cyclic_2_1,block_64_1,unroll_16,1,7.5,0.866422875939,False
workload_234.cpp,xczu7ev-ffvc1156-2-e,10,0.4508,77,4,1,2,5,block_2_1,cyclic_2_1,block_64_1,unroll_4,3,3,0.761100840243,False
workload_286.cpp,xczu7ev-ffvc1156-2-e,10,0.34456,92,4,1,3,7,block_2_1,cyclic_2_1,block_64_1,unroll_8,2,3.75,0.858502640968,False
workload_354.cpp,xczu7ev-ffvc1156-2-e,10,0.28184,110,5,1,4,7,block_2_1,cyclic_2_1,cyclic_2_1,unroll_16,1,4.25,0.929682253461,False
workload_334.cpp,xczu7ev-ffvc1156-2-e,10,0.6556,65,4,1,1,2,block_2_1,cyclic_2_1,cyclic_2_1,unroll_2,1,2,0.59163559387,False
workload_287.cpp,xczu7ev-ffvc1156-2-e,10,0.27544,176,5,30,18,30,block_2_1,cyclic_2_1,cyclic_2_1,unroll_32,1,20.75,0.594947947945,False
workload_265.cpp,xczu7ev-ffvc1156-2-e,10,0.44056,70,4,1,1,3,block_2_1,cyclic_2_1,cyclic_2_1,unroll_4,1,2.25,0.778051925201,False
workload_242.cpp,xczu7ev-ffvc1156-2-e,10,0.33432,81,5,1,2,4,block_2_1,cyclic_2_1,cyclic_2_1,unroll_8,3,3,0.878148498582,False
workload_295.cpp,xczu7ev-ffvc1156-2-e,10,0.33432,80,5,1,2,4,block_2_1,cyclic_2_1,cyclic_4_1,unroll_8,1,3,0.878148498582,False
workload_93.cpp,xczu7ev-ffvc1156-2-e,10,0.2366,68,16,1,2,4,block_2_1,cyclic_32_1,cyclic_64_1,pipeline_1,1,5.75,0.943848110881,False
workload_273.cpp,xczu7ev-ffvc1156-2-e,10,0.28184,110,5,1,4,8,block_2_1,cyclic_4_1,block_2_1,unroll_16,1,4.5,0.927370926138,False
workload_306.cpp,xczu7ev-ffvc1156-2-e,10,0.44056,70,5,1,1,3,block_2_1,cyclic_4_1,block_2_1,unroll_4,1,2.5,0.777959742617,False
workload_198.cpp,xczu7ev-ffvc1156-2-e,10,0.27032,380,5,67,39,66,block_2_1,cyclic_4_1,block_2_1,unroll_64,1,44.25,0.23926888284,False
workload_233.cpp,xczu7ev-ffvc1156-2-e,10,0.28088,494,4,73,69,81,block_2_1,cyclic_4_1,block_64_1,unroll_64,1,56.75,0.138329216493,False
workload_408.cpp,xczu7ev-ffvc1156-2-e,10,0.2732,178,5,31,19,31,block_2_1,cyclic_4_1,cyclic_2_1,unroll_32,1,21.5,0.580588855735,False
workload_401.cpp,xczu7ev-ffvc1156-2-e,10,0.44056,68,5,1,1,3,block_2_1,cyclic_4_1,cyclic_2_1,unroll_4,1,2.5,0.777959742617,False
workload_362.cpp,xczu7ev-ffvc1156-2-e,10,0.33304,82,5,1,2,4,block_2_1,cyclic_8_1,cyclic_2_1,unroll_8,1,3,0.880242086222,False
workload_72.cpp,xczu7ev-ffvc1156-2-e,10,0.72216,84,13,1,2,7,block_32_1,block_4_1,block_128_1,unroll_2,1,5.75,0.498705334044,False
workload_86.cpp,xczu7ev-ffvc1156-2-e,10,0.40216,104,18,3,2,10,block_32_1,block_4_1,block_16_1,unroll_8,1,8.25,0.761804097595,False
workload_4.cpp,xczu7ev-ffvc1156-2-e,10,0.40216,116,13,3,3,13,block_32_1,block_4_1,block_64_1,unroll_8,1,8,0.765674086067,False
workload_294.cpp,xczu7ev-ffvc1156-2-e,10,0.71192,67,13,1,1,4,block_32_1,block_4_1,cyclic_2_1,unroll_2,1,4.75,0.514394013151,False
workload_561.cpp,xczu7ev-ffvc1156-2-e,10,0.33816,176,12,6,7,19,block_32_1,cyclic_128_1,block_2_1,unroll_16,1,11,0.759175334817,False
workload_41.cpp,xczu7ev-ffvc1156-2-e,10,1.23416,75,14,1,2,5,block_32_1,cyclic_16_1,cyclic_64_1,unroll_2,1,5.5,0.119912710839,False
workload_20.cpp,xczu7ev-ffvc1156-2-e,10,0.30722,311,13,39,47,46,block_32_1,cyclic_4_1,block_2_1,unroll_32,1,36.25,0.332382627116,False
workload_14.cpp,xczu7ev-ffvc1156-2-e,10,0.27756,68,43,2,1,4,block_32_1,cyclic_4_1,cyclic_2_1,pipeline_1,1,12.5,0.768678917495,False
workload_26.cpp,xczu7ev-ffvc1156-2-e,10,1.09442,470,12,10,36,29,block_32_1,cyclic_64_1,block_4_1,unroll_32,1,21.75,0.148986844123,False
workload_59.cpp,xczu7ev-ffvc1156-2-e,10,0.27756,67,44,2,1,4,block_32_1,cyclic_8_1,cyclic_2_1,pipeline_1,1,12.75,0.763116841996,False
workload_224.cpp,xczu7ev-ffvc1156-2-e,10,0.2366,74,12,2,4,6,block_4_1,block_128_1,cyclic_64_1,pipeline_1,1,6,0.93768656789,False
workload_155.cpp,xczu7ev-ffvc1156-2-e,10,0.34072,86,10,3,3,5,block_4_1,block_16_1,block_2_1,unroll_8,1,5.25,0.851107358773,False
workload_183.cpp,xczu7ev-ffvc1156-2-e,10,0.45592,76.5,19,1,1,4,block_4_1,block_16_1,block_32_1,unroll_4,2,6.25,0.731757449749,False
workload_152.cpp,xczu7ev-ffvc1156-2-e,10,0.2366,64,16,2,1,3,block_4_1,block_16_1,cyclic_8_1,pipeline_1,1,5.5,0.94994520254,False
workload_136.cpp,xczu7ev-ffvc1156-2-e,10,0.2924,195,12,39,20,33,block_4_1,block_16_1,cyclic_8_1,unroll_32,1,26,0.494073570925,False
workload_100.cpp,xczu7ev-ffvc1156-2-e,10,0.35096,84,10,3,3,5,block_4_1,block_16_1,cyclic_8_1,unroll_8,1,5.25,0.836736389154,False
workload_44.cpp,xczu7ev-ffvc1156-2-e,10,0.45592,77,25,1,1,5,block_4_1,block_32_1,block_32_1,unroll_4,1,8,0.712303775458,False
workload_43.cpp,xczu7ev-ffvc1156-2-e,10,0.2908,120,15,6,5,11,block_4_1,block_32_1,cyclic_2_1,unroll_16,1,9.25,0.832388621448,False
workload_66.cpp,xczu7ev-ffvc1156-2-e,10,0.28216,207,15,39,20,36,block_4_1,block_32_1,cyclic_2_1,unroll_32,1,27.5,0.469587273101,False
workload_10.cpp,xczu7ev-ffvc1156-2-e,10,0.2924,207,17,39,20,36,block_4_1,block_32_1,cyclic_8_1,unroll_32,1,28,0.459669349444,False
workload_46.cpp,xczu7ev-ffvc1156-2-e,10,0.29728,161,7,6,21,20,block_4_1,cyclic_16_1,block_128_1,unroll_16,1,13.5,0.737965748204,False
workload_122.cpp,xczu7ev-ffvc1156-2-e,10,0.45592,87,7,1,3,7,block_4_1,cyclic_16_1,block_128_1,unroll_4,1,4.5,0.746450050963,False
workload_170.cpp,xczu7ev-ffvc1156-2-e,10,0.28696,114,7,6,5,8,block_4_1,cyclic_16_1,block_2_1,unroll_16,1,6.5,0.890594915402,False
workload_85.cpp,xczu7ev-ffvc1156-2-e,10,0.2366,68,14,2,2,4,block_4_1,cyclic_16_1,block_64_1,pipeline_1,1,5.5,0.94994520254,False
workload_17.cpp,xczu7ev-ffvc1156-2-e,10,0.29728,134,7,6,13,13,block_4_1,cyclic_16_1,block_64_1,unroll_16,1,9.75,0.816876076231,False
workload_171.cpp,xczu7ev-ffvc1156-2-e,10,1.08696,91,7,2,2,5,block_4_1,cyclic_16_1,cyclic_2_1,unroll_8,1,4,0.180731953662,False
workload_226.cpp,xczu7ev-ffvc1156-2-e,10,0.22636,62,12,2,1,3,block_4_1,cyclic_2_1,block_2_1,pipeline_1,1,4.5,0.979945571734,False
workload_131.cpp,xczu7ev-ffvc1156-2-e,10,1.18296,71,5,1,2,3,block_4_1,cyclic_4_1,cyclic_64_1,unroll_2,1,2.75,0.136757176739,False
workload_70.cpp,xczu7ev-ffvc1156-2-e,10,0.2366,65,18,2,1,3,block_4_1,cyclic_8_1,block_32_1,pipeline_1,2,6,0.93768656789,False
workload_454.cpp,xczu7ev-ffvc1156-2-e,10,0.71192,90,22,1,2,9,block_64_1,block_128_1,cyclic_2_1,unroll_2,1,8.5,0.496127339996,False
workload_394.cpp,xczu7ev-ffvc1156-2-e,10,0.27756,74,84,2,1,5,block_64_1,block_4_1,cyclic_2_1,pipeline_1,1,23,0.551177854394,False
workload_61.cpp,xczu7ev-ffvc1156-2-e,10,0.30594,522,23,41,80,68,block_64_1,cyclic_2_1,block_2_1,unroll_32,1,53,0.16077857604,False
workload_16.cpp,xczu7ev-ffvc1156-2-e,10,0.49688,90,23,1,1,9,block_64_1,cyclic_2_1,block_2_1,unroll_4,1,8.5,0.667119066317,False
workload_702.cpp,xczu7ev-ffvc1156-2-e,10,0.27756,74,84,2,1,5,block_64_1,cyclic_2_1,cyclic_2_1,pipeline_1,1,23,0.551177854394,False
workload_409.cpp,xczu7ev-ffvc1156-2-e,10,0.49688,92,23,1,1,9,block_64_1,cyclic_2_1,cyclic_2_1,unroll_4,1,8.5,0.667119066317,False
workload_421.cpp,xczu7ev-ffvc1156-2-e,10,0.27756,74,84,2,1,5,block_64_1,cyclic_2_1,cyclic_4_1,pipeline_1,1,23,0.551177854394,False
workload_62.cpp,xczu7ev-ffvc1156-2-e,10,0.30722,507,23,39,80,67,block_64_1,cyclic_4_1,block_2_1,unroll_32,1,52.25,0.166026887,False
workload_490.cpp,xczu7ev-ffvc1156-2-e,10,0.27756,75,84,2,1,5,block_64_1,cyclic_4_1,cyclic_2_1,pipeline_1,1,23,0.551177854394,False
workload_35.cpp,xczu7ev-ffvc1156-2-e,10,0.2878,86,85,2,3,7,block_64_1,cyclic_8_1,cyclic_128_1,pipeline_1,1,24.25,0.526266884218,False
workload_113.cpp,xczu7ev-ffvc1156-2-e,10,1.01912,943,4,15,13,27,block_8_1,block_128_1,cyclic_64_1,unroll_32,1,14.75,0.204649297417,False
workload_68.cpp,xczu7ev-ffvc1156-2-e,10,1.20888,261,7,10,8,17,block_8_1,block_2_1,block_16_1,unroll_32,1,10.5,0.125029860816,False
workload_40.cpp,xczu7ev-ffvc1156-2-e,10,0.71192,66,15,1,1,3,block_8_1,block_32_1,block_2_1,unroll_2,1,5,0.513599594269,False
workload_29.cpp,xczu7ev-ffvc1156-2-e,10,0.33336,224,15,39,19,40,block_8_1,block_32_1,block_2_1,unroll_32,1,28.25,0.446767859919,False
workload_94.cpp,xczu7ev-ffvc1156-2-e,10,0.27756,66,13,2,1,3,block_8_1,block_4_1,block_2_1,pipeline_1,1,4.75,0.93074175058,False
workload_158.cpp,xczu7ev-ffvc1156-2-e,10,0.32712,466.5,6,89,42,74,block_8_1,block_4_1,block_2_1,unroll_64,2,52.75,0.161379900359,False
workload_460.cpp,xczu7ev-ffvc1156-2-e,10,0.38936,90,5,3,4,8,block_8_1,cyclic_128_1,cyclic_2_1,unroll_8,1,5,0.81869573806,False
workload_53.cpp,xczu7ev-ffvc1156-2-e,10,1.2316,79,7,1,2,5,block_8_1,cyclic_16_1,cyclic_64_1,unroll_4,1,3.75,0.120889752063,False
workload_24.cpp,xczu7ev-ffvc1156-2-e,10,0.33912,209,9,40,21,37,block_8_1,cyclic_32_1,cyclic_64_1,unroll_32,1,26.75,0.469659060872,False
workload_190.cpp,xczu7ev-ffvc1156-2-e,10,0.33816,121,5,6,6,10,block_8_1,cyclic_64_1,block_2_1,unroll_16,1,6.75,0.833933336252,False
workload_119.cpp,xczu7ev-ffvc1156-2-e,10,0.31784,472,5,91,43,75,block_8_1,cyclic_64_1,block_2_1,unroll_64,1,53.5,0.156714552165,False
workload_52.cpp,xczu7ev-ffvc1156-2-e,10,1.08568,153,22,1,2,10,cyclic_128_1,block_2_1,cyclic_64_1,unroll_8,1,8.75,0.178095914489,False
workload_55.cpp,xczu7ev-ffvc1156-2-e,10,1.08824,118,28,1,1,7,cyclic_128_1,block_4_1,cyclic_32_1,unroll_4,1,9.25,0.176164324632,False
workload_19.cpp,xczu7ev-ffvc1156-2-e,10,1.0908,105,28,1,1,6,cyclic_128_1,block_8_1,cyclic_32_1,unroll_2,1,9,0.175109082052,False
workload_18.cpp,xczu7ev-ffvc1156-2-e,10,0.29768,409,45,51,25,61,cyclic_128_1,cyclic_16_1,cyclic_64_1,unroll_64,1,45.5,0.224634331894,False
workload_76.cpp,xczu7ev-ffvc1156-2-e,10,1.00632,73,9,1,1,3,cyclic_16_1,block_16_1,block_16_1,unroll_4,1,3.5,0.231203118189,False
workload_123.cpp,xczu7ev-ffvc1156-2-e,10,0.31512,100,13,4,3,7,cyclic_16_1,block_16_1,block_4_1,unroll_16,1,6.75,0.857454477403,False
workload_95.cpp,xczu7ev-ffvc1156-2-e,10,0.99864,67,7,1,1,2,cyclic_16_1,block_16_1,cyclic_2_1,unroll_2,1,2.75,0.23677041027,False
workload_77.cpp,xczu7ev-ffvc1156-2-e,10,0.28764,76,27,1,3,5,cyclic_16_1,block_32_1,block_128_1,pipeline_1,1,9,0.840096312902,False
workload_180.cpp,xczu7ev-ffvc1156-2-e,10,0.30424,129,8,16,8,16,cyclic_16_1,block_4_1,cyclic_2_1,unroll_32,1,12,0.765245766303,False
workload_106.cpp,xczu7ev-ffvc1156-2-e,10,0.30424,126,9,16,8,16,cyclic_16_1,block_4_1,cyclic_4_1,unroll_32,1,12.25,0.760072518421,False
workload_15.cpp,xczu7ev-ffvc1156-2-e,10,0.28764,68.5,25,1,2,4,cyclic_16_1,block_64_1,block_16_1,pipeline_1,2,8,0.860902689351,False
workload_83.cpp,xczu7ev-ffvc1156-2-e,10,0.2774,71,23,1,3,5,cyclic_16_1,cyclic_128_1,cyclic_4_1,pipeline_1,1,8,0.869192940485,False
workload_0.cpp,xczu7ev-ffvc1156-2-e,10,0.64536,71,6,1,2,5,cyclic_16_1,cyclic_128_1,cyclic_4_1,unroll_2,1,3.5,0.603126944041,False
workload_57.cpp,xczu7ev-ffvc1156-2-e,10,0.30008,137,8,21,12,20,cyclic_16_1,cyclic_128_1,cyclic_4_1,unroll_32,1,15.25,0.699890609023,False
workload_91.cpp,xczu7ev-ffvc1156-2-e,10,0.45848,68,9,1,1,3,cyclic_16_1,cyclic_16_1,block_2_1,unroll_4,1,3.5,0.747828738744,False
workload_125.cpp,xczu7ev-ffvc1156-2-e,10,0.99864,66,7,1,1,2,cyclic_16_1,cyclic_16_1,cyclic_2_1,unroll_2,1,2.75,0.23677041027,False
workload_109.cpp,xczu7ev-ffvc1156-2-e,10,0.45848,69.5,7,1,1,3,cyclic_16_1,cyclic_2_1,block_2_1,unroll_4,2,3,0.749277333386,False
workload_126.cpp,xczu7ev-ffvc1156-2-e,10,0.35864,77,8,1,1,4,cyclic_16_1,cyclic_2_1,block_2_1,unroll_8,1,3.5,0.845233069577,False
workload_201.cpp,xczu7ev-ffvc1156-2-e,10,0.2774,66,23,1,1,2,cyclic_16_1,cyclic_2_1,block_4_1,pipeline_1,1,6.75,0.895586339521,False
workload_163.cpp,xczu7ev-ffvc1156-2-e,10,1.00632,76,4,1,1,4,cyclic_16_1,cyclic_2_1,block_64_1,unroll_4,1,2.5,0.231348022483,False
workload_538.cpp,xczu7ev-ffvc1156-2-e,10,0.3004,137,8,32,14,23,cyclic_16_1,cyclic_2_1,cyclic_2_1,unroll_32,2,19.25,0.618512091575,False
workload_124.cpp,xczu7ev-ffvc1156-2-e,10,0.2774,66,23,1,1,2,cyclic_16_1,cyclic_2_1,cyclic_4_1,pipeline_1,1,6.75,0.895586339521,False
workload_709.cpp,xczu7ev-ffvc1156-2-e,10,0.31512,90,6,1,2,4,cyclic_16_1,cyclic_2_1,cyclic_4_1,unroll_16,1,3.25,0.907680036974,False
workload_761.cpp,xczu7ev-ffvc1156-2-e,10,0.2916,306,8,68,30,50,cyclic_16_1,cyclic_2_1,cyclic_4_1,unroll_64,1,39,0.298187088903,False
workload_56.cpp,xczu7ev-ffvc1156-2-e,10,0.45848,69,12,1,1,4,cyclic_16_1,cyclic_32_1,block_2_1,unroll_4,1,4.5,0.742769261251,False
workload_534.cpp,xczu7ev-ffvc1156-2-e,10,0.31256,92,7,2,2,4,cyclic_16_1,cyclic_4_1,block_2_1,unroll_16,1,3.75,0.905626108064,False
workload_197.cpp,xczu7ev-ffvc1156-2-e,10,0.30136,130,8,25,11,20,cyclic_16_1,cyclic_4_1,cyclic_4_1,unroll_32,1,16,0.683805746307,False
workload_37.cpp,xczu7ev-ffvc1156-2-e,10,0.28764,64,26,1,1,3,cyclic_16_1,cyclic_8_1,block_16_1,pipeline_1,1,7.75,0.865957808225,False
workload_58.cpp,xczu7ev-ffvc1156-2-e,10,0.2774,64,24,1,1,2,cyclic_16_1,cyclic_8_1,block_4_1,pipeline_1,1,7,0.8904599649,False
workload_13.cpp,xczu7ev-ffvc1156-2-e,10,0.2774,63,24,1,1,2,cyclic_16_1,cyclic_8_1,cyclic_2_1,pipeline_1,1,7,0.8904599649,False
workload_50.cpp,xczu7ev-ffvc1156-2-e,10,0.99864,62,6,1,1,2,cyclic_16_1,cyclic_8_1,cyclic_2_1,unroll_2,1,2.5,0.236781973639,False
workload_594.cpp,xczu7ev-ffvc1156-2-e,10,0.3004,129,9,20,10,17,cyclic_16_1,cyclic_8_1,cyclic_4_1,unroll_32,1,14,0.725817908921,False
workload_285.cpp,xczu7ev-ffvc1156-2-e,10,0.23644,81,10,1,4,6,cyclic_2_1,block_128_1,block_128_1,pipeline_1,2,5.25,0.956061541124,False
workload_264.cpp,xczu7ev-ffvc1156-2-e,10,0.32284,139,4,1,12,19,cyclic_2_1,block_128_1,block_128_1,unroll_8,1,9,0.809337167874,False
workload_266.cpp,xczu7ev-ffvc1156-2-e,10,0.2262,69,11,1,3,4,cyclic_2_1,block_128_1,block_2_1,pipeline_1,1,4.75,0.973313778879,False
workload_309.cpp,xczu7ev-ffvc1156-2-e,10,0.39704,76,4,1,2,7,cyclic_2_1,block_128_1,block_2_1,unroll_4,1,3.5,0.831836107078,False
workload_230.cpp,xczu7ev-ffvc1156-2-e,10,0.31256,97,4,1,3,11,cyclic_2_1,block_128_1,block_2_1,unroll_8,1,4.75,0.892298513183,False
workload_372.cpp,xczu7ev-ffvc1156-2-e,10,0.2262,71,11,1,3,4,cyclic_2_1,block_128_1,block_4_1,pipeline_1,1,4.75,0.973313778879,False
workload_691.cpp,xczu7ev-ffvc1156-2-e,10,0.3228,115,4,1,4,14,cyclic_2_1,block_128_1,block_64_1,unroll_8,1,5.75,0.866508619157,False
workload_308.cpp,xczu7ev-ffvc1156-2-e,10,0.23644,78,10,1,4,6,cyclic_2_1,block_128_1,cyclic_128_1,pipeline_1,1,5.25,0.956061541124,False
workload_239.cpp,xczu7ev-ffvc1156-2-e,10,0.2262,68,11,1,3,4,cyclic_2_1,block_128_1,cyclic_2_1,pipeline_1,1,4.75,0.973313778879,False
workload_368.cpp,xczu7ev-ffvc1156-2-e,10,0.57368,69,4,1,2,5,cyclic_2_1,block_128_1,cyclic_2_1,unroll_2,1,3,0.695699071678,False
workload_416.cpp,xczu7ev-ffvc1156-2-e,10,0.95416,981,4,1,3,10,cyclic_2_1,block_128_1,cyclic_2_1,unroll_32,1,4.5,0.269691640746,False
workload_560.cpp,xczu7ev-ffvc1156-2-e,10,0.39704,76,4,1,2,7,cyclic_2_1,block_128_1,cyclic_2_1,unroll_4,1,3.5,0.831836107078,False
workload_238.cpp,xczu7ev-ffvc1156-2-e,10,1.01512,3289,4,1,3,11,cyclic_2_1,block_128_1,cyclic_4_1,unroll_64,1,4.75,0.224583216861,False
workload_271.cpp,xczu7ev-ffvc1156-2-e,10,0.31256,96,4,1,3,11,cyclic_2_1,block_128_1,cyclic_4_1,unroll_8,2,4.75,0.892298513183,False
workload_235.cpp,xczu7ev-ffvc1156-2-e,10,0.23644,74,10,1,3,5,cyclic_2_1,block_128_1,cyclic_64_1,pipeline_1,1,4.75,0.967502993387,False
workload_252.cpp,xczu7ev-ffvc1156-2-e,10,1.00504,147,4,1,3,9,cyclic_2_1,block_128_1,cyclic_64_1,unroll_8,1,4.25,0.231812931602,False
workload_598.cpp,xczu7ev-ffvc1156-2-e,10,0.23644,70,12,1,3,4,cyclic_2_1,block_128_1,cyclic_8_1,pipeline_1,1,5,0.961912358684,False
workload_206.cpp,xczu7ev-ffvc1156-2-e,10,0.2262,62,13,1,1,2,cyclic_2_1,block_16_1,block_2_1,pipeline_1,1,4.25,0.98660668719,False
workload_149.cpp,xczu7ev-ffvc1156-2-e,10,0.27032,96,9,1,2,5,cyclic_2_1,block_16_1,block_2_1,unroll_16,1,4.25,0.947480843325,False
workload_186.cpp,xczu7ev-ffvc1156-2-e,10,0.26744,146,9,28,13,24,cyclic_2_1,block_16_1,block_2_1,unroll_32,1,18.5,0.641674360552,False
workload_218.cpp,xczu7ev-ffvc1156-2-e,10,0.26088,322,9,67,28,53,cyclic_2_1,block_16_1,block_2_1,unroll_64,1,39.25,0.297587029561,False
workload_236.cpp,xczu7ev-ffvc1156-2-e,10,0.26744,143,10,28,13,24,cyclic_2_1,block_16_1,block_4_1,unroll_32,1,18.75,0.636517991266,False
workload_205.cpp,xczu7ev-ffvc1156-2-e,10,0.3228,76,11,1,1,4,cyclic_2_1,block_16_1,block_8_1,unroll_8,1,4.25,0.886922080114,False
workload_246.cpp,xczu7ev-ffvc1156-2-e,10,0.26424,141,9,28,13,24,cyclic_2_1,block_16_1,cyclic_2_1,unroll_32,1,18.5,0.642367737763,False
workload_225.cpp,xczu7ev-ffvc1156-2-e,10,0.25928,310,9,65,28,51,cyclic_2_1,block_16_1,cyclic_2_1,unroll_64,1,38.25,0.310451038833,False
workload_173.cpp,xczu7ev-ffvc1156-2-e,10,0.31256,74,9,1,1,4,cyclic_2_1,block_16_1,cyclic_2_1,unroll_8,1,3.75,0.905626108064,False
workload_157.cpp,xczu7ev-ffvc1156-2-e,10,0.28056,94,11,2,2,6,cyclic_2_1,block_16_1,cyclic_8_1,unroll_16,1,5.25,0.919423218832,False
workload_51.cpp,xczu7ev-ffvc1156-2-e,10,0.27768,142,11,28,13,24,cyclic_2_1,block_16_1,cyclic_8_1,unroll_32,1,19,0.6296072697,False
workload_129.cpp,xczu7ev-ffvc1156-2-e,10,0.40728,68,10,1,1,2,cyclic_2_1,block_16_1,cyclic_8_1,unroll_4,2,3.5,0.821532901772,False
workload_121.cpp,xczu7ev-ffvc1156-2-e,10,0.3228,76,10,1,1,4,cyclic_2_1,block_16_1,cyclic_8_1,unroll_8,1,4,0.889677802646,False
workload_32.cpp,xczu7ev-ffvc1156-2-e,10,0.92248,117,7,1,1,4,cyclic_2_1,block_2_1,block_16_1,unroll_16,1,3.25,0.296490754705,False
workload_139.cpp,xczu7ev-ffvc1156-2-e,10,0.91224,112,4,1,1,3,cyclic_2_1,block_2_1,block_2_1,unroll_16,1,2.25,0.305494385237,False
workload_82.cpp,xczu7ev-ffvc1156-2-e,10,0.91224,113,5,1,1,3,cyclic_2_1,block_2_1,block_4_1,unroll_16,1,2.5,0.305498106178,False
workload_228.cpp,xczu7ev-ffvc1156-2-e,10,0.23644,67,11,1,2,3,cyclic_2_1,block_2_1,block_64_1,pipeline_1,1,4.25,0.977053171963,False
workload_258.cpp,xczu7ev-ffvc1156-2-e,10,0.92256,142,4,1,9,9,cyclic_2_1,block_2_1,block_64_1,unroll_16,1,5.75,0.294379731666,False
workload_270.cpp,xczu7ev-ffvc1156-2-e,10,0.9244,75,4,1,1,4,cyclic_2_1,block_2_1,block_64_1,unroll_4,1,2.5,0.294984842649,False
workload_328.cpp,xczu7ev-ffvc1156-2-e,10,0.2262,61,11,1,1,2,cyclic_2_1,block_2_1,cyclic_2_1,pipeline_1,1,3.75,1,True
workload_115.cpp,xczu7ev-ffvc1156-2-e,10,0.91224,112,4,1,1,3,cyclic_2_1,block_2_1,cyclic_2_1,unroll_16,1,2.25,0.305494385237,False
workload_263.cpp,xczu7ev-ffvc1156-2-e,10,0.91672,63,4,1,1,1,cyclic_2_1,block_2_1,cyclic_2_1,unroll_2,1,1.75,0.301504645274,False
workload_358.cpp,xczu7ev-ffvc1156-2-e,10,0.97336,150,4,1,1,4,cyclic_2_1,block_2_1,cyclic_2_1,unroll_32,1,2.5,0.255446283778,False
workload_193.cpp,xczu7ev-ffvc1156-2-e,10,0.91416,68,4,1,1,2,cyclic_2_1,block_2_1,cyclic_2_1,unroll_4,1,2,0.303786433867,False
workload_162.cpp,xczu7ev-ffvc1156-2-e,10,0.97336,151,5,1,1,5,cyclic_2_1,block_2_1,cyclic_4_1,unroll_32,1,3,0.255398692442,False
workload_216.cpp,xczu7ev-ffvc1156-2-e,10,0.91416,68,5,1,1,2,cyclic_2_1,block_2_1,cyclic_4_1,unroll_4,1,2.25,0.303815964395,False
workload_164.cpp,xczu7ev-ffvc1156-2-e,10,0.92248,111,5,1,1,3,cyclic_2_1,block_2_1,cyclic_8_1,unroll_16,1,2.5,0.296626496716,False
workload_346.cpp,xczu7ev-ffvc1156-2-e,10,1.03464,292,5,1,1,7,cyclic_2_1,block_2_1,cyclic_8_1,unroll_64,1,3.5,0.212137851463,False
workload_6.cpp,xczu7ev-ffvc1156-2-e,10,0.23644,76,16,1,3,4,cyclic_2_1,block_32_1,block_128_1,pipeline_1,1,6,0.937771090442,False
workload_292.cpp,xczu7ev-ffvc1156-2-e,10,0.2262,62,16,1,1,2,cyclic_2_1,block_32_1,cyclic_2_1,pipeline_1,1,5,0.96670497641,False
workload_7.cpp,xczu7ev-ffvc1156-2-e,10,0.27032,100,15,1,2,7,cyclic_2_1,block_32_1,cyclic_2_1,unroll_16,1,6.25,0.91203240195,False
workload_506.cpp,xczu7ev-ffvc1156-2-e,10,0.23644,66,21,1,1,3,cyclic_2_1,block_32_1,cyclic_32_1,pipeline_1,1,6.5,0.925329779816,False
workload_573.cpp,xczu7ev-ffvc1156-2-e,10,0.26424,152,15,28,13,27,cyclic_2_1,block_32_1,cyclic_4_1,unroll_32,1,20.75,0.597013187245,False
workload_323.cpp,xczu7ev-ffvc1156-2-e,10,0.23644,71,11,1,3,4,cyclic_2_1,block_4_1,block_128_1,pipeline_1,1,4.75,0.967502993387,False
workload_97.cpp,xczu7ev-ffvc1156-2-e,10,0.32284,102,5,1,10,10,cyclic_2_1,block_4_1,block_128_1,unroll_8,1,6.5,0.854488377525,False
workload_172.cpp,xczu7ev-ffvc1156-2-e,10,0.3228,74,10,1,1,4,cyclic_2_1,block_4_1,block_16_1,unroll_8,1,4,0.889677802646,False
workload_314.cpp,xczu7ev-ffvc1156-2-e,10,0.2262,60,12,1,1,2,cyclic_2_1,block_4_1,block_4_1,pipeline_1,1,4,0.993290793033,False
workload_357.cpp,xczu7ev-ffvc1156-2-e,10,0.23644,67,11,1,2,3,cyclic_2_1,block_4_1,block_64_1,pipeline_1,1,4.25,0.977053171963,False
workload_279.cpp,xczu7ev-ffvc1156-2-e,10,0.23644,61,12,1,1,2,cyclic_2_1,block_4_1,block_8_1,pipeline_1,1,4,0.980164771828,False
workload_249.cpp,xczu7ev-ffvc1156-2-e,10,0.2262,62,11,1,1,2,cyclic_2_1,block_4_1,cyclic_2_1,pipeline_1,2,3.75,1,True
workload_425.cpp,xczu7ev-ffvc1156-2-e,10,0.27032,92,6,1,2,4,cyclic_2_1,block_4_1,cyclic_2_1,unroll_16,1,3.25,0.953160415727,False
workload_141.cpp,xczu7ev-ffvc1156-2-e,10,0.57368,62.5,5,1,1,1,cyclic_2_1,block_4_1,cyclic_2_1,unroll_2,2,2,0.706105385675,False
workload_207.cpp,xczu7ev-ffvc1156-2-e,10,0.26424,136,6,28,13,22,cyclic_2_1,block_4_1,cyclic_2_1,unroll_32,1,17.25,0.668331387337,False
workload_426.cpp,xczu7ev-ffvc1156-2-e,10,0.39704,66,5,1,1,2,cyclic_2_1,block_4_1,cyclic_2_1,unroll_4,1,2.25,0.845923523143,False
workload_509.cpp,xczu7ev-ffvc1156-2-e,10,0.25928,310,6,65,28,48,cyclic_2_1,block_4_1,cyclic_2_1,unroll_64,1,36.75,0.330359804802,False
workload_293.cpp,xczu7ev-ffvc1156-2-e,10,0.31256,72,6,1,1,3,cyclic_2_1,block_4_1,cyclic_2_1,unroll_8,1,2.75,0.915023597111,False
workload_145.cpp,xczu7ev-ffvc1156-2-e,10,0.26424,137,6,28,13,22,cyclic_2_1,block_4_1,cyclic_4_1,unroll_32,1,17.25,0.668331387337,False
workload_327.cpp,xczu7ev-ffvc1156-2-e,10,0.26088,289,6,62,27,47,cyclic_2_1,block_4_1,cyclic_4_1,unroll_64,1,35.5,0.347522546747,False
workload_301.cpp,xczu7ev-ffvc1156-2-e,10,0.31256,74,6,1,1,3,cyclic_2_1,block_4_1,cyclic_4_1,unroll_8,1,2.75,0.915023597111,False
workload_215.cpp,xczu7ev-ffvc1156-2-e,10,0.3228,73,6,1,1,3,cyclic_2_1,block_4_1,cyclic_8_1,unroll_8,1,2.75,0.897876941008,False
workload_78.cpp,xczu7ev-ffvc1156-2-e,10,0.23644,66,13,1,2,3,cyclic_2_1,block_64_1,block_16_1,pipeline_1,1,4.75,0.967502993387,False
workload_631.cpp,xczu7ev-ffvc1156-2-e,10,0.31256,82,4,1,2,7,cyclic_2_1,block_64_1,block_2_1,unroll_8,1,3.5,0.908523607189,False
workload_514.cpp,xczu7ev-ffvc1156-2-e,10,0.23644,72,10,1,3,4,cyclic_2_1,block_64_1,block_64_1,pipeline_1,1,4.5,0.972655721148,False
workload_492.cpp,xczu7ev-ffvc1156-2-e,10,0.3228,83,6,1,2,7,cyclic_2_1,block_64_1,cyclic_16_1,unroll_8,1,4,0.889677802646,False
workload_457.cpp,xczu7ev-ffvc1156-2-e,10,0.2262,67,11,1,2,3,cyclic_2_1,block_64_1,cyclic_2_1,pipeline_1,1,4.25,0.98660668719,False
workload_439.cpp,xczu7ev-ffvc1156-2-e,10,0.39704,70,4,1,2,4,cyclic_2_1,block_64_1,cyclic_2_1,unroll_4,2,2.75,0.840466696811,False
workload_644.cpp,xczu7ev-ffvc1156-2-e,10,0.31256,82,4,1,2,7,cyclic_2_1,block_64_1,cyclic_2_1,unroll_8,1,3.5,0.908523607189,False
workload_625.cpp,xczu7ev-ffvc1156-2-e,10,0.2262,63,11,1,2,3,cyclic_2_1,block_64_1,cyclic_4_1,pipeline_1,1,4.25,0.98660668719,False
workload_642.cpp,xczu7ev-ffvc1156-2-e,10,0.27032,108,5,1,3,11,cyclic_2_1,block_64_1,cyclic_4_1,unroll_16,1,5,0.936013283707,False
workload_499.cpp,xczu7ev-ffvc1156-2-e,10,0.39704,72,4,1,2,4,cyclic_2_1,block_64_1,cyclic_4_1,unroll_4,1,2.75,0.840466696811,False
workload_618.cpp,xczu7ev-ffvc1156-2-e,10,1.01512,1482,4,1,2,10,cyclic_2_1,block_64_1,cyclic_4_1,unroll_64,2,4.25,0.224845667833,False
workload_389.cpp,xczu7ev-ffvc1156-2-e,10,0.31256,83,4,1,2,7,cyclic_2_1,block_64_1,cyclic_4_1,unroll_8,1,3.5,0.908523607189,False
workload_471.cpp,xczu7ev-ffvc1156-2-e,10,0.23644,69,10,1,3,4,cyclic_2_1,block_64_1,cyclic_64_1,pipeline_1,1,4.5,0.972655721148,False
workload_549.cpp,xczu7ev-ffvc1156-2-e,10,0.3228,82,5,1,2,7,cyclic_2_1,block_64_1,cyclic_8_1,unroll_8,1,3.75,0.892164933552,False
workload_200.cpp,xczu7ev-ffvc1156-2-e,10,0.2262,62,12,1,1,2,cyclic_2_1,block_8_1,block_2_1,pipeline_1,1,4,0.993290793033,False
workload_168.cpp,xczu7ev-ffvc1156-2-e,10,0.25928,297,7,67,29,50,cyclic_2_1,block_8_1,block_2_1,unroll_64,1,38.25,0.310451038833,False
workload_196.cpp,xczu7ev-ffvc1156-2-e,10,0.2262,62,12,1,1,2,cyclic_2_1,block_8_1,block_4_1,pipeline_1,1,4,0.993290793033,False
workload_365.cpp,xczu7ev-ffvc1156-2-e,10,0.2262,62,12,1,1,2,cyclic_2_1,block_8_1,cyclic_4_1,pipeline_1,1,4,0.993290793033,False
workload_9.cpp,xczu7ev-ffvc1156-2-e,10,0.26744,139,8,28,13,23,cyclic_2_1,block_8_1,cyclic_4_1,unroll_32,1,18,0.652056322807,False
workload_485.cpp,xczu7ev-ffvc1156-2-e,10,0.2768,149,4,1,20,18,cyclic_2_1,cyclic_128_1,block_128_1,unroll_16,1,10.75,0.80822749011,False
workload_579.cpp,xczu7ev-ffvc1156-2-e,10,0.32028,106,4,1,12,13,cyclic_2_1,cyclic_128_1,block_128_1,unroll_8,1,7.5,0.839504887841,False
workload_422.cpp,xczu7ev-ffvc1156-2-e,10,0.2262,67,11,1,3,4,cyclic_2_1,cyclic_128_1,block_2_1,pipeline_1,3,4.75,0.973313778879,False
workload_475.cpp,xczu7ev-ffvc1156-2-e,10,0.26648,98,4,1,4,6,cyclic_2_1,cyclic_128_1,block_2_1,unroll_16,3,3.75,0.95868335221,False
workload_291.cpp,xczu7ev-ffvc1156-2-e,10,0.26296,145.5,4,30,15,26,cyclic_2_1,cyclic_128_1,block_2_1,unroll_32,2,18.75,0.637543586619,False
workload_344.cpp,xczu7ev-ffvc1156-2-e,10,1.0244,302,4,1,3,9,cyclic_2_1,cyclic_128_1,block_2_1,unroll_64,1,4.25,0.218598139163,False
workload_482.cpp,xczu7ev-ffvc1156-2-e,10,0.31,77.5,4,1,3,5,cyclic_2_1,cyclic_128_1,block_2_1,unroll_8,2,3.25,0.914328965033,False
workload_322.cpp,xczu7ev-ffvc1156-2-e,10,0.27016,168,14,30,22,30,cyclic_2_1,cyclic_128_1,block_32_1,unroll_32,1,24,0.533751116253,False
workload_194.cpp,xczu7ev-ffvc1156-2-e,10,0.32024,82,14,1,3,6,cyclic_2_1,cyclic_128_1,block_32_1,unroll_8,1,6,0.86528575033,False
workload_277.cpp,xczu7ev-ffvc1156-2-e,10,0.27336,194,4,30,30,35,cyclic_2_1,cyclic_128_1,block_64_1,unroll_32,1,24.75,0.519421580423,False
workload_288.cpp,xczu7ev-ffvc1156-2-e,10,0.40728,78,4,1,3,7,cyclic_2_1,cyclic_128_1,block_64_1,unroll_4,1,3.75,0.818802318017,False
workload_315.cpp,xczu7ev-ffvc1156-2-e,10,1.03472,372,4,1,11,20,cyclic_2_1,cyclic_128_1,block_64_1,unroll_64,1,9,0.207275780997,False
workload_166.cpp,xczu7ev-ffvc1156-2-e,10,0.32024,88,4,1,4,8,cyclic_2_1,cyclic_128_1,block_64_1,unroll_8,2,4.25,0.890240755803,False
workload_494.cpp,xczu7ev-ffvc1156-2-e,10,0.23644,67,12,1,3,4,cyclic_2_1,cyclic_128_1,block_8_1,pipeline_1,1,5,0.961912358684,False
workload_399.cpp,xczu7ev-ffvc1156-2-e,10,0.27,147,6,30,15,26,cyclic_2_1,cyclic_128_1,block_8_1,unroll_32,1,19.25,0.625897646861,False
workload_388.cpp,xczu7ev-ffvc1156-2-e,10,0.2262,69,11,1,3,4,cyclic_2_1,cyclic_128_1,cyclic_2_1,pipeline_1,1,4.75,0.973313778879,False
workload_300.cpp,xczu7ev-ffvc1156-2-e,10,0.26648,95,4,1,4,6,cyclic_2_1,cyclic_128_1,cyclic_2_1,unroll_16,2,3.75,0.95868335221,False
workload_626.cpp,xczu7ev-ffvc1156-2-e,10,0.25976,145,4,30,15,25,cyclic_2_1,cyclic_128_1,cyclic_2_1,unroll_32,1,18.5,0.643409843389,False
workload_386.cpp,xczu7ev-ffvc1156-2-e,10,0.39704,68,4,1,2,4,cyclic_2_1,cyclic_128_1,cyclic_2_1,unroll_4,1,2.75,0.840466696811,False
workload_430.cpp,xczu7ev-ffvc1156-2-e,10,0.31,74,4,1,3,5,cyclic_2_1,cyclic_128_1,cyclic_2_1,unroll_8,1,3.25,0.914328965033,False
workload_429.cpp,xczu7ev-ffvc1156-2-e,10,0.2262,67,11,1,3,4,cyclic_2_1,cyclic_128_1,cyclic_4_1,pipeline_1,1,4.75,0.973313778879,False
workload_330.cpp,xczu7ev-ffvc1156-2-e,10,0.26648,96,5,1,4,6,cyclic_2_1,cyclic_128_1,cyclic_4_1,unroll_16,2,4,0.95587921433,False
workload_447.cpp,xczu7ev-ffvc1156-2-e,10,0.25976,143.5,5,30,15,25,cyclic_2_1,cyclic_128_1,cyclic_4_1,unroll_32,2,18.75,0.63825980882,False
workload_298.cpp,xczu7ev-ffvc1156-2-e,10,0.31,80,4,1,3,5,cyclic_2_1,cyclic_128_1,cyclic_4_1,unroll_8,1,3.25,0.914328965033,False
workload_405.cpp,xczu7ev-ffvc1156-2-e,10,0.23644,73,10,1,3,5,cyclic_2_1,cyclic_128_1,cyclic_64_1,pipeline_1,1,4.75,0.967502993387,False
workload_675.cpp,xczu7ev-ffvc1156-2-e,10,0.27,156,4,31,16,27,cyclic_2_1,cyclic_128_1,cyclic_64_1,unroll_32,1,19.5,0.620818750657,False
workload_179.cpp,xczu7ev-ffvc1156-2-e,10,0.26504,544,6,69,87,75,cyclic_2_1,cyclic_16_1,block_128_1,unroll_64,1,59.25,0.126022044513,False
workload_130.cpp,xczu7ev-ffvc1156-2-e,10,0.27672,96,11,1,2,5,cyclic_2_1,cyclic_16_1,block_16_1,unroll_16,1,4.75,0.931912406024,False
workload_69.cpp,xczu7ev-ffvc1156-2-e,10,0.26664,323,11,69,36,53,cyclic_2_1,cyclic_16_1,block_16_1,unroll_64,1,42.25,0.261373025369,False
workload_211.cpp,xczu7ev-ffvc1156-2-e,10,0.57368,61,7,1,1,2,cyclic_2_1,cyclic_16_1,block_2_1,unroll_2,1,2.75,0.698335398108,False
workload_250.cpp,xczu7ev-ffvc1156-2-e,10,0.91288,79,7,1,1,3,cyclic_2_1,cyclic_16_1,block_2_1,unroll_8,1,3,0.304867872307,False
workload_184.cpp,xczu7ev-ffvc1156-2-e,10,0.2262,63,14,1,1,2,cyclic_2_1,cyclic_16_1,block_4_1,pipeline_1,1,4.5,0.979947682472,False
workload_107.cpp,xczu7ev-ffvc1156-2-e,10,0.26504,391,6,69,58,62,cyclic_2_1,cyclic_16_1,block_64_1,unroll_64,1,48.75,0.196036357201,False
workload_339.cpp,xczu7ev-ffvc1156-2-e,10,0.39704,65,7,1,1,2,cyclic_2_1,cyclic_16_1,cyclic_2_1,unroll_4,1,2.75,0.840466696811,False
workload_487.cpp,xczu7ev-ffvc1156-2-e,10,0.25976,139,8,30,13,23,cyclic_2_1,cyclic_16_1,cyclic_4_1,unroll_32,1,18.5,0.643409843389,False
workload_114.cpp,xczu7ev-ffvc1156-2-e,10,1.00888,66,6,1,1,3,cyclic_2_1,cyclic_16_1,cyclic_64_1,unroll_2,1,2.75,0.229550464542,False
workload_434.cpp,xczu7ev-ffvc1156-2-e,10,0.23644,73,11,1,3,4,cyclic_2_1,cyclic_2_1,block_128_1,pipeline_1,3,4.75,0.967502993387,False
workload_528.cpp,xczu7ev-ffvc1156-2-e,10,0.27336,231,4,23,41,36,cyclic_2_1,cyclic_2_1,block_128_1,unroll_32,1,26,0.497035071753,False
workload_257.cpp,xczu7ev-ffvc1156-2-e,10,0.40728,79,4,1,2,6,cyclic_2_1,cyclic_2_1,block_128_1,unroll_4,1,3.25,0.824125060471,False
workload_290.cpp,xczu7ev-ffvc1156-2-e,10,0.2262,61.5,11,1,1,2,cyclic_2_1,cyclic_2_1,block_2_1,pipeline_1,2,3.75,1,True
workload_262.cpp,xczu7ev-ffvc1156-2-e,10,0.2684,93,5,1,2,4,cyclic_2_1,cyclic_2_1,block_2_1,unroll_16,3,3,0.956445180257,False
workload_217.cpp,xczu7ev-ffvc1156-2-e,10,0.26808,133,5,23,11,19,cyclic_2_1,cyclic_2_1,block_2_1,unroll_32,2,14.5,0.72708873135,False
workload_342.cpp,xczu7ev-ffvc1156-2-e,10,0.39704,63,5,1,1,2,cyclic_2_1,cyclic_2_1,block_2_1,unroll_4,1,2.25,0.845923523143,False
workload_390.cpp,xczu7ev-ffvc1156-2-e,10,0.25048,279,5,52,23,40,cyclic_2_1,cyclic_2_1,block_2_1,unroll_64,2,30,0.431732976262,False
workload_522.cpp,xczu7ev-ffvc1156-2-e,10,0.31128,71.5,5,1,1,2,cyclic_2_1,cyclic_2_1,block_2_1,unroll_8,2,2.25,0.917865983811,False
workload_321.cpp,xczu7ev-ffvc1156-2-e,10,0.32152,76.5,14,1,1,4,cyclic_2_1,cyclic_2_1,block_32_1,unroll_8,2,5,0.878926839187,False
workload_667.cpp,xczu7ev-ffvc1156-2-e,10,0.2262,61,11,1,1,2,cyclic_2_1,cyclic_2_1,block_4_1,pipeline_1,1,3.75,1,True
workload_584.cpp,xczu7ev-ffvc1156-2-e,10,0.31128,72,5,1,1,3,cyclic_2_1,cyclic_2_1,block_4_1,unroll_8,2,2.5,0.917485705509,False
workload_558.cpp,xczu7ev-ffvc1156-2-e,10,0.23644,65,11,1,2,3,cyclic_2_1,cyclic_2_1,block_64_1,pipeline_1,1,4.25,0.977053171963,False
workload_284.cpp,xczu7ev-ffvc1156-2-e,10,0.27336,176,4,23,26,28,cyclic_2_1,cyclic_2_1,block_64_1,unroll_32,1,20.25,0.605210218677,False
workload_247.cpp,xczu7ev-ffvc1156-2-e,10,0.40728,71.5,4,1,2,4,cyclic_2_1,cyclic_2_1,block_64_1,unroll_4,2,2.75,0.8286751909,False
workload_540.cpp,xczu7ev-ffvc1156-2-e,10,0.26104,380,4,58,54,56,cyclic_2_1,cyclic_2_1,block_64_1,unroll_64,1,43,0.253244466937,False
workload_276.cpp,xczu7ev-ffvc1156-2-e,10,0.32152,83,4,1,2,5,cyclic_2_1,cyclic_2_1,block_64_1,unroll_8,2,3,0.899392081727,False
workload_127.cpp,xczu7ev-ffvc1156-2-e,10,0.2262,61.5,11,1,1,2,cyclic_2_1,cyclic_2_1,cyclic_2_1,pipeline_1,2,3.75,1,True
workload_151.cpp,xczu7ev-ffvc1156-2-e,10,0.2684,92,5,1,2,4,cyclic_2_1,cyclic_2_1,cyclic_2_1,unroll_16,3,3,0.956445180257,False
workload_253.cpp,xczu7ev-ffvc1156-2-e,10,0.57368,60,4,1,1,1,cyclic_2_1,cyclic_2_1,cyclic_2_1,unroll_2,2,1.75,1,True
workload_517.cpp,xczu7ev-ffvc1156-2-e,10,0.26808,132.5,5,23,11,19,cyclic_2_1,cyclic_2_1,cyclic_2_1,unroll_32,2,14.5,0.72708873135,False
workload_135.cpp,xczu7ev-ffvc1156-2-e,10,0.39704,65,4,1,1,2,cyclic_2_1,cyclic_2_1,cyclic_2_1,unroll_4,2,2,1,True
workload_333.cpp,xczu7ev-ffvc1156-2-e,10,0.25048,277.5,5,49,22,39,cyclic_2_1,cyclic_2_1,cyclic_2_1,unroll_64,2,28.75,0.452407429175,False
workload_356.cpp,xczu7ev-ffvc1156-2-e,10,0.31128,72,5,1,1,2,cyclic_2_1,cyclic_2_1,cyclic_2_1,unroll_8,2,2.25,0.917865983811,False
workload_407.cpp,xczu7ev-ffvc1156-2-e,10,0.2262,61,11,1,1,2,cyclic_2_1,cyclic_2_1,cyclic_4_1,pipeline_1,2,3.75,1,True
workload_530.cpp,xczu7ev-ffvc1156-2-e,10,0.2684,91,5,1,2,4,cyclic_2_1,cyclic_2_1,cyclic_4_1,unroll_16,2,3,0.956445180257,False
workload_178.cpp,xczu7ev-ffvc1156-2-e,10,0.57368,60,5,1,1,1,cyclic_2_1,cyclic_2_1,cyclic_4_1,unroll_2,1,2,0.706105385675,False
workload_176.cpp,xczu7ev-ffvc1156-2-e,10,0.26808,134,5,23,11,19,cyclic_2_1,cyclic_2_1,cyclic_4_1,unroll_32,1,14.5,0.72708873135,False
workload_240.cpp,xczu7ev-ffvc1156-2-e,10,0.39704,64,5,1,1,2,cyclic_2_1,cyclic_2_1,cyclic_4_1,unroll_4,2,2.25,0.845923523143,False
workload_600.cpp,xczu7ev-ffvc1156-2-e,10,0.25048,271.5,5,49,22,39,cyclic_2_1,cyclic_2_1,cyclic_4_1,unroll_64,2,28.75,0.452407429175,False
workload_551.cpp,xczu7ev-ffvc1156-2-e,10,0.31128,71,5,1,1,3,cyclic_2_1,cyclic_2_1,cyclic_4_1,unroll_8,1,2.5,0.917485705509,False
workload_374.cpp,xczu7ev-ffvc1156-2-e,10,0.79,80,4,1,1,4,cyclic_2_1,cyclic_2_1,cyclic_64_1,unroll_8,1,2.5,0.426492042215,False
workload_497.cpp,xczu7ev-ffvc1156-2-e,10,0.23644,62,12,1,1,2,cyclic_2_1,cyclic_2_1,cyclic_8_1,pipeline_1,1,4,0.980164771828,False
workload_643.cpp,xczu7ev-ffvc1156-2-e,10,0.886,62,5,1,1,2,cyclic_2_1,cyclic_2_1,cyclic_8_1,unroll_2,1,2.25,0.329122070167,False
workload_34.cpp,xczu7ev-ffvc1156-2-e,10,0.91224,110,9,1,1,4,cyclic_2_1,cyclic_32_1,cyclic_2_1,unroll_16,2,3.75,0.30512839776,False
workload_71.cpp,xczu7ev-ffvc1156-2-e,10,0.9276,119,9,1,2,5,cyclic_2_1,cyclic_32_1,cyclic_64_1,unroll_16,2,4.25,0.291619941155,False
workload_646.cpp,xczu7ev-ffvc1156-2-e,10,0.26264,527.5,4,65,86,73,cyclic_2_1,cyclic_4_1,block_128_1,unroll_64,2,57,0.137353877321,False
workload_188.cpp,xczu7ev-ffvc1156-2-e,10,0.26264,312,10,65,34,51,cyclic_2_1,cyclic_4_1,block_16_1,unroll_64,1,40,0.288172947254,False
workload_39.cpp,xczu7ev-ffvc1156-2-e,10,0.2262,60,11,1,1,2,cyclic_2_1,cyclic_4_1,block_2_1,pipeline_1,1,3.75,1,True
workload_111.cpp,xczu7ev-ffvc1156-2-e,10,0.26712,93.5,5,1,2,4,cyclic_2_1,cyclic_4_1,block_2_1,unroll_16,2,3,0.958698436092,False
workload_187.cpp,xczu7ev-ffvc1156-2-e,10,0.91672,60,5,1,1,2,cyclic_2_1,cyclic_4_1,block_2_1,unroll_2,1,2.25,0.301588769097,False
workload_174.cpp,xczu7ev-ffvc1156-2-e,10,0.26008,137,5,28,13,21,cyclic_2_1,cyclic_4_1,block_2_1,unroll_32,1,16.75,0.67999836897,False
workload_244.cpp,xczu7ev-ffvc1156-2-e,10,0.39704,65,5,1,1,2,cyclic_2_1,cyclic_4_1,block_2_1,unroll_4,1,2.25,0.845923523143,False
workload_153.cpp,xczu7ev-ffvc1156-2-e,10,0.25208,292,5,60,26,45,cyclic_2_1,cyclic_4_1,block_2_1,unroll_64,2,34,0.369662243735,False
workload_227.cpp,xczu7ev-ffvc1156-2-e,10,0.31,72.5,5,1,1,3,cyclic_2_1,cyclic_4_1,block_2_1,unroll_8,2,2.5,0.919698930888,False
workload_413.cpp,xczu7ev-ffvc1156-2-e,10,0.2262,61.5,12,1,1,2,cyclic_2_1,cyclic_4_1,block_4_1,pipeline_1,2,4,0.993290793033,False
workload_410.cpp,xczu7ev-ffvc1156-2-e,10,0.23644,66.5,11,1,2,3,cyclic_2_1,cyclic_4_1,block_64_1,pipeline_1,2,4.25,0.977053171963,False
workload_367.cpp,xczu7ev-ffvc1156-2-e,10,0.27744,114,4,1,10,10,cyclic_2_1,cyclic_4_1,block_64_1,unroll_16,1,6.25,0.905472608054,False
workload_493.cpp,xczu7ev-ffvc1156-2-e,10,0.26264,388,4,65,57,60,cyclic_2_1,cyclic_4_1,block_64_1,unroll_64,1,46.5,0.216869959402,False
workload_486.cpp,xczu7ev-ffvc1156-2-e,10,0.32024,81,4,1,2,6,cyclic_2_1,cyclic_4_1,block_64_1,unroll_8,1,3.25,0.90006758847,False
workload_261.cpp,xczu7ev-ffvc1156-2-e,10,0.2262,61,11,1,1,2,cyclic_2_1,cyclic_4_1,cyclic_2_1,pipeline_1,2,3.75,1,True
workload_337.cpp,xczu7ev-ffvc1156-2-e,10,0.26712,92.5,5,1,2,4,cyclic_2_1,cyclic_4_1,cyclic_2_1,unroll_16,2,3,0.958698436092,False
workload_332.cpp,xczu7ev-ffvc1156-2-e,10,0.26008,133.5,5,28,13,21,cyclic_2_1,cyclic_4_1,cyclic_2_1,unroll_32,2,16.75,0.67999836897,False
workload_348.cpp,xczu7ev-ffvc1156-2-e,10,0.25208,285,5,56,25,43,cyclic_2_1,cyclic_4_1,cyclic_2_1,unroll_64,1,32.25,0.395984072339,False
workload_229.cpp,xczu7ev-ffvc1156-2-e,10,0.31,71,5,1,1,3,cyclic_2_1,cyclic_4_1,cyclic_2_1,unroll_8,1,2.5,0.919698930888,False
workload_620.cpp,xczu7ev-ffvc1156-2-e,10,0.2262,61,12,1,1,2,cyclic_2_1,cyclic_4_1,cyclic_4_1,pipeline_1,1,4,0.993290793033,False
workload_403.cpp,xczu7ev-ffvc1156-2-e,10,0.26712,91.5,5,1,2,4,cyclic_2_1,cyclic_4_1,cyclic_4_1,unroll_16,2,3,0.958698436092,False
workload_563.cpp,xczu7ev-ffvc1156-2-e,10,0.25208,277.5,5,54,24,42,cyclic_2_1,cyclic_4_1,cyclic_4_1,unroll_64,2,31.25,0.411572510627,False
workload_378.cpp,xczu7ev-ffvc1156-2-e,10,0.31,71,5,1,1,3,cyclic_2_1,cyclic_4_1,cyclic_4_1,unroll_8,1,2.5,0.919698930888,False
workload_536.cpp,xczu7ev-ffvc1156-2-e,10,0.2636,298,4,59,27,45,cyclic_2_1,cyclic_4_1,cyclic_64_1,unroll_64,1,33.75,0.372513132772,False
workload_159.cpp,xczu7ev-ffvc1156-2-e,10,0.23644,61.5,12,1,1,2,cyclic_2_1,cyclic_4_1,cyclic_8_1,pipeline_1,2,4,0.980164771828,False
workload_156.cpp,xczu7ev-ffvc1156-2-e,10,0.27032,134,7,28,13,21,cyclic_2_1,cyclic_4_1,cyclic_8_1,unroll_32,1,17.25,0.667293788266,False
workload_219.cpp,xczu7ev-ffvc1156-2-e,10,0.40728,63,6,1,1,2,cyclic_2_1,cyclic_4_1,cyclic_8_1,unroll_4,1,2.5,0.830408559044,False
workload_710.cpp,xczu7ev-ffvc1156-2-e,10,0.26648,96,4,1,3,5,cyclic_2_1,cyclic_64_1,block_2_1,unroll_16,1,3.25,0.959979728626,False
workload_747.cpp,xczu7ev-ffvc1156-2-e,10,0.97336,149,4,1,2,6,cyclic_2_1,cyclic_64_1,cyclic_2_1,unroll_32,1,3.25,0.255345473777,False
workload_717.cpp,xczu7ev-ffvc1156-2-e,10,0.31,73,4,1,2,4,cyclic_2_1,cyclic_64_1,cyclic_2_1,unroll_8,1,2.75,0.919033298279,False
workload_672.cpp,xczu7ev-ffvc1156-2-e,10,0.2262,64,11,1,2,3,cyclic_2_1,cyclic_64_1,cyclic_4_1,pipeline_1,1,4.25,0.98660668719,False
workload_689.cpp,xczu7ev-ffvc1156-2-e,10,0.26648,93,5,1,3,5,cyclic_2_1,cyclic_64_1,cyclic_4_1,unroll_16,2,3.5,0.959849947043,False
workload_739.cpp,xczu7ev-ffvc1156-2-e,10,0.97336,149,4,1,2,6,cyclic_2_1,cyclic_64_1,cyclic_4_1,unroll_32,1,3.25,0.255345473777,False
workload_715.cpp,xczu7ev-ffvc1156-2-e,10,0.39704,65,4,1,2,3,cyclic_2_1,cyclic_64_1,cyclic_4_1,unroll_4,1,2.5,0.843224807458,False
workload_708.cpp,xczu7ev-ffvc1156-2-e,10,0.25256,291,5,67,29,49,cyclic_2_1,cyclic_64_1,cyclic_4_1,unroll_64,1,37.5,0.320659152494,False
workload_648.cpp,xczu7ev-ffvc1156-2-e,10,0.31,72,4,1,2,4,cyclic_2_1,cyclic_64_1,cyclic_4_1,unroll_8,1,2.75,0.919033298279,False
workload_743.cpp,xczu7ev-ffvc1156-2-e,10,0.32024,74,5,1,2,4,cyclic_2_1,cyclic_64_1,cyclic_8_1,unroll_8,1,3,0.901482206243,False
workload_762.cpp,xczu7ev-ffvc1156-2-e,10,0.27496,240,5,29,43,39,cyclic_2_1,cyclic_8_1,block_128_1,unroll_32,1,29,0.44548825682,False
workload_657.cpp,xczu7ev-ffvc1156-2-e,10,0.2262,62,12,1,1,2,cyclic_2_1,cyclic_8_1,block_2_1,pipeline_1,1,4,0.993290793033,False
workload_714.cpp,xczu7ev-ffvc1156-2-e,10,0.26456,137,6,29,13,22,cyclic_2_1,cyclic_8_1,block_2_1,unroll_32,3,17.5,0.663009891064,False
workload_606.cpp,xczu7ev-ffvc1156-2-e,10,0.91416,69,5,1,1,2,cyclic_2_1,cyclic_8_1,block_2_1,unroll_4,1,2.25,0.303815964395,False
workload_656.cpp,xczu7ev-ffvc1156-2-e,10,0.2548,300,6,64,27,47,cyclic_2_1,cyclic_8_1,block_2_1,unroll_64,2,36,0.340926517559,False
workload_721.cpp,xczu7ev-ffvc1156-2-e,10,0.2262,61.5,12,1,1,2,cyclic_2_1,cyclic_8_1,block_4_1,pipeline_1,2,4,0.993290793033,False
workload_435.cpp,xczu7ev-ffvc1156-2-e,10,0.2262,62,12,1,1,2,cyclic_2_1,cyclic_8_1,cyclic_2_1,pipeline_1,2,4,0.993290793033,False
workload_502.cpp,xczu7ev-ffvc1156-2-e,10,0.26648,91,6,1,2,4,cyclic_2_1,cyclic_8_1,cyclic_2_1,unroll_16,2,3.25,0.959979728626,False
workload_360.cpp,xczu7ev-ffvc1156-2-e,10,0.26456,135,6,29,13,22,cyclic_2_1,cyclic_8_1,cyclic_2_1,unroll_32,1,17.5,0.663009891064,False
workload_307.cpp,xczu7ev-ffvc1156-2-e,10,0.91416,67,5,1,1,2,cyclic_2_1,cyclic_8_1,cyclic_2_1,unroll_4,2,2.25,0.303815964395,False
workload_296.cpp,xczu7ev-ffvc1156-2-e,10,0.2548,284,6,61,26,45,cyclic_2_1,cyclic_8_1,cyclic_2_1,unroll_64,2,34.5,0.362203456213,False
workload_498.cpp,xczu7ev-ffvc1156-2-e,10,0.31,71.5,6,1,1,3,cyclic_2_1,cyclic_8_1,cyclic_2_1,unroll_8,2,2.75,0.919033298279,False
workload_352.cpp,xczu7ev-ffvc1156-2-e,10,0.2262,63,12,1,1,2,cyclic_2_1,cyclic_8_1,cyclic_4_1,pipeline_1,1,4,0.993290793033,False
workload_726.cpp,xczu7ev-ffvc1156-2-e,10,0.26648,89,6,1,2,4,cyclic_2_1,cyclic_8_1,cyclic_4_1,unroll_16,1,3.25,0.959979728626,False
workload_570.cpp,xczu7ev-ffvc1156-2-e,10,0.26456,132,6,29,13,22,cyclic_2_1,cyclic_8_1,cyclic_4_1,unroll_32,1,17.5,0.663009891064,False
workload_547.cpp,xczu7ev-ffvc1156-2-e,10,0.91416,67,6,1,1,2,cyclic_2_1,cyclic_8_1,cyclic_4_1,unroll_4,1,2.5,0.303819782945,False
workload_392.cpp,xczu7ev-ffvc1156-2-e,10,0.2548,278,6,57,25,43,cyclic_2_1,cyclic_8_1,cyclic_4_1,unroll_64,2,32.75,0.388158596819,False
workload_521.cpp,xczu7ev-ffvc1156-2-e,10,0.66136,239,11,1,4,14,cyclic_32_1,block_128_1,cyclic_2_1,unroll_16,1,7.5,0.55958815417,False
workload_63.cpp,xczu7ev-ffvc1156-2-e,10,0.28764,82,42,1,3,7,cyclic_32_1,block_128_1,cyclic_64_1,pipeline_1,1,13.25,0.747998732963,False
workload_48.cpp,xczu7ev-ffvc1156-2-e,10,1.00632,80.5,14,1,1,4,cyclic_32_1,block_16_1,block_32_1,unroll_4,2,5,0.230482020822,False
workload_79.cpp,xczu7ev-ffvc1156-2-e,10,0.2774,66,43,1,1,3,cyclic_32_1,block_2_1,cyclic_4_1,pipeline_1,1,12,0.779901503155,False
workload_11.cpp,xczu7ev-ffvc1156-2-e,10,0.99352,87,8,1,1,4,cyclic_32_1,block_4_1,block_4_1,unroll_8,1,3.5,0.240310331066,False
workload_47.cpp,xczu7ev-ffvc1156-2-e,10,1.00376,90,8,1,1,5,cyclic_32_1,block_4_1,block_8_1,unroll_8,1,3.75,0.232920799355,False
workload_96.cpp,xczu7ev-ffvc1156-2-e,10,0.2774,70,43,1,2,4,cyclic_32_1,block_64_1,block_4_1,pipeline_1,1,12.5,0.768739990713,False
workload_1.cpp,xczu7ev-ffvc1156-2-e,10,0.28764,74,44,1,3,5,cyclic_32_1,cyclic_128_1,block_8_1,pipeline_1,1,13.25,0.747998732963,False
workload_680.cpp,xczu7ev-ffvc1156-2-e,10,0.2972,142,13,32,14,24,cyclic_32_1,cyclic_4_1,block_2_1,unroll_32,1,20.75,0.590115023906,False
workload_753.cpp,xczu7ev-ffvc1156-2-e,10,0.29976,133,13,25,11,20,cyclic_32_1,cyclic_8_1,block_2_1,unroll_32,1,17.25,0.658871576207,False
workload_117.cpp,xczu7ev-ffvc1156-2-e,10,0.2774,67,44,1,1,3,cyclic_32_1,cyclic_8_1,cyclic_4_1,pipeline_1,1,12.25,0.774315458158,False
workload_191.cpp,xczu7ev-ffvc1156-2-e,10,0.23644,83,12,1,4,6,cyclic_4_1,block_128_1,block_128_1,pipeline_1,1,5.75,0.943942437761,False
workload_513.cpp,xczu7ev-ffvc1156-2-e,10,0.81752,752,5,4,4,13,cyclic_4_1,block_128_1,block_2_1,unroll_32,1,6.5,0.391275164094,False
workload_142.cpp,xczu7ev-ffvc1156-2-e,10,0.2262,69,12,1,3,4,cyclic_4_1,block_128_1,cyclic_2_1,pipeline_1,1,5,0.96670497641,False
workload_645.cpp,xczu7ev-ffvc1156-2-e,10,0.86872,309,4,1,2,10,cyclic_4_1,block_128_1,cyclic_2_1,unroll_16,2,4.25,0.344501767197,False
workload_698.cpp,xczu7ev-ffvc1156-2-e,10,0.39448,76,4,1,2,7,cyclic_4_1,block_128_1,cyclic_2_1,unroll_4,1,3.5,0.833830924956,False
workload_251.cpp,xczu7ev-ffvc1156-2-e,10,0.30872,96.5,5,1,3,11,cyclic_4_1,block_128_1,cyclic_2_1,unroll_8,2,5,0.89223452996,False
workload_524.cpp,xczu7ev-ffvc1156-2-e,10,0.86872,304,5,1,3,10,cyclic_4_1,block_128_1,cyclic_4_1,unroll_16,1,4.75,0.343967786827,False
workload_317.cpp,xczu7ev-ffvc1156-2-e,10,1.01512,3111,5,1,3,11,cyclic_4_1,block_128_1,cyclic_4_1,unroll_64,1,5,0.224428041967,False
workload_445.cpp,xczu7ev-ffvc1156-2-e,10,0.23644,75,12,1,3,5,cyclic_4_1,block_128_1,cyclic_64_1,pipeline_1,2,5.25,0.956061541124,False
workload_768.cpp,xczu7ev-ffvc1156-2-e,10,1.02536,3025,5,1,3,11,cyclic_4_1,block_128_1,cyclic_8_1,unroll_64,1,5,0.217563574752,False
workload_148.cpp,xczu7ev-ffvc1156-2-e,10,0.92696,71,4,1,1,3,cyclic_4_1,block_2_1,block_64_1,unroll_2,1,2.25,0.292802268992,False
workload_345.cpp,xczu7ev-ffvc1156-2-e,10,1.0244,300,5,1,1,6,cyclic_4_1,block_2_1,cyclic_4_1,unroll_64,1,3.25,0.218915125189,False
workload_659.cpp,xczu7ev-ffvc1156-2-e,10,0.23644,69,17,1,2,3,cyclic_4_1,block_32_1,cyclic_64_1,pipeline_1,1,5.75,0.943942437761,False
workload_303.cpp,xczu7ev-ffvc1156-2-e,10,0.57368,63,6,1,1,2,cyclic_4_1,block_4_1,block_2_1,unroll_2,1,2.5,0.700948654125,False
workload_185.cpp,xczu7ev-ffvc1156-2-e,10,0.26264,136,6,26,12,21,cyclic_4_1,block_4_1,block_2_1,unroll_32,1,16.25,0.689949608075,False
workload_391.cpp,xczu7ev-ffvc1156-2-e,10,0.26264,136,7,26,12,21,cyclic_4_1,block_4_1,block_4_1,unroll_32,1,16.5,0.684622059256,False
workload_461.cpp,xczu7ev-ffvc1156-2-e,10,0.26648,93,6,2,2,5,cyclic_4_1,block_4_1,cyclic_2_1,unroll_16,1,3.75,0.95868335221,False
workload_326.cpp,xczu7ev-ffvc1156-2-e,10,0.57368,62,6,1,1,2,cyclic_4_1,block_4_1,cyclic_2_1,unroll_2,1,2.5,0.700948654125,False
workload_507.cpp,xczu7ev-ffvc1156-2-e,10,0.25368,286,6,54,24,41,cyclic_4_1,block_4_1,cyclic_2_1,unroll_64,1,31.25,0.411458526676,False
workload_175.cpp,xczu7ev-ffvc1156-2-e,10,0.2262,61,13,1,1,2,cyclic_4_1,block_4_1,cyclic_4_1,pipeline_1,1,4.25,0.98660668719,False
workload_299.cpp,xczu7ev-ffvc1156-2-e,10,0.26264,135,7,26,12,21,cyclic_4_1,block_4_1,cyclic_4_1,unroll_32,1,16.5,0.684622059256,False
workload_268.cpp,xczu7ev-ffvc1156-2-e,10,0.25368,279,7,51,24,40,cyclic_4_1,block_4_1,cyclic_4_1,unroll_64,1,30.5,0.423405403526,False
workload_557.cpp,xczu7ev-ffvc1156-2-e,10,0.26648,113,5,2,3,11,cyclic_4_1,block_64_1,block_2_1,unroll_16,1,5.25,0.935336234538,False
workload_544.cpp,xczu7ev-ffvc1156-2-e,10,0.39448,72,5,1,2,5,cyclic_4_1,block_64_1,block_2_1,unroll_4,1,3.25,0.836745142702,False
workload_385.cpp,xczu7ev-ffvc1156-2-e,10,0.84328,1097,5,12,7,19,cyclic_4_1,block_64_1,block_2_1,unroll_64,1,10.75,0.351313650987,False
workload_488.cpp,xczu7ev-ffvc1156-2-e,10,0.40472,77.5,4,1,2,7,cyclic_4_1,block_64_1,block_64_1,unroll_4,2,3.5,0.82442919309,False
workload_707.cpp,xczu7ev-ffvc1156-2-e,10,1.00632,78,7,1,1,4,cyclic_4_1,block_64_1,cyclic_16_1,unroll_4,1,3.25,0.231264638908,False
workload_420.cpp,xczu7ev-ffvc1156-2-e,10,0.2262,65.5,12,1,2,3,cyclic_4_1,block_64_1,cyclic_2_1,pipeline_1,2,4.5,0.979947682472,False
workload_564.cpp,xczu7ev-ffvc1156-2-e,10,0.26648,111,5,2,3,11,cyclic_4_1,block_64_1,cyclic_2_1,unroll_16,1,5.25,0.935336234538,False
workload_340.cpp,xczu7ev-ffvc1156-2-e,10,0.39448,71,4,1,2,4,cyclic_4_1,block_64_1,cyclic_2_1,unroll_4,2,2.75,0.84234457585,False
workload_382.cpp,xczu7ev-ffvc1156-2-e,10,0.30872,79.5,5,1,2,7,cyclic_4_1,block_64_1,cyclic_2_1,unroll_8,2,3.75,0.909749938987,False
workload_440.cpp,xczu7ev-ffvc1156-2-e,10,0.30872,80.5,5,1,2,7,cyclic_4_1,block_64_1,cyclic_4_1,unroll_8,2,3.75,0.909749938987,False
workload_635.cpp,xczu7ev-ffvc1156-2-e,10,0.23644,70,12,1,3,4,cyclic_4_1,block_64_1,cyclic_64_1,pipeline_1,1,5,0.961912358684,False
workload_543.cpp,xczu7ev-ffvc1156-2-e,10,0.2262,69,12,1,3,4,cyclic_4_1,cyclic_128_1,block_2_1,pipeline_1,1,5,0.96670497641,False
workload_484.cpp,xczu7ev-ffvc1156-2-e,10,0.26264,99,5,2,4,7,cyclic_4_1,cyclic_128_1,block_2_1,unroll_16,3,4.5,0.952304220506,False
workload_269.cpp,xczu7ev-ffvc1156-2-e,10,0.25304,145,5,30,15,25,cyclic_4_1,cyclic_128_1,block_2_1,unroll_32,3,18.75,0.639557039314,False
workload_520.cpp,xczu7ev-ffvc1156-2-e,10,1.0244,305,4,1,3,9,cyclic_4_1,cyclic_128_1,block_2_1,unroll_64,3,4.25,0.218598139163,False
workload_383.cpp,xczu7ev-ffvc1156-2-e,10,0.30616,77,5,1,3,5,cyclic_4_1,cyclic_128_1,block_2_1,unroll_8,1,3.5,0.915255486914,False
workload_209.cpp,xczu7ev-ffvc1156-2-e,10,0.27296,122,4,2,12,13,cyclic_4_1,cyclic_128_1,block_64_1,unroll_16,1,7.75,0.877769896875,False
workload_223.cpp,xczu7ev-ffvc1156-2-e,10,0.58392,72,4,1,3,6,cyclic_4_1,cyclic_128_1,block_64_1,unroll_2,1,3.5,0.681326934682,False
workload_302.cpp,xczu7ev-ffvc1156-2-e,10,0.26344,192,4,30,30,35,cyclic_4_1,cyclic_128_1,block_64_1,unroll_32,2,24.75,0.521109497138,False
workload_456.cpp,xczu7ev-ffvc1156-2-e,10,0.2262,68,12,1,3,4,cyclic_4_1,cyclic_128_1,cyclic_2_1,pipeline_1,1,5,0.96670497641,False
workload_331.cpp,xczu7ev-ffvc1156-2-e,10,0.26264,96,5,2,4,7,cyclic_4_1,cyclic_128_1,cyclic_2_1,unroll_16,3,4.5,0.952304220506,False
workload_673.cpp,xczu7ev-ffvc1156-2-e,10,0.57368,70,4,1,2,4,cyclic_4_1,cyclic_128_1,cyclic_2_1,unroll_2,1,2.75,0.698335398108,False
workload_359.cpp,xczu7ev-ffvc1156-2-e,10,0.25624,143,5,30,15,25,cyclic_4_1,cyclic_128_1,cyclic_2_1,unroll_32,3,18.75,0.638974456748,False
workload_593.cpp,xczu7ev-ffvc1156-2-e,10,0.39448,69,5,1,2,4,cyclic_4_1,cyclic_128_1,cyclic_2_1,unroll_4,1,3,0.8395869603,False
workload_495.cpp,xczu7ev-ffvc1156-2-e,10,1.0244,299,4,1,3,8,cyclic_4_1,cyclic_128_1,cyclic_2_1,unroll_64,2,4,0.218700537351,False
workload_289.cpp,xczu7ev-ffvc1156-2-e,10,0.30616,77,5,1,3,5,cyclic_4_1,cyclic_128_1,cyclic_2_1,unroll_8,3,3.5,0.915255486914,False
workload_687.cpp,xczu7ev-ffvc1156-2-e,10,0.26264,96,5,2,4,7,cyclic_4_1,cyclic_128_1,cyclic_4_1,unroll_16,1,4.5,0.952304220506,False
workload_376.cpp,xczu7ev-ffvc1156-2-e,10,0.25304,142,5,30,15,25,cyclic_4_1,cyclic_128_1,cyclic_4_1,unroll_32,2,18.75,0.639557039314,False
workload_463.cpp,xczu7ev-ffvc1156-2-e,10,1.0244,307,5,1,3,8,cyclic_4_1,cyclic_128_1,cyclic_4_1,unroll_64,1,4.25,0.218598139163,False
workload_634.cpp,xczu7ev-ffvc1156-2-e,10,0.30616,78,5,1,3,5,cyclic_4_1,cyclic_128_1,cyclic_4_1,unroll_8,1,3.5,0.915255486914,False
workload_278.cpp,xczu7ev-ffvc1156-2-e,10,0.26104,558,7,63,85,71,cyclic_4_1,cyclic_16_1,block_128_1,unroll_64,1,56.5,0.140168288248,False
workload_452.cpp,xczu7ev-ffvc1156-2-e,10,0.25304,139,7,30,13,23,cyclic_4_1,cyclic_16_1,block_2_1,unroll_32,1,18.25,0.649936230684,False
workload_595.cpp,xczu7ev-ffvc1156-2-e,10,0.25048,276,7,60,25,44,cyclic_4_1,cyclic_16_1,block_2_1,unroll_64,1,34,0.369752932837,False
workload_195.cpp,xczu7ev-ffvc1156-2-e,10,0.25944,383,7,63,56,58,cyclic_4_1,cyclic_16_1,block_64_1,unroll_64,1,46,0.221877401678,False
workload_744.cpp,xczu7ev-ffvc1156-2-e,10,0.26264,94,7,2,2,4,cyclic_4_1,cyclic_16_1,cyclic_2_1,unroll_16,1,3.75,0.963601377774,False
workload_500.cpp,xczu7ev-ffvc1156-2-e,10,0.24888,294,7,57,25,42,cyclic_4_1,cyclic_16_1,cyclic_2_1,unroll_64,1,32.75,0.388528491863,False
workload_758.cpp,xczu7ev-ffvc1156-2-e,10,0.26264,94,8,2,2,5,cyclic_4_1,cyclic_16_1,cyclic_4_1,unroll_16,1,4.25,0.956376396439,False
workload_22.cpp,xczu7ev-ffvc1156-2-e,10,1.00888,68,7,1,1,3,cyclic_4_1,cyclic_16_1,cyclic_64_1,unroll_2,1,3,0.229523071689,False
workload_503.cpp,xczu7ev-ffvc1156-2-e,10,0.27424,141,4,1,18,16,cyclic_4_1,cyclic_2_1,block_128_1,unroll_16,1,9.75,0.832065037634,False
workload_616.cpp,xczu7ev-ffvc1156-2-e,10,0.26232,492,4,40,76,58,cyclic_4_1,cyclic_2_1,block_128_1,unroll_64,1,44.5,0.237027705093,False
workload_245.cpp,xczu7ev-ffvc1156-2-e,10,0.2262,60,12,1,1,2,cyclic_4_1,cyclic_2_1,block_2_1,pipeline_1,2,4,0.993290793033,False
workload_516.cpp,xczu7ev-ffvc1156-2-e,10,0.26392,93.5,5,1,2,4,cyclic_4_1,cyclic_2_1,block_2_1,unroll_16,2,3,1,True
workload_138.cpp,xczu7ev-ffvc1156-2-e,10,0.57368,61,5,1,1,2,cyclic_4_1,cyclic_2_1,block_2_1,unroll_2,1,2.25,0.703538694428,False
workload_312.cpp,xczu7ev-ffvc1156-2-e,10,0.2684,126,5,15,8,15,cyclic_4_1,cyclic_2_1,block_2_1,unroll_32,3,10.75,0.811681829628,False
workload_373.cpp,xczu7ev-ffvc1156-2-e,10,0.25176,264,5,36,16,31,cyclic_4_1,cyclic_2_1,block_2_1,unroll_64,3,22,0.574570181657,False
workload_545.cpp,xczu7ev-ffvc1156-2-e,10,0.30744,71.5,5,1,1,2,cyclic_4_1,cyclic_2_1,block_2_1,unroll_8,2,2.25,1,True
workload_280.cpp,xczu7ev-ffvc1156-2-e,10,0.40472,69,15,1,1,3,cyclic_4_1,cyclic_2_1,block_32_1,unroll_4,1,5,0.806236238015,False
workload_696.cpp,xczu7ev-ffvc1156-2-e,10,0.31768,76.5,15,1,1,4,cyclic_4_1,cyclic_2_1,block_32_1,unroll_8,2,5.25,0.879600013176,False
workload_476.cpp,xczu7ev-ffvc1156-2-e,10,0.2262,61,13,1,1,2,cyclic_4_1,cyclic_2_1,block_4_1,pipeline_1,1,4.25,0.98660668719,False
workload_478.cpp,xczu7ev-ffvc1156-2-e,10,0.26392,92.5,6,1,2,4,cyclic_4_1,cyclic_2_1,block_4_1,unroll_16,2,3.25,0.964535394255,False
workload_417.cpp,xczu7ev-ffvc1156-2-e,10,0.27424,112,4,1,10,9,cyclic_4_1,cyclic_2_1,block_64_1,unroll_16,3,6,0.913497762031,False
workload_98.cpp,xczu7ev-ffvc1156-2-e,10,0.58392,68,4,1,1,3,cyclic_4_1,cyclic_2_1,block_64_1,unroll_2,1,2.25,0.691968732857,False
workload_574.cpp,xczu7ev-ffvc1156-2-e,10,0.27336,169,4,15,23,24,cyclic_4_1,cyclic_2_1,block_64_1,unroll_32,1,16.5,0.682564687423,False
workload_580.cpp,xczu7ev-ffvc1156-2-e,10,0.26232,347.5,4,40,47,45,cyclic_4_1,cyclic_2_1,block_64_1,unroll_64,2,34,0.368946016109,False
workload_480.cpp,xczu7ev-ffvc1156-2-e,10,0.31768,80.5,4,1,2,5,cyclic_4_1,cyclic_2_1,block_64_1,unroll_8,2,3,0.905607728304,False
workload_272.cpp,xczu7ev-ffvc1156-2-e,10,0.58392,61,7,1,1,2,cyclic_4_1,cyclic_2_1,block_8_1,unroll_2,1,2.75,0.688319544882,False
workload_701.cpp,xczu7ev-ffvc1156-2-e,10,0.27864,128,8,15,8,15,cyclic_4_1,cyclic_2_1,cyclic_16_1,unroll_32,1,11.5,0.79055767178,False
workload_441.cpp,xczu7ev-ffvc1156-2-e,10,0.2262,62,12,1,1,2,cyclic_4_1,cyclic_2_1,cyclic_2_1,pipeline_1,2,4,0.993290793033,False
workload_402.cpp,xczu7ev-ffvc1156-2-e,10,0.26392,91,5,1,2,4,cyclic_4_1,cyclic_2_1,cyclic_2_1,unroll_16,3,3,1,True
workload_419.cpp,xczu7ev-ffvc1156-2-e,10,0.57368,61,5,1,1,2,cyclic_4_1,cyclic_2_1,cyclic_2_1,unroll_2,2,2.25,0.703538694428,False
workload_565.cpp,xczu7ev-ffvc1156-2-e,10,0.27096,127,5,15,8,14,cyclic_4_1,cyclic_2_1,cyclic_2_1,unroll_32,3,10.5,0.816448193874,False
workload_450.cpp,xczu7ev-ffvc1156-2-e,10,0.39448,64,5,1,1,2,cyclic_4_1,cyclic_2_1,cyclic_2_1,unroll_4,3,2.25,0.847371085395,False
workload_433.cpp,xczu7ev-ffvc1156-2-e,10,0.25176,268,5,33,16,30,cyclic_4_1,cyclic_2_1,cyclic_2_1,unroll_64,3,21,0.594199635609,False
workload_260.cpp,xczu7ev-ffvc1156-2-e,10,0.30744,72,5,1,1,2,cyclic_4_1,cyclic_2_1,cyclic_2_1,unroll_8,3,2.25,1,True
workload_458.cpp,xczu7ev-ffvc1156-2-e,10,0.2262,63,13,1,1,2,cyclic_4_1,cyclic_2_1,cyclic_4_1,pipeline_1,1,4.25,0.98660668719,False
workload_684.cpp,xczu7ev-ffvc1156-2-e,10,0.26392,92,5,1,2,4,cyclic_4_1,cyclic_2_1,cyclic_4_1,unroll_16,2,3,1,True
workload_588.cpp,xczu7ev-ffvc1156-2-e,10,0.2684,126,6,15,8,14,cyclic_4_1,cyclic_2_1,cyclic_4_1,unroll_32,2,10.75,0.811681829628,False
workload_718.cpp,xczu7ev-ffvc1156-2-e,10,0.39448,64,5,1,1,2,cyclic_4_1,cyclic_2_1,cyclic_4_1,unroll_4,1,2.25,0.847371085395,False
workload_523.cpp,xczu7ev-ffvc1156-2-e,10,0.25176,262,6,34,16,29,cyclic_4_1,cyclic_2_1,cyclic_4_1,unroll_64,3,21.25,0.589255990948,False
workload_599.cpp,xczu7ev-ffvc1156-2-e,10,0.79,82,4,1,1,4,cyclic_4_1,cyclic_2_1,cyclic_64_1,unroll_8,1,2.5,0.426492042215,False
workload_731.cpp,xczu7ev-ffvc1156-2-e,10,0.25304,138,10,30,13,23,cyclic_4_1,cyclic_32_1,block_2_1,unroll_32,1,19,0.634402604965,False
workload_623.cpp,xczu7ev-ffvc1156-2-e,10,0.25624,139,10,30,13,23,cyclic_4_1,cyclic_32_1,cyclic_4_1,unroll_32,1,19,0.633832161818,False
workload_222.cpp,xczu7ev-ffvc1156-2-e,10,0.2736,140,5,1,18,16,cyclic_4_1,cyclic_4_1,block_128_1,unroll_16,1,10,0.826700893996,False
workload_375.cpp,xczu7ev-ffvc1156-2-e,10,0.92696,73,5,1,2,4,cyclic_4_1,cyclic_4_1,block_128_1,unroll_2,1,3,0.29274275191,False
workload_745.cpp,xczu7ev-ffvc1156-2-e,10,0.25656,516.5,5,55,82,67,cyclic_4_1,cyclic_4_1,block_128_1,unroll_64,2,52.25,0.168005033481,False
workload_470.cpp,xczu7ev-ffvc1156-2-e,10,0.31644,99,5,1,10,10,cyclic_4_1,cyclic_4_1,block_128_1,unroll_8,1,6.5,0.860635976849,False
workload_583.cpp,xczu7ev-ffvc1156-2-e,10,0.2262,60.5,13,1,1,2,cyclic_4_1,cyclic_4_1,block_2_1,pipeline_1,2,4.25,0.98660668719,False
workload_395.cpp,xczu7ev-ffvc1156-2-e,10,0.26328,92,5,2,2,4,cyclic_4_1,cyclic_4_1,block_2_1,unroll_16,3,3.25,1,True
workload_432.cpp,xczu7ev-ffvc1156-2-e,10,0.254,134,5,25,11,20,cyclic_4_1,cyclic_4_1,block_2_1,unroll_32,3,15.25,0.71390327992,False
workload_350.cpp,xczu7ev-ffvc1156-2-e,10,0.246,269,5,52,22,40,cyclic_4_1,cyclic_4_1,block_2_1,unroll_64,2,29.75,0.436107942668,False
workload_465.cpp,xczu7ev-ffvc1156-2-e,10,0.30616,72,5,1,1,3,cyclic_4_1,cyclic_4_1,block_2_1,unroll_8,2,2.5,1,True
workload_652.cpp,xczu7ev-ffvc1156-2-e,10,0.26328,92,6,2,2,4,cyclic_4_1,cyclic_4_1,block_4_1,unroll_16,1,3.5,0.965582700174,False
workload_712.cpp,xczu7ev-ffvc1156-2-e,10,0.254,134,6,25,11,20,cyclic_4_1,cyclic_4_1,block_4_1,unroll_32,1,15.5,0.708436404861,False
workload_281.cpp,xczu7ev-ffvc1156-2-e,10,0.2736,114,5,2,10,10,cyclic_4_1,cyclic_4_1,block_64_1,unroll_16,1,6.75,0.898886901758,False
workload_361.cpp,xczu7ev-ffvc1156-2-e,10,0.3164,83,5,1,2,6,cyclic_4_1,cyclic_4_1,block_64_1,unroll_8,3,3.5,0.903557715299,False
workload_431.cpp,xczu7ev-ffvc1156-2-e,10,0.25624,279,7,52,22,40,cyclic_4_1,cyclic_4_1,block_8_1,unroll_64,1,30.25,0.427228285752,False
workload_533.cpp,xczu7ev-ffvc1156-2-e,10,0.26424,133,9,25,11,20,cyclic_4_1,cyclic_4_1,cyclic_16_1,unroll_32,1,16.25,0.689650414365,False
workload_329.cpp,xczu7ev-ffvc1156-2-e,10,0.2262,62,13,1,1,2,cyclic_4_1,cyclic_4_1,cyclic_2_1,pipeline_1,1,4.25,0.98660668719,False
workload_181.cpp,xczu7ev-ffvc1156-2-e,10,0.26328,92,5,2,2,4,cyclic_4_1,cyclic_4_1,cyclic_2_1,unroll_16,3,3.25,1,True
workload_25.cpp,xczu7ev-ffvc1156-2-e,10,0.91672,62,5,1,1,2,cyclic_4_1,cyclic_4_1,cyclic_2_1,unroll_2,1,2.25,0.301588769097,False
workload_256.cpp,xczu7ev-ffvc1156-2-e,10,0.254,132.5,5,25,11,19,cyclic_4_1,cyclic_4_1,cyclic_2_1,unroll_32,2,15,0.719391438446,False
workload_204.cpp,xczu7ev-ffvc1156-2-e,10,0.39448,65,5,1,1,2,cyclic_4_1,cyclic_4_1,cyclic_2_1,unroll_4,3,2.25,0.847371085395,False
workload_539.cpp,xczu7ev-ffvc1156-2-e,10,0.246,267,5,47,21,37,cyclic_4_1,cyclic_4_1,cyclic_2_1,unroll_64,2,27.5,0.474036560973,False
workload_297.cpp,xczu7ev-ffvc1156-2-e,10,0.30616,73.5,5,1,1,3,cyclic_4_1,cyclic_4_1,cyclic_2_1,unroll_8,2,2.5,1,True
workload_381.cpp,xczu7ev-ffvc1156-2-e,10,0.26328,91.5,6,2,2,4,cyclic_4_1,cyclic_4_1,cyclic_4_1,unroll_16,2,3.5,0.965582700174,False
workload_397.cpp,xczu7ev-ffvc1156-2-e,10,0.254,133,6,25,11,19,cyclic_4_1,cyclic_4_1,cyclic_4_1,unroll_32,3,15.25,0.71390327992,False
workload_304.cpp,xczu7ev-ffvc1156-2-e,10,0.39448,64,5,1,1,2,cyclic_4_1,cyclic_4_1,cyclic_4_1,unroll_4,1,2.25,0.847371085395,False
workload_566.cpp,xczu7ev-ffvc1156-2-e,10,0.246,264.5,6,46,21,37,cyclic_4_1,cyclic_4_1,cyclic_4_1,unroll_64,2,27.5,0.474036560973,False
workload_259.cpp,xczu7ev-ffvc1156-2-e,10,0.30616,72,6,1,1,3,cyclic_4_1,cyclic_4_1,cyclic_4_1,unroll_8,2,2.75,0.923783833982,False
workload_283.cpp,xczu7ev-ffvc1156-2-e,10,0.23644,65,12,1,2,3,cyclic_4_1,cyclic_4_1,cyclic_64_1,pipeline_1,1,4.5,0.972655721148,False
workload_713.cpp,xczu7ev-ffvc1156-2-e,10,0.23644,61,14,1,1,2,cyclic_4_1,cyclic_4_1,cyclic_8_1,pipeline_1,1,4.5,0.972655721148,False
workload_733.cpp,xczu7ev-ffvc1156-2-e,10,0.27352,92,6,2,2,4,cyclic_4_1,cyclic_4_1,cyclic_8_1,unroll_16,1,3.5,0.947302278256,False
workload_757.cpp,xczu7ev-ffvc1156-2-e,10,0.26264,96,5,2,3,6,cyclic_4_1,cyclic_64_1,block_2_1,unroll_16,1,4,0.960147465927,False
workload_54.cpp,xczu7ev-ffvc1156-2-e,10,0.97336,151.5,4,1,2,6,cyclic_4_1,cyclic_64_1,block_2_1,unroll_32,2,3.25,0.255345473777,False
workload_688.cpp,xczu7ev-ffvc1156-2-e,10,0.26264,94,5,2,3,6,cyclic_4_1,cyclic_64_1,cyclic_2_1,unroll_16,2,4,0.960147465927,False
workload_406.cpp,xczu7ev-ffvc1156-2-e,10,0.97336,150,4,1,2,6,cyclic_4_1,cyclic_64_1,cyclic_2_1,unroll_32,2,3.25,0.255345473777,False
workload_398.cpp,xczu7ev-ffvc1156-2-e,10,0.39448,69,5,1,2,3,cyclic_4_1,cyclic_64_1,cyclic_2_1,unroll_4,1,2.75,0.84234457585,False
workload_756.cpp,xczu7ev-ffvc1156-2-e,10,0.2468,307,5,62,28,46,cyclic_4_1,cyclic_64_1,cyclic_2_1,unroll_64,1,35.25,0.35186558638,False
workload_729.cpp,xczu7ev-ffvc1156-2-e,10,0.30616,74,5,1,2,4,cyclic_4_1,cyclic_64_1,cyclic_2_1,unroll_8,1,3,0.921079866225,False
workload_755.cpp,xczu7ev-ffvc1156-2-e,10,0.2468,303,5,61,27,45,cyclic_4_1,cyclic_64_1,cyclic_4_1,unroll_64,1,34.5,0.362635070303,False
workload_724.cpp,xczu7ev-ffvc1156-2-e,10,0.27296,139,5,2,18,17,cyclic_4_1,cyclic_8_1,block_128_1,unroll_16,1,10.5,0.81561376564,False
workload_668.cpp,xczu7ev-ffvc1156-2-e,10,0.26344,238.5,5,28,43,38,cyclic_4_1,cyclic_8_1,block_128_1,unroll_32,2,28.5,0.455354399128,False
workload_671.cpp,xczu7ev-ffvc1156-2-e,10,0.25512,529,5,62,84,71,cyclic_4_1,cyclic_8_1,block_128_1,unroll_64,1,55.5,0.14614615675,False
workload_705.cpp,xczu7ev-ffvc1156-2-e,10,0.2262,61,13,1,1,2,cyclic_4_1,cyclic_8_1,block_2_1,pipeline_1,1,4.25,0.98660668719,False
workload_624.cpp,xczu7ev-ffvc1156-2-e,10,0.26264,92.5,6,2,2,5,cyclic_4_1,cyclic_8_1,block_2_1,unroll_16,2,3.75,0.963601377774,False
workload_384.cpp,xczu7ev-ffvc1156-2-e,10,0.25304,137,6,28,12,22,cyclic_4_1,cyclic_8_1,block_2_1,unroll_32,3,17,0.676290114578,False
workload_591.cpp,xczu7ev-ffvc1156-2-e,10,0.24456,282,6,60,25,44,cyclic_4_1,cyclic_8_1,block_2_1,unroll_64,2,33.75,0.373729668357,False
workload_515.cpp,xczu7ev-ffvc1156-2-e,10,0.30616,72,6,1,1,3,cyclic_4_1,cyclic_8_1,block_2_1,unroll_8,2,2.75,0.923783833982,False
workload_621.cpp,xczu7ev-ffvc1156-2-e,10,0.23644,68,18,1,1,2,cyclic_4_1,cyclic_8_1,block_32_1,pipeline_1,1,5.5,0.9500516135,False
workload_387.cpp,xczu7ev-ffvc1156-2-e,10,0.2262,61,14,1,1,2,cyclic_4_1,cyclic_8_1,block_4_1,pipeline_1,1,4.5,0.979947682472,False
workload_318.cpp,xczu7ev-ffvc1156-2-e,10,0.91416,66,6,1,1,2,cyclic_4_1,cyclic_8_1,block_4_1,unroll_4,1,2.5,0.303819782945,False
workload_613.cpp,xczu7ev-ffvc1156-2-e,10,0.30616,72,7,1,1,3,cyclic_4_1,cyclic_8_1,block_4_1,unroll_8,1,3,0.921079866225,False
workload_562.cpp,xczu7ev-ffvc1156-2-e,10,0.25512,380,5,62,55,58,cyclic_4_1,cyclic_8_1,block_64_1,unroll_64,1,45,0.232113054627,False
workload_633.cpp,xczu7ev-ffvc1156-2-e,10,0.3164,83,5,1,2,6,cyclic_4_1,cyclic_8_1,block_64_1,unroll_8,1,3.5,0.903557715299,False
workload_428.cpp,xczu7ev-ffvc1156-2-e,10,0.2262,63,13,1,1,2,cyclic_4_1,cyclic_8_1,cyclic_2_1,pipeline_1,2,4.25,0.98660668719,False
workload_578.cpp,xczu7ev-ffvc1156-2-e,10,0.26264,91,6,2,2,4,cyclic_4_1,cyclic_8_1,cyclic_2_1,unroll_16,3,3.5,1,True
workload_438.cpp,xczu7ev-ffvc1156-2-e,10,0.25304,133.5,6,28,13,21,cyclic_4_1,cyclic_8_1,cyclic_2_1,unroll_32,2,17,0.676290114578,False
workload_412.cpp,xczu7ev-ffvc1156-2-e,10,0.24456,287,6,55,24,41,cyclic_4_1,cyclic_8_1,cyclic_2_1,unroll_64,3,31.5,0.408075968574,False
workload_489.cpp,xczu7ev-ffvc1156-2-e,10,0.30616,71,6,1,1,3,cyclic_4_1,cyclic_8_1,cyclic_2_1,unroll_8,1,2.75,0.923783833982,False
workload_363.cpp,xczu7ev-ffvc1156-2-e,10,0.2262,62.5,14,1,1,2,cyclic_4_1,cyclic_8_1,cyclic_4_1,pipeline_1,2,4.5,0.979947682472,False
workload_695.cpp,xczu7ev-ffvc1156-2-e,10,0.26264,91,7,2,2,4,cyclic_4_1,cyclic_8_1,cyclic_4_1,unroll_16,2,3.75,0.963601377774,False
workload_324.cpp,xczu7ev-ffvc1156-2-e,10,0.25304,133.5,7,28,13,21,cyclic_4_1,cyclic_8_1,cyclic_4_1,unroll_32,2,17.25,0.670973364907,False
workload_313.cpp,xczu7ev-ffvc1156-2-e,10,0.24456,274,7,51,23,39,cyclic_4_1,cyclic_8_1,cyclic_4_1,unroll_64,1,30,0.432097642433,False
workload_704.cpp,xczu7ev-ffvc1156-2-e,10,0.30616,71,6,1,1,3,cyclic_4_1,cyclic_8_1,cyclic_4_1,unroll_8,1,2.75,0.923783833982,False
workload_748.cpp,xczu7ev-ffvc1156-2-e,10,0.23644,66,13,1,2,3,cyclic_4_1,cyclic_8_1,cyclic_64_1,pipeline_1,1,4.75,0.967502993387,False
workload_81.cpp,xczu7ev-ffvc1156-2-e,10,1.00888,68,5,1,1,3,cyclic_4_1,cyclic_8_1,cyclic_64_1,unroll_2,1,2.5,0.229561170045,False
workload_5.cpp,xczu7ev-ffvc1156-2-e,10,0.2774,75,84,1,1,4,cyclic_64_1,block_2_1,cyclic_4_1,pipeline_1,1,22.5,0.560684886503,False
workload_30.cpp,xczu7ev-ffvc1156-2-e,10,1.0908,82,12,1,1,5,cyclic_64_1,block_4_1,cyclic_64_1,unroll_2,1,4.75,0.178386161255,False
workload_64.cpp,xczu7ev-ffvc1156-2-e,10,1.08568,113,12,1,2,7,cyclic_64_1,block_4_1,cyclic_64_1,unroll_8,1,5.5,0.180814479353,False
workload_33.cpp,xczu7ev-ffvc1156-2-e,10,1.0908,81,14,1,1,5,cyclic_64_1,cyclic_16_1,cyclic_64_1,unroll_2,1,5.25,0.178162272183,False
workload_28.cpp,xczu7ev-ffvc1156-2-e,10,1.078,85,17,1,1,5,cyclic_64_1,cyclic_32_1,block_2_1,unroll_4,1,6,0.184766952134,False
workload_65.cpp,xczu7ev-ffvc1156-2-e,10,0.30072,164,28,25,12,27,cyclic_64_1,cyclic_32_1,cyclic_4_1,unroll_32,1,23,0.546532921493,False
workload_31.cpp,xczu7ev-ffvc1156-2-e,10,0.2774,76,84,1,2,5,cyclic_64_1,cyclic_64_1,cyclic_4_1,pipeline_1,1,23,0.551201809238,False
workload_42.cpp,xczu7ev-ffvc1156-2-e,10,1.0908,85,12,1,2,6,cyclic_64_1,cyclic_64_1,cyclic_64_1,unroll_2,1,5.25,0.178162272183,False
workload_468.cpp,xczu7ev-ffvc1156-2-e,10,0.2774,70,12,1,3,5,cyclic_8_1,block_128_1,cyclic_2_1,pipeline_1,1,5.25,0.923463900761,False
workload_120.cpp,xczu7ev-ffvc1156-2-e,10,0.2774,63,13,1,1,2,cyclic_8_1,block_2_1,cyclic_4_1,pipeline_1,3,4.25,0.936845424795,False
workload_45.cpp,xczu7ev-ffvc1156-2-e,10,0.28764,68,17,1,2,4,cyclic_8_1,block_64_1,block_32_1,pipeline_1,1,6,0.898414877236,False
workload_636.cpp,xczu7ev-ffvc1156-2-e,10,0.35864,80,5,1,2,7,cyclic_8_1,block_64_1,cyclic_2_1,unroll_8,1,3.75,0.843664826154,False
workload_647.cpp,xczu7ev-ffvc1156-2-e,10,1.06632,1569,5,1,2,9,cyclic_8_1,block_64_1,cyclic_4_1,unroll_64,1,4.25,0.192370504004,False
workload_108.cpp,xczu7ev-ffvc1156-2-e,10,1.0908,73,5,1,2,4,cyclic_8_1,block_8_1,cyclic_128_1,unroll_2,1,3,0.178818887088,False
workload_73.cpp,xczu7ev-ffvc1156-2-e,10,1.05624,95,5,1,2,5,cyclic_8_1,block_8_1,cyclic_128_1,unroll_8,1,3.25,0.198648578359,False
workload_531.cpp,xczu7ev-ffvc1156-2-e,10,0.31192,96,5,2,4,7,cyclic_8_1,cyclic_128_1,cyclic_2_1,unroll_16,2,4.5,0.896513972313,False
workload_161.cpp,xczu7ev-ffvc1156-2-e,10,0.45592,83,4,1,3,7,cyclic_8_1,cyclic_2_1,block_128_1,unroll_4,1,3.75,0.750647140263,False
workload_474.cpp,xczu7ev-ffvc1156-2-e,10,0.2774,63,12,1,1,2,cyclic_8_1,cyclic_2_1,block_2_1,pipeline_1,1,4,0.938894973749,False
workload_553.cpp,xczu7ev-ffvc1156-2-e,10,0.31512,94,5,1,2,4,cyclic_8_1,cyclic_2_1,block_2_1,unroll_16,1,3,0.909619913282,False
workload_338.cpp,xczu7ev-ffvc1156-2-e,10,0.30008,270,5,51,22,39,cyclic_8_1,cyclic_2_1,block_2_1,unroll_64,1,29.25,0.437758412585,False
workload_532.cpp,xczu7ev-ffvc1156-2-e,10,0.35864,71,5,1,1,2,cyclic_8_1,cyclic_2_1,block_2_1,unroll_8,1,2.25,0.848502665618,False
workload_232.cpp,xczu7ev-ffvc1156-2-e,10,0.28764,67,12,1,2,3,cyclic_8_1,cyclic_2_1,block_64_1,pipeline_1,2,4.5,0.918144132465,False
workload_23.cpp,xczu7ev-ffvc1156-2-e,10,1.00888,67,4,1,1,3,cyclic_8_1,cyclic_2_1,block_64_1,unroll_2,1,2.25,0.229555179915,False
workload_147.cpp,xczu7ev-ffvc1156-2-e,10,0.45592,76,4,1,2,5,cyclic_8_1,cyclic_2_1,block_64_1,unroll_4,1,3,0.753211853489,False
workload_604.cpp,xczu7ev-ffvc1156-2-e,10,0.31064,382,4,57,53,55,cyclic_8_1,cyclic_2_1,block_64_1,unroll_64,1,42.25,0.257867992438,False
workload_666.cpp,xczu7ev-ffvc1156-2-e,10,0.31512,93,5,2,2,4,cyclic_8_1,cyclic_2_1,cyclic_2_1,unroll_16,1,3.25,0.907680036974,False
workload_274.cpp,xczu7ev-ffvc1156-2-e,10,0.99864,62,5,1,1,2,cyclic_8_1,cyclic_2_1,cyclic_2_1,unroll_2,1,2.25,0.236776036204,False
workload_567.cpp,xczu7ev-ffvc1156-2-e,10,0.30008,262.5,5,49,22,39,cyclic_8_1,cyclic_2_1,cyclic_2_1,unroll_64,2,28.75,0.445942855958,False
workload_103.cpp,xczu7ev-ffvc1156-2-e,10,0.35864,72,5,1,1,3,cyclic_8_1,cyclic_2_1,cyclic_2_1,unroll_8,1,2.5,0.848529915863,False
workload_116.cpp,xczu7ev-ffvc1156-2-e,10,0.28764,69,17,1,2,4,cyclic_8_1,cyclic_32_1,block_64_1,pipeline_1,1,6,0.898414877236,False
workload_143.cpp,xczu7ev-ffvc1156-2-e,10,0.28764,72,12,1,3,4,cyclic_8_1,cyclic_4_1,block_128_1,pipeline_1,1,5,0.912895575216,False
workload_101.cpp,xczu7ev-ffvc1156-2-e,10,0.28764,67,12,1,2,3,cyclic_8_1,cyclic_4_1,block_64_1,pipeline_1,1,4.5,0.918144132465,False
workload_128.cpp,xczu7ev-ffvc1156-2-e,10,0.99352,70,5,1,1,3,cyclic_8_1,cyclic_4_1,block_64_1,unroll_2,1,2.5,0.240465767411,False
workload_203.cpp,xczu7ev-ffvc1156-2-e,10,0.45592,76,5,1,2,5,cyclic_8_1,cyclic_4_1,block_64_1,unroll_4,1,3.25,0.752554115908,False
workload_586.cpp,xczu7ev-ffvc1156-2-e,10,0.36632,83,5,2,2,6,cyclic_8_1,cyclic_4_1,block_64_1,unroll_8,1,3.75,0.842396511806,False
workload_336.cpp,xczu7ev-ffvc1156-2-e,10,0.2774,63,13,1,1,2,cyclic_8_1,cyclic_4_1,cyclic_2_1,pipeline_1,1,4.25,0.936845424795,False
workload_585.cpp,xczu7ev-ffvc1156-2-e,10,0.31256,90,5,2,2,4,cyclic_8_1,cyclic_4_1,cyclic_2_1,unroll_16,1,3.25,0.911169201062,False
workload_393.cpp,xczu7ev-ffvc1156-2-e,10,0.35608,72,5,1,1,3,cyclic_8_1,cyclic_4_1,cyclic_2_1,unroll_8,1,2.5,0.848544975341,False
workload_760.cpp,xczu7ev-ffvc1156-2-e,10,0.29416,264,6,32,16,28,cyclic_8_1,cyclic_4_1,cyclic_4_1,unroll_64,1,20.5,0.595802683342,False
workload_592.cpp,xczu7ev-ffvc1156-2-e,10,0.286,316,6,74,31,53,cyclic_8_1,cyclic_8_1,block_2_1,unroll_64,1,41,0.274447706806,False
workload_105.cpp,xczu7ev-ffvc1156-2-e,10,0.28764,66,18,1,1,3,cyclic_8_1,cyclic_8_1,block_32_1,pipeline_1,1,5.75,0.902421735717,False
workload_663.cpp,xczu7ev-ffvc1156-2-e,10,0.30136,132,6,23,11,19,cyclic_8_1,cyclic_8_1,cyclic_2_1,unroll_32,1,14.75,0.709678107875,False
workload_601.cpp,xczu7ev-ffvc1156-2-e,10,0.28856,279,6,53,23,40,cyclic_8_1,cyclic_8_1,cyclic_2_1,unroll_64,2,30.5,0.419286952302,False
workload_582.cpp,xczu7ev-ffvc1156-2-e,10,0.35608,71,6,1,1,3,cyclic_8_1,cyclic_8_1,cyclic_2_1,unroll_8,1,2.75,0.848262558651,False
workload_75.cpp,xczu7ev-ffvc1156-2-e,10,0.28764,63,14,1,1,2,cyclic_8_1,cyclic_8_1,cyclic_8_1,pipeline_1,1,4.5,0.918144132465,False
