Version,Device,Clock_Period_nsec,Latency_msec,Synthesis_Time_sec,BRAM_Utilization_percentage,DSP_Utilization_percentage,FF_Utilization_percentage,LUT_Utilization_percentage,Array_1,Array_2,OuterLoop_1,InnerLoop_1_1,InnerLoop_2_1,InnerLoop_3_1,Replicate_Count,Area,Weight,is_pareto
workload_486.cpp,xczu7ev-ffvc1156-2-e,10,110.25734,78,1,1,4,7,block_2_1,block_2_1,unroll_2,unroll_2,unroll_2,pipeline_1,1,3.25,0.964493965182,False
workload_323.cpp,xczu7ev-ffvc1156-2-e,10,126.06566,909,1,1,12,20,block_2_1,block_2_1,unroll_2,unroll_8,unroll_2,pipeline_1,1,8.5,0.668726941388,False
workload_333.cpp,xczu7ev-ffvc1156-2-e,10,110.11732,209,1,1,6,11,block_2_1,block_2_1,unroll_4,unroll_2,unroll_2,pipeline_1,2,4.75,0.904077779688,False
workload_378.cpp,xczu7ev-ffvc1156-2-e,10,110.43932,956,1,1,10,15,block_2_1,block_2_1,unroll_4,unroll_2,unroll_4,pipeline_1,1,6.75,0.774203978542,False
workload_517.cpp,xczu7ev-ffvc1156-2-e,10,110.14534,171,1,1,6,9,block_2_1,complete_1,unroll_2,unroll_2,unroll_4,pipeline_1,1,4.25,0.93832611174,False
workload_261.cpp,xczu7ev-ffvc1156-2-e,10,116.5449,944,1,1,13,26,block_2_1,complete_1,unroll_2,unroll_2,unroll_8,pipeline_1,1,10.25,0.574297009499,False
workload_446.cpp,xczu7ev-ffvc1156-2-e,10,109.89332,206,1,1,6,11,block_2_1,complete_1,unroll_4,unroll_2,unroll_2,pipeline_1,1,4.75,0.904079513395,False
workload_426.cpp,xczu7ev-ffvc1156-2-e,10,110.25734,99,1,1,4,7,block_2_1,cyclic_2_1,unroll_2,unroll_2,unroll_2,pipeline_1,1,3.25,0.964493965182,False
workload_311.cpp,xczu7ev-ffvc1156-2-e,10,778.50534,88,1,1,4,7,block_2_1,cyclic_2_1,unroll_2,unroll_2,unroll_2,unroll_2,1,3.25,0.148934163614,False
workload_113.cpp,xczu7ev-ffvc1156-2-e,10,908.84186,739,1,2,14,29,block_2_1,cyclic_2_1,unroll_2,unroll_2,unroll_8,unroll_2,1,11.5,0.10070219165,False
workload_214.cpp,xczu7ev-ffvc1156-2-e,10,509.53386,1041,1,3,19,37,block_2_1,cyclic_2_1,unroll_2,unroll_2,unroll_8,unroll_4,1,15,0.209080931237,False
workload_192.cpp,xczu7ev-ffvc1156-2-e,10,110.11732,192,1,1,6,11,block_2_1,cyclic_2_1,unroll_4,unroll_2,unroll_2,pipeline_1,2,4.75,0.904077779688,False
workload_356.cpp,xczu7ev-ffvc1156-2-e,10,262.43732,986,1,4,17,24,block_2_1,cyclic_2_1,unroll_4,unroll_2,unroll_2,unroll_16,1,11.5,0.459281238128,False
workload_410.cpp,xczu7ev-ffvc1156-2-e,10,110.25734,110,1,1,4,8,block_4_1,block_2_1,unroll_2,unroll_2,unroll_2,pipeline_1,1,3.5,0.964489514057,False
workload_557.cpp,xczu7ev-ffvc1156-2-e,10,110.14534,173,1,1,5,10,block_4_1,block_2_1,unroll_2,unroll_2,unroll_4,pipeline_1,1,4.25,0.93832611174,False
workload_379.cpp,xczu7ev-ffvc1156-2-e,10,109.89332,225,1,1,6,12,block_4_1,block_2_1,unroll_4,unroll_2,unroll_2,pipeline_1,1,5,0.887220243032,False
workload_310.cpp,xczu7ev-ffvc1156-2-e,10,416.99732,468,1,2,10,17,block_4_1,block_2_1,unroll_4,unroll_2,unroll_2,unroll_8,1,7.5,0.435663500617,False
workload_406.cpp,xczu7ev-ffvc1156-2-e,10,110.43932,930,1,1,10,16,block_4_1,block_2_1,unroll_4,unroll_2,unroll_4,pipeline_1,1,7,0.758773801452,False
workload_532.cpp,xczu7ev-ffvc1156-2-e,10,110.14534,174,1,1,5,10,block_4_1,complete_1,unroll_2,unroll_2,unroll_4,pipeline_1,1,4.25,0.93832611174,False
workload_472.cpp,xczu7ev-ffvc1156-2-e,10,109.89332,203,1,1,6,12,block_4_1,complete_1,unroll_4,unroll_2,unroll_2,pipeline_1,1,5,0.887220243032,False
workload_208.cpp,xczu7ev-ffvc1156-2-e,10,416.99732,472,1,2,10,17,block_4_1,complete_1,unroll_4,unroll_2,unroll_2,unroll_8,1,7.5,0.435663500617,False
workload_246.cpp,xczu7ev-ffvc1156-2-e,10,756.23132,966,1,1,9,16,block_4_1,complete_1,unroll_4,unroll_2,unroll_4,unroll_2,1,6.75,0.154581405353,False
workload_386.cpp,xczu7ev-ffvc1156-2-e,10,110.25734,96,1,1,4,8,block_4_1,cyclic_2_1,unroll_2,unroll_2,unroll_2,pipeline_1,1,3.5,0.964489514057,False
workload_482.cpp,xczu7ev-ffvc1156-2-e,10,110.14534,173,1,1,5,10,block_4_1,cyclic_2_1,unroll_2,unroll_2,unroll_4,pipeline_1,1,4.25,0.93832611174,False
workload_400.cpp,xczu7ev-ffvc1156-2-e,10,109.89332,205,1,1,6,12,block_4_1,cyclic_2_1,unroll_4,unroll_2,unroll_2,pipeline_1,1,5,0.887220243032,False
workload_361.cpp,xczu7ev-ffvc1156-2-e,10,110.3539,98.5,1,1,3,6,block_8_1,block_2_1,unroll_2,unroll_2,unroll_2,pipeline_1,2,2.75,0.999537626419,False
workload_336.cpp,xczu7ev-ffvc1156-2-e,10,110.1859,201,1,1,5,8,block_8_1,block_2_1,unroll_2,unroll_2,unroll_4,pipeline_1,2,3.75,0.964268270335,False
workload_383.cpp,xczu7ev-ffvc1156-2-e,10,110.59166,196,1,1,5,9,block_8_1,block_2_1,unroll_2,unroll_4,unroll_2,pipeline_1,1,4,0.954882772436,False
workload_420.cpp,xczu7ev-ffvc1156-2-e,10,109.97588,200.5,1,1,5,9,block_8_1,block_2_1,unroll_4,unroll_2,unroll_2,pipeline_1,2,4,0.955504561814,False
workload_492.cpp,xczu7ev-ffvc1156-2-e,10,110.04588,808,1,1,8,13,block_8_1,block_2_1,unroll_4,unroll_2,unroll_4,pipeline_1,2,5.75,0.837713684013,False
workload_301.cpp,xczu7ev-ffvc1156-2-e,10,425.66188,1399,1,2,11,17,block_8_1,block_2_1,unroll_4,unroll_2,unroll_4,unroll_4,1,7.75,0.421290344896,False
workload_479.cpp,xczu7ev-ffvc1156-2-e,10,110.1299,70,1,1,3,6,block_8_1,complete_1,unroll_2,unroll_2,unroll_2,pipeline_1,1,2.75,1,True
workload_495.cpp,xczu7ev-ffvc1156-2-e,10,109.9619,167,1,1,5,8,block_8_1,complete_1,unroll_2,unroll_2,unroll_4,pipeline_1,1,3.75,1,True
workload_525.cpp,xczu7ev-ffvc1156-2-e,10,110.01766,767,1,1,9,14,block_8_1,complete_1,unroll_2,unroll_4,unroll_4,pipeline_1,1,6.25,0.805602725447,False
workload_469.cpp,xczu7ev-ffvc1156-2-e,10,109.75188,179,1,1,5,9,block_8_1,complete_1,unroll_4,unroll_2,unroll_2,pipeline_1,1,4,1,True
workload_487.cpp,xczu7ev-ffvc1156-2-e,10,109.82188,793,1,1,8,13,block_8_1,complete_1,unroll_4,unroll_2,unroll_4,pipeline_1,1,5.75,0.837713916946,False
workload_346.cpp,xczu7ev-ffvc1156-2-e,10,110.3539,93,1,1,3,6,block_8_1,cyclic_2_1,unroll_2,unroll_2,unroll_2,pipeline_1,2,2.75,0.999537626419,False
workload_247.cpp,xczu7ev-ffvc1156-2-e,10,110.1859,182,1,1,5,8,block_8_1,cyclic_2_1,unroll_2,unroll_2,unroll_4,pipeline_1,2,3.75,0.964268270335,False
workload_549.cpp,xczu7ev-ffvc1156-2-e,10,110.14366,168,1,1,5,9,block_8_1,cyclic_2_1,unroll_2,unroll_4,unroll_2,pipeline_1,1,4,0.95533599285,False
workload_365.cpp,xczu7ev-ffvc1156-2-e,10,109.97588,183,1,1,5,9,block_8_1,cyclic_2_1,unroll_4,unroll_2,unroll_2,pipeline_1,2,4,0.955504561814,False
workload_424.cpp,xczu7ev-ffvc1156-2-e,10,109.82188,874,1,1,8,13,block_8_1,cyclic_2_1,unroll_4,unroll_2,unroll_4,pipeline_1,1,5.75,0.837713916946,False
workload_449.cpp,xczu7ev-ffvc1156-2-e,10,109.75864,864,1,1,9,14,block_8_1,cyclic_2_1,unroll_4,unroll_4,unroll_2,pipeline_1,1,6.25,0.805602667482,False
workload_280.cpp,xczu7ev-ffvc1156-2-e,10,110.32414,78.5,1,1,3,6,complete_1,block_2_1,unroll_2,unroll_2,unroll_2,pipeline_1,2,2.75,0.999599049208,False
workload_320.cpp,xczu7ev-ffvc1156-2-e,10,436.77614,121,1,2,4,8,complete_1,block_2_1,unroll_2,unroll_2,unroll_2,unroll_4,1,3.75,0.450678978744,False
workload_380.cpp,xczu7ev-ffvc1156-2-e,10,110.17014,202,1,1,5,9,complete_1,block_2_1,unroll_2,unroll_2,unroll_4,pipeline_1,2,4,0.955309330254,False
workload_260.cpp,xczu7ev-ffvc1156-2-e,10,116.3877,930,1,1,12,25,complete_1,block_2_1,unroll_2,unroll_2,unroll_8,pipeline_1,1,9.75,0.600684131511,False
workload_298.cpp,xczu7ev-ffvc1156-2-e,10,110.37946,188.5,1,1,5,10,complete_1,block_2_1,unroll_2,unroll_4,unroll_2,pipeline_1,2,4.25,0.938311834862,False
workload_347.cpp,xczu7ev-ffvc1156-2-e,10,778.40346,240,1,1,5,10,complete_1,block_2_1,unroll_2,unroll_4,unroll_2,unroll_2,1,4.25,0.148509677041,False
workload_528.cpp,xczu7ev-ffvc1156-2-e,10,109.99446,770,1,1,9,15,complete_1,block_2_1,unroll_2,unroll_4,unroll_4,pipeline_1,1,6.5,0.789815157964,False
workload_233.cpp,xczu7ev-ffvc1156-2-e,10,502.40406,1399,1,2,12,21,complete_1,block_2_1,unroll_2,unroll_8,unroll_2,unroll_4,1,9,0.322007652715,False
workload_236.cpp,xczu7ev-ffvc1156-2-e,10,493.38006,2420,1,2,21,33,complete_1,block_2_1,unroll_2,unroll_8,unroll_2,unroll_8,1,14.25,0.231568825383,False
workload_24.cpp,xczu7ev-ffvc1156-2-e,10,109.9884,186.5,1,1,5,10,complete_1,block_2_1,unroll_4,unroll_2,unroll_2,pipeline_1,2,4.25,0.938331588642,False
workload_212.cpp,xczu7ev-ffvc1156-2-e,10,425.6044,265,1,2,6,12,complete_1,block_2_1,unroll_4,unroll_2,unroll_2,unroll_4,1,5.25,0.456674486106,False
workload_418.cpp,xczu7ev-ffvc1156-2-e,10,109.8204,874,1,1,8,14,complete_1,block_2_1,unroll_4,unroll_2,unroll_4,pipeline_1,1,6,0.821569046554,False
workload_254.cpp,xczu7ev-ffvc1156-2-e,10,109.76358,860,1,1,9,16,complete_1,block_2_1,unroll_4,unroll_4,unroll_2,pipeline_1,1,6.75,0.774206063737,False
workload_576.cpp,xczu7ev-ffvc1156-2-e,10,109.75747,862,1,2,9,17,complete_1,block_2_1,unroll_8,unroll_2,unroll_2,pipeline_1,1,7.25,0.743523922548,False
workload_350.cpp,xczu7ev-ffvc1156-2-e,10,110.32414,94.5,1,1,3,6,complete_1,complete_1,unroll_2,unroll_2,unroll_2,pipeline_1,2,2.75,0.999599049208,False
workload_287.cpp,xczu7ev-ffvc1156-2-e,10,436.77614,103,1,2,4,8,complete_1,complete_1,unroll_2,unroll_2,unroll_2,unroll_4,1,3.75,0.450678978744,False
workload_471.cpp,xczu7ev-ffvc1156-2-e,10,110.17014,186,1,1,5,9,complete_1,complete_1,unroll_2,unroll_2,unroll_4,pipeline_1,2,4,0.955309330254,False
workload_408.cpp,xczu7ev-ffvc1156-2-e,10,778.40346,230,1,1,5,10,complete_1,complete_1,unroll_2,unroll_4,unroll_2,unroll_2,1,4.25,0.148509677041,False
workload_574.cpp,xczu7ev-ffvc1156-2-e,10,109.99446,823,1,1,9,15,complete_1,complete_1,unroll_2,unroll_4,unroll_4,pipeline_1,1,6.5,0.789815157964,False
workload_243.cpp,xczu7ev-ffvc1156-2-e,10,889.60406,1011,1,1,9,17,complete_1,complete_1,unroll_2,unroll_8,unroll_2,unroll_2,1,7,0.107930878458,False
workload_381.cpp,xczu7ev-ffvc1156-2-e,10,109.9884,209.5,1,1,5,10,complete_1,complete_1,unroll_4,unroll_2,unroll_2,pipeline_1,2,4.25,0.938331588642,False
workload_282.cpp,xczu7ev-ffvc1156-2-e,10,425.6044,270,1,2,6,12,complete_1,complete_1,unroll_4,unroll_2,unroll_2,unroll_4,1,5.25,0.456674486106,False
workload_437.cpp,xczu7ev-ffvc1156-2-e,10,109.8204,887,1,1,8,14,complete_1,complete_1,unroll_4,unroll_2,unroll_4,pipeline_1,1,6,0.821569046554,False
workload_535.cpp,xczu7ev-ffvc1156-2-e,10,109.76358,862,1,1,9,16,complete_1,complete_1,unroll_4,unroll_4,unroll_2,pipeline_1,1,6.75,0.774206063737,False
workload_303.cpp,xczu7ev-ffvc1156-2-e,10,110.32414,85.5,1,1,3,6,complete_1,cyclic_2_1,unroll_2,unroll_2,unroll_2,pipeline_1,2,2.75,0.999599049208,False
workload_475.cpp,xczu7ev-ffvc1156-2-e,10,110.17014,184.5,1,1,5,9,complete_1,cyclic_2_1,unroll_2,unroll_2,unroll_4,pipeline_1,2,4,0.955309330254,False
workload_369.cpp,xczu7ev-ffvc1156-2-e,10,110.37946,199,1,1,5,10,complete_1,cyclic_2_1,unroll_2,unroll_4,unroll_2,pipeline_1,2,4.25,0.938311834862,False
workload_337.cpp,xczu7ev-ffvc1156-2-e,10,109.9884,201.5,1,1,5,10,complete_1,cyclic_2_1,unroll_4,unroll_2,unroll_2,pipeline_1,2,4.25,0.938331588642,False
workload_490.cpp,xczu7ev-ffvc1156-2-e,10,109.8204,816,1,1,8,14,complete_1,cyclic_2_1,unroll_4,unroll_2,unroll_4,pipeline_1,1,6,0.821569046554,False
workload_547.cpp,xczu7ev-ffvc1156-2-e,10,109.76358,951,1,1,9,16,complete_1,cyclic_2_1,unroll_4,unroll_4,unroll_2,pipeline_1,1,6.75,0.774206063737,False
workload_330.cpp,xczu7ev-ffvc1156-2-e,10,110.3539,93,1,1,3,6,complete_2,block_2_1,unroll_2,unroll_2,unroll_2,pipeline_1,2,2.75,0.999537626419,False
workload_127.cpp,xczu7ev-ffvc1156-2-e,10,436.8059,103,1,2,4,7,complete_2,block_2_1,unroll_2,unroll_2,unroll_2,unroll_4,1,3.5,0.451085019348,False
workload_219.cpp,xczu7ev-ffvc1156-2-e,10,110.1859,184.5,1,1,5,8,complete_2,block_2_1,unroll_2,unroll_2,unroll_4,pipeline_1,2,3.75,0.964268270335,False
workload_335.cpp,xczu7ev-ffvc1156-2-e,10,431.2199,293,1,2,6,10,complete_2,block_2_1,unroll_2,unroll_2,unroll_4,unroll_4,1,4.75,0.453427880306,False
workload_545.cpp,xczu7ev-ffvc1156-2-e,10,115.92354,624,1,1,12,25,complete_2,block_2_1,unroll_2,unroll_2,unroll_8,pipeline_1,1,9.75,0.600704432218,False
workload_244.cpp,xczu7ev-ffvc1156-2-e,10,509.37842,1014,1,3,19,36,complete_2,block_2_1,unroll_2,unroll_2,unroll_8,unroll_4,1,14.75,0.213615451014,False
workload_313.cpp,xczu7ev-ffvc1156-2-e,10,110.36766,182.5,1,1,5,9,complete_2,block_2_1,unroll_2,unroll_4,unroll_2,pipeline_1,2,4,0.95510994883,False
workload_412.cpp,xczu7ev-ffvc1156-2-e,10,125.88606,857,1,1,9,15,complete_2,block_2_1,unroll_2,unroll_8,unroll_2,pipeline_1,1,6.5,0.787616756299,False
workload_416.cpp,xczu7ev-ffvc1156-2-e,10,109.97588,183,1,1,5,9,complete_2,block_2_1,unroll_4,unroll_2,unroll_2,pipeline_1,2,4,0.955504561814,False
workload_536.cpp,xczu7ev-ffvc1156-2-e,10,109.82188,799,1,1,8,13,complete_2,block_2_1,unroll_4,unroll_2,unroll_4,pipeline_1,1,5.75,0.837713916946,False
workload_327.cpp,xczu7ev-ffvc1156-2-e,10,425.66188,1388,1,2,10,17,complete_2,block_2_1,unroll_4,unroll_2,unroll_4,unroll_4,1,7.5,0.425823215524,False
workload_438.cpp,xczu7ev-ffvc1156-2-e,10,109.75864,857,1,1,9,14,complete_2,block_2_1,unroll_4,unroll_4,unroll_2,pipeline_1,1,6.25,0.805602667482,False
workload_430.cpp,xczu7ev-ffvc1156-2-e,10,110.1299,100,1,1,3,6,complete_2,complete_1,unroll_2,unroll_2,unroll_2,pipeline_1,1,2.75,1,True
workload_249.cpp,xczu7ev-ffvc1156-2-e,10,436.8059,103,1,2,4,7,complete_2,complete_1,unroll_2,unroll_2,unroll_2,unroll_4,1,3.5,0.451085019348,False
workload_497.cpp,xczu7ev-ffvc1156-2-e,10,110.1859,174,1,1,5,8,complete_2,complete_1,unroll_2,unroll_2,unroll_4,pipeline_1,2,3.75,0.964268270335,False
workload_344.cpp,xczu7ev-ffvc1156-2-e,10,126.39806,868,1,1,9,15,complete_2,complete_1,unroll_2,unroll_8,unroll_2,pipeline_1,1,6.5,0.787474756258,False
workload_285.cpp,xczu7ev-ffvc1156-2-e,10,889.60606,930,1,1,9,15,complete_2,complete_1,unroll_2,unroll_8,unroll_2,unroll_2,1,6.5,0.108438475896,False
workload_375.cpp,xczu7ev-ffvc1156-2-e,10,109.97588,199.5,1,1,5,9,complete_2,complete_1,unroll_4,unroll_2,unroll_2,pipeline_1,2,4,0.955504561814,False
workload_483.cpp,xczu7ev-ffvc1156-2-e,10,109.82188,793,1,1,8,13,complete_2,complete_1,unroll_4,unroll_2,unroll_4,pipeline_1,1,5.75,0.837713916946,False
workload_393.cpp,xczu7ev-ffvc1156-2-e,10,109.98264,829.5,1,1,9,14,complete_2,complete_1,unroll_4,unroll_4,unroll_2,pipeline_1,2,6.25,0.805602792948,False
workload_382.cpp,xczu7ev-ffvc1156-2-e,10,110.3539,84,1,1,3,6,complete_2,cyclic_2_1,unroll_2,unroll_2,unroll_2,pipeline_1,2,2.75,0.999537626419,False
workload_376.cpp,xczu7ev-ffvc1156-2-e,10,110.1859,198.5,1,1,5,8,complete_2,cyclic_2_1,unroll_2,unroll_2,unroll_4,pipeline_1,2,3.75,0.964268270335,False
workload_326.cpp,xczu7ev-ffvc1156-2-e,10,431.2199,292,1,2,6,10,complete_2,cyclic_2_1,unroll_2,unroll_2,unroll_4,unroll_4,1,4.75,0.453427880306,False
workload_417.cpp,xczu7ev-ffvc1156-2-e,10,110.14366,190,1,1,5,9,complete_2,cyclic_2_1,unroll_2,unroll_4,unroll_2,pipeline_1,1,4,0.95533599285,False
workload_293.cpp,xczu7ev-ffvc1156-2-e,10,109.97588,164.5,1,1,5,9,complete_2,cyclic_2_1,unroll_4,unroll_2,unroll_2,pipeline_1,2,4,0.955504561814,False
workload_461.cpp,xczu7ev-ffvc1156-2-e,10,109.82188,814,1,1,8,13,complete_2,cyclic_2_1,unroll_4,unroll_2,unroll_4,pipeline_1,1,5.75,0.837713916946,False
workload_307.cpp,xczu7ev-ffvc1156-2-e,10,109.98264,852,1,1,9,14,complete_2,cyclic_2_1,unroll_4,unroll_4,unroll_2,pipeline_1,2,6.25,0.805602792948,False
workload_360.cpp,xczu7ev-ffvc1156-2-e,10,110.3539,95.5,1,1,3,6,cyclic_2_1,block_2_1,unroll_2,unroll_2,unroll_2,pipeline_1,2,2.75,0.999537626419,False
workload_411.cpp,xczu7ev-ffvc1156-2-e,10,110.1859,193,1,1,5,8,cyclic_2_1,block_2_1,unroll_2,unroll_2,unroll_4,pipeline_1,2,3.75,0.964268270335,False
workload_128.cpp,xczu7ev-ffvc1156-2-e,10,115.92354,654,1,1,12,25,cyclic_2_1,block_2_1,unroll_2,unroll_2,unroll_8,pipeline_1,1,9.75,0.600704432218,False
workload_363.cpp,xczu7ev-ffvc1156-2-e,10,110.14366,195,1,1,5,9,cyclic_2_1,block_2_1,unroll_2,unroll_4,unroll_2,pipeline_1,1,4,0.95533599285,False
workload_312.cpp,xczu7ev-ffvc1156-2-e,10,270.28966,837,1,5,20,33,cyclic_2_1,block_2_1,unroll_2,unroll_4,unroll_2,unroll_16,1,14.75,0.334786541829,False
workload_505.cpp,xczu7ev-ffvc1156-2-e,10,110.01766,784,1,1,9,14,cyclic_2_1,block_2_1,unroll_2,unroll_4,unroll_4,pipeline_1,1,6.25,0.805602725447,False
workload_433.cpp,xczu7ev-ffvc1156-2-e,10,109.97588,218.5,1,1,5,9,cyclic_2_1,block_2_1,unroll_4,unroll_2,unroll_2,pipeline_1,2,4,0.955504561814,False
workload_334.cpp,xczu7ev-ffvc1156-2-e,10,425.59188,306,1,2,6,11,cyclic_2_1,block_2_1,unroll_4,unroll_2,unroll_2,unroll_4,1,5,0.458814849505,False
workload_264.cpp,xczu7ev-ffvc1156-2-e,10,416.85588,432,1,2,9,14,cyclic_2_1,block_2_1,unroll_4,unroll_2,unroll_2,unroll_8,1,6.5,0.452551714471,False
workload_474.cpp,xczu7ev-ffvc1156-2-e,10,110.04588,830,1,1,8.5,13,cyclic_2_1,block_2_1,unroll_4,unroll_2,unroll_4,pipeline_1,2,5.875,0.829618949825,False
workload_508.cpp,xczu7ev-ffvc1156-2-e,10,109.75864,822,1,1,9,14,cyclic_2_1,block_2_1,unroll_4,unroll_4,unroll_2,pipeline_1,1,6.25,0.805602667482,False
workload_464.cpp,xczu7ev-ffvc1156-2-e,10,110.3539,84,1,1,3,6,cyclic_2_1,complete_1,unroll_2,unroll_2,unroll_2,pipeline_1,2,2.75,0.999537626419,False
workload_496.cpp,xczu7ev-ffvc1156-2-e,10,110.1859,174,1,1,5,8,cyclic_2_1,complete_1,unroll_2,unroll_2,unroll_4,pipeline_1,2,3.75,0.964268270335,False
workload_502.cpp,xczu7ev-ffvc1156-2-e,10,109.97588,172,1,1,5,9,cyclic_2_1,complete_1,unroll_4,unroll_2,unroll_2,pipeline_1,2,4,0.955504561814,False
workload_248.cpp,xczu7ev-ffvc1156-2-e,10,110.3539,91,1,1,3,6,cyclic_2_1,cyclic_2_1,unroll_2,unroll_2,unroll_2,pipeline_1,2,2.75,0.999537626419,False
workload_345.cpp,xczu7ev-ffvc1156-2-e,10,110.1859,191.5,1,1,5,8,cyclic_2_1,cyclic_2_1,unroll_2,unroll_2,unroll_4,pipeline_1,2,3.75,0.964268270335,False
workload_300.cpp,xczu7ev-ffvc1156-2-e,10,116.1565,1056.5,1,1,12,25,cyclic_2_1,cyclic_2_1,unroll_2,unroll_2,unroll_8,pipeline_1,2,9.75,0.600694432126,False
workload_391.cpp,xczu7ev-ffvc1156-2-e,10,110.36766,193.5,1,1,5,9,cyclic_2_1,cyclic_2_1,unroll_2,unroll_4,unroll_2,pipeline_1,2,4,0.95510994883,False
workload_388.cpp,xczu7ev-ffvc1156-2-e,10,110.01766,856,1,1,9,14,cyclic_2_1,cyclic_2_1,unroll_2,unroll_4,unroll_4,pipeline_1,1,6.25,0.805602725447,False
workload_304.cpp,xczu7ev-ffvc1156-2-e,10,109.97588,174.5,1,1,5,9,cyclic_2_1,cyclic_2_1,unroll_4,unroll_2,unroll_2,pipeline_1,2,4,0.955504561814,False
workload_506.cpp,xczu7ev-ffvc1156-2-e,10,110.04588,785.5,1,1,8.5,13,cyclic_2_1,cyclic_2_1,unroll_4,unroll_2,unroll_4,pipeline_1,2,5.875,0.829618949825,False
workload_407.cpp,xczu7ev-ffvc1156-2-e,10,109.75864,858,1,1,9,14,cyclic_2_1,cyclic_2_1,unroll_4,unroll_4,unroll_2,pipeline_1,1,6.25,0.805602667482,False
workload_349.cpp,xczu7ev-ffvc1156-2-e,10,110.3539,93.5,1,1,3,6,cyclic_4_1,block_2_1,unroll_2,unroll_2,unroll_2,pipeline_1,2,2.75,0.999537626419,False
workload_150.cpp,xczu7ev-ffvc1156-2-e,10,110.1859,189,1,1,5,8,cyclic_4_1,block_2_1,unroll_2,unroll_2,unroll_4,pipeline_1,2,3.75,0.964268270335,False
workload_351.cpp,xczu7ev-ffvc1156-2-e,10,767.2199,218,1,1,4,8,cyclic_4_1,block_2_1,unroll_2,unroll_2,unroll_4,unroll_2,1,3.5,0.154443738855,False
workload_295.cpp,xczu7ev-ffvc1156-2-e,10,116.1565,794.5,1,1,12,25,cyclic_4_1,block_2_1,unroll_2,unroll_2,unroll_8,pipeline_1,2,9.75,0.600694432126,False
workload_179.cpp,xczu7ev-ffvc1156-2-e,10,504.67426,2450,1,3,35,64,cyclic_4_1,block_2_1,unroll_2,unroll_2,unroll_8,unroll_8,1,25.75,0.1,False
workload_466.cpp,xczu7ev-ffvc1156-2-e,10,110.14366,189,1,1,5,9,cyclic_4_1,block_2_1,unroll_2,unroll_4,unroll_2,pipeline_1,1,4,0.95533599285,False
workload_435.cpp,xczu7ev-ffvc1156-2-e,10,110.01766,836,1,1,9,14,cyclic_4_1,block_2_1,unroll_2,unroll_4,unroll_4,pipeline_1,1,6.25,0.805602725447,False
workload_364.cpp,xczu7ev-ffvc1156-2-e,10,109.75188,241,1,1,5,9,cyclic_4_1,block_2_1,unroll_4,unroll_2,unroll_2,pipeline_1,1,4,1,True
workload_161.cpp,xczu7ev-ffvc1156-2-e,10,262.29588,804,1,4,16,23,cyclic_4_1,block_2_1,unroll_4,unroll_2,unroll_2,unroll_16,1,11,0.479403238327,False
workload_460.cpp,xczu7ev-ffvc1156-2-e,10,109.82188,824,1,1,8,13,cyclic_4_1,block_2_1,unroll_4,unroll_2,unroll_4,pipeline_1,1,5.75,0.837713916946,False
workload_455.cpp,xczu7ev-ffvc1156-2-e,10,109.98264,846.5,1,1,9,14,cyclic_4_1,block_2_1,unroll_4,unroll_4,unroll_2,pipeline_1,2,6.25,0.805602792948,False
workload_422.cpp,xczu7ev-ffvc1156-2-e,10,110.1299,98,1,1,3,6,cyclic_4_1,complete_1,unroll_2,unroll_2,unroll_2,pipeline_1,1,2.75,1,True
workload_462.cpp,xczu7ev-ffvc1156-2-e,10,109.9619,189,1,1,5,8,cyclic_4_1,complete_1,unroll_2,unroll_2,unroll_4,pipeline_1,1,3.75,1,True
workload_213.cpp,xczu7ev-ffvc1156-2-e,10,116.38946,1023,1,1,12,25,cyclic_4_1,complete_1,unroll_2,unroll_2,unroll_8,pipeline_1,1,9.75,0.600684051662,False
workload_531.cpp,xczu7ev-ffvc1156-2-e,10,110.14366,169,1,1,5,9,cyclic_4_1,complete_1,unroll_2,unroll_4,unroll_2,pipeline_1,1,4,0.95533599285,False
workload_558.cpp,xczu7ev-ffvc1156-2-e,10,110.01766,786,1,1,9,14,cyclic_4_1,complete_1,unroll_2,unroll_4,unroll_4,pipeline_1,1,6.25,0.805602725447,False
workload_289.cpp,xczu7ev-ffvc1156-2-e,10,109.97588,185.5,1,1,5,9,cyclic_4_1,complete_1,unroll_4,unroll_2,unroll_2,pipeline_1,2,4,0.955504561814,False
workload_268.cpp,xczu7ev-ffvc1156-2-e,10,416.85588,435,1,2,9,14,cyclic_4_1,complete_1,unroll_4,unroll_2,unroll_2,unroll_8,1,6.5,0.452551714471,False
workload_507.cpp,xczu7ev-ffvc1156-2-e,10,110.04588,808.5,1,1,8.5,13,cyclic_4_1,complete_1,unroll_4,unroll_2,unroll_4,pipeline_1,2,5.875,0.829618949825,False
workload_377.cpp,xczu7ev-ffvc1156-2-e,10,756.06188,1034,1,1,8,13,cyclic_4_1,complete_1,unroll_4,unroll_2,unroll_4,unroll_2,1,5.75,0.157394916806,False
workload_484.cpp,xczu7ev-ffvc1156-2-e,10,109.75864,813,1,1,9,14,cyclic_4_1,complete_1,unroll_4,unroll_4,unroll_2,pipeline_1,1,6.25,0.805602667482,False
workload_328.cpp,xczu7ev-ffvc1156-2-e,10,110.3539,96,1,1,3,6,cyclic_4_1,cyclic_2_1,unroll_2,unroll_2,unroll_2,pipeline_1,2,2.75,0.999537626419,False
workload_339.cpp,xczu7ev-ffvc1156-2-e,10,778.4059,113,1,1,3,6,cyclic_4_1,cyclic_2_1,unroll_2,unroll_2,unroll_2,unroll_2,1,2.75,0.149090808882,False
workload_109.cpp,xczu7ev-ffvc1156-2-e,10,110.1859,184.5,1,1,5,8,cyclic_4_1,cyclic_2_1,unroll_2,unroll_2,unroll_4,pipeline_1,2,3.75,0.964268270335,False
workload_258.cpp,xczu7ev-ffvc1156-2-e,10,767.2199,196,1,1,4,8,cyclic_4_1,cyclic_2_1,unroll_2,unroll_2,unroll_4,unroll_2,1,3.5,0.154443738855,False
workload_53.cpp,xczu7ev-ffvc1156-2-e,10,116.38946,975,1,1,12,25,cyclic_4_1,cyclic_2_1,unroll_2,unroll_2,unroll_8,pipeline_1,1,9.75,0.600684051662,False
workload_38.cpp,xczu7ev-ffvc1156-2-e,10,509.37842,1087,1,3,18,37,cyclic_4_1,cyclic_2_1,unroll_2,unroll_2,unroll_8,unroll_4,1,14.75,0.213615451014,False
workload_141.cpp,xczu7ev-ffvc1156-2-e,10,504.67426,2424,1,3,35,64,cyclic_4_1,cyclic_2_1,unroll_2,unroll_2,unroll_8,unroll_8,1,25.75,0.1,False
workload_404.cpp,xczu7ev-ffvc1156-2-e,10,110.14366,195,1,1,5,9,cyclic_4_1,cyclic_2_1,unroll_2,unroll_4,unroll_2,pipeline_1,1,4,0.95533599285,False
workload_401.cpp,xczu7ev-ffvc1156-2-e,10,778.40566,216,1,1,5,9,cyclic_4_1,cyclic_2_1,unroll_2,unroll_4,unroll_2,unroll_2,1,4,0.148697780417,False
workload_413.cpp,xczu7ev-ffvc1156-2-e,10,110.46566,880,1,1,9,14,cyclic_4_1,cyclic_2_1,unroll_2,unroll_4,unroll_4,pipeline_1,1,6.25,0.805599783772,False
workload_348.cpp,xczu7ev-ffvc1156-2-e,10,109.75188,193,1,1,5,9,cyclic_4_1,cyclic_2_1,unroll_4,unroll_2,unroll_2,pipeline_1,1,4,1,True
workload_463.cpp,xczu7ev-ffvc1156-2-e,10,109.82188,847,1,1,8,13,cyclic_4_1,cyclic_2_1,unroll_4,unroll_2,unroll_4,pipeline_1,1,5.75,0.837713916946,False
workload_389.cpp,xczu7ev-ffvc1156-2-e,10,109.75864,878,1,1,9,14,cyclic_4_1,cyclic_2_1,unroll_4,unroll_4,unroll_2,pipeline_1,1,6.25,0.805602667482,False
workload_510.cpp,xczu7ev-ffvc1156-2-e,10,109.75881,821,1,2,9,15,cyclic_4_1,cyclic_2_1,unroll_8,unroll_2,unroll_2,pipeline_1,1,6.75,0.774206052846,False
workload_305.cpp,xczu7ev-ffvc1156-2-e,10,110.3539,78.5,1,1,3,6,cyclic_8_1,block_2_1,unroll_2,unroll_2,unroll_2,pipeline_1,2,2.75,0.999537626419,False
workload_203.cpp,xczu7ev-ffvc1156-2-e,10,268.6379,294,1,5,11,20,cyclic_8_1,block_2_1,unroll_2,unroll_2,unroll_2,unroll_16,1,9.25,0.544868335124,False
workload_368.cpp,xczu7ev-ffvc1156-2-e,10,778.4059,100,1,1,3,6,cyclic_8_1,block_2_1,unroll_2,unroll_2,unroll_2,unroll_2,1,2.75,0.149090808882,False
workload_271.cpp,xczu7ev-ffvc1156-2-e,10,436.8059,106,1,2,4,8,cyclic_8_1,block_2_1,unroll_2,unroll_2,unroll_2,unroll_4,1,3.75,0.450640737157,False
workload_182.cpp,xczu7ev-ffvc1156-2-e,10,110.1859,191,1,1,5,8,cyclic_8_1,block_2_1,unroll_2,unroll_2,unroll_4,pipeline_1,2,3.75,0.964268270335,False
workload_329.cpp,xczu7ev-ffvc1156-2-e,10,116.1565,1070,1,1,12,25,cyclic_8_1,block_2_1,unroll_2,unroll_2,unroll_8,pipeline_1,2,9.75,0.600694432126,False
workload_288.cpp,xczu7ev-ffvc1156-2-e,10,509.37842,1014,1,3,18,37,cyclic_8_1,block_2_1,unroll_2,unroll_2,unroll_8,unroll_4,1,14.75,0.213615451014,False
workload_263.cpp,xczu7ev-ffvc1156-2-e,10,110.36766,187.5,1,1,5,9,cyclic_8_1,block_2_1,unroll_2,unroll_4,unroll_2,pipeline_1,2,4,0.95510994883,False
workload_190.cpp,xczu7ev-ffvc1156-2-e,10,270.28966,867,1,5,20,33,cyclic_8_1,block_2_1,unroll_2,unroll_4,unroll_2,unroll_16,1,14.75,0.334786541829,False
workload_321.cpp,xczu7ev-ffvc1156-2-e,10,110.24166,829.5,1,1,9,14,cyclic_8_1,block_2_1,unroll_2,unroll_4,unroll_4,pipeline_1,2,6.25,0.805601736477,False
workload_291.cpp,xczu7ev-ffvc1156-2-e,10,109.97588,191,1,1,5,9,cyclic_8_1,block_2_1,unroll_4,unroll_2,unroll_2,pipeline_1,2,4,0.955504561814,False
workload_67.cpp,xczu7ev-ffvc1156-2-e,10,262.29588,824,1,4,16,23,cyclic_8_1,block_2_1,unroll_4,unroll_2,unroll_2,unroll_16,1,11,0.479403238327,False
workload_227.cpp,xczu7ev-ffvc1156-2-e,10,110.04588,824.5,1,1,8.5,14,cyclic_8_1,block_2_1,unroll_4,unroll_2,unroll_4,pipeline_1,2,6.125,0.813563433829,False
workload_421.cpp,xczu7ev-ffvc1156-2-e,10,109.75864,878,1,1,9,15,cyclic_8_1,block_2_1,unroll_4,unroll_4,unroll_2,pipeline_1,1,6.5,0.789815049446,False
workload_332.cpp,xczu7ev-ffvc1156-2-e,10,110.3539,97,1,1,3,6,cyclic_8_1,complete_1,unroll_2,unroll_2,unroll_2,pipeline_1,2,2.75,0.999537626419,False
workload_560.cpp,xczu7ev-ffvc1156-2-e,10,778.4059,87,1,1,3,6,cyclic_8_1,complete_1,unroll_2,unroll_2,unroll_2,unroll_2,1,2.75,0.149090808882,False
workload_459.cpp,xczu7ev-ffvc1156-2-e,10,110.1859,189,1,1,5,8,cyclic_8_1,complete_1,unroll_2,unroll_2,unroll_4,pipeline_1,2,3.75,0.964268270335,False
workload_504.cpp,xczu7ev-ffvc1156-2-e,10,115.92354,643,1,1,12,25,cyclic_8_1,complete_1,unroll_2,unroll_2,unroll_8,pipeline_1,1,9.75,0.600704432218,False
workload_573.cpp,xczu7ev-ffvc1156-2-e,10,110.01766,799,1,1,9,14,cyclic_8_1,complete_1,unroll_2,unroll_4,unroll_4,pipeline_1,1,6.25,0.805602725447,False
workload_403.cpp,xczu7ev-ffvc1156-2-e,10,109.97588,211,1,1,5,9,cyclic_8_1,complete_1,unroll_4,unroll_2,unroll_2,pipeline_1,2,4,0.955504561814,False
workload_281.cpp,xczu7ev-ffvc1156-2-e,10,425.59188,269,1,2,6,11,cyclic_8_1,complete_1,unroll_4,unroll_2,unroll_2,unroll_4,1,5,0.458814849505,False
workload_509.cpp,xczu7ev-ffvc1156-2-e,10,109.82188,817,1,1,8,14,cyclic_8_1,complete_1,unroll_4,unroll_2,unroll_4,pipeline_1,1,6,0.821569048931,False
workload_559.cpp,xczu7ev-ffvc1156-2-e,10,109.75881,832,1,2,9,15,cyclic_8_1,complete_1,unroll_8,unroll_2,unroll_2,pipeline_1,1,6.75,0.774206052846,False
workload_309.cpp,xczu7ev-ffvc1156-2-e,10,110.3539,88.5,1,1,3,6,cyclic_8_1,cyclic_2_1,unroll_2,unroll_2,unroll_2,pipeline_1,2,2.75,0.999537626419,False
workload_284.cpp,xczu7ev-ffvc1156-2-e,10,268.6379,291,1,5,11,20,cyclic_8_1,cyclic_2_1,unroll_2,unroll_2,unroll_2,unroll_16,1,9.25,0.544868335124,False
workload_318.cpp,xczu7ev-ffvc1156-2-e,10,436.8059,102,1,2,4,8,cyclic_8_1,cyclic_2_1,unroll_2,unroll_2,unroll_2,unroll_4,1,3.75,0.450640737157,False
workload_371.cpp,xczu7ev-ffvc1156-2-e,10,110.1859,194.5,1,1,5,8,cyclic_8_1,cyclic_2_1,unroll_2,unroll_2,unroll_4,pipeline_1,2,3.75,0.964268270335,False
workload_273.cpp,xczu7ev-ffvc1156-2-e,10,431.2199,270,1,2,6,11,cyclic_8_1,cyclic_2_1,unroll_2,unroll_2,unroll_4,unroll_4,1,5,0.451642359549,False
workload_168.cpp,xczu7ev-ffvc1156-2-e,10,509.37842,1014,1,3,18,37,cyclic_8_1,cyclic_2_1,unroll_2,unroll_2,unroll_8,unroll_4,1,14.75,0.213615451014,False
workload_240.cpp,xczu7ev-ffvc1156-2-e,10,110.36766,181.5,1,1,5,9,cyclic_8_1,cyclic_2_1,unroll_2,unroll_4,unroll_2,pipeline_1,2,4,0.95510994883,False
workload_286.cpp,xczu7ev-ffvc1156-2-e,10,429.70766,444,1,3,12,20,cyclic_8_1,cyclic_2_1,unroll_2,unroll_4,unroll_2,unroll_8,1,9,0.392057533549,False
workload_392.cpp,xczu7ev-ffvc1156-2-e,10,110.01766,829,1,1,9,14,cyclic_8_1,cyclic_2_1,unroll_2,unroll_4,unroll_4,pipeline_1,1,6.25,0.805602725447,False
workload_241.cpp,xczu7ev-ffvc1156-2-e,10,109.97588,190,1,1,5,9,cyclic_8_1,cyclic_2_1,unroll_4,unroll_2,unroll_2,pipeline_1,2,4,0.955504561814,False
workload_324.cpp,xczu7ev-ffvc1156-2-e,10,262.29588,949,1,4,16,23,cyclic_8_1,cyclic_2_1,unroll_4,unroll_2,unroll_2,unroll_16,1,11,0.479403238327,False
workload_343.cpp,xczu7ev-ffvc1156-2-e,10,755.99188,224,1,1,5,9,cyclic_8_1,cyclic_2_1,unroll_4,unroll_2,unroll_2,unroll_2,1,4,0.160042380372,False
workload_405.cpp,xczu7ev-ffvc1156-2-e,10,109.82188,876,1,1,8,14,cyclic_8_1,cyclic_2_1,unroll_4,unroll_2,unroll_4,pipeline_1,1,6,0.821569048931,False
workload_322.cpp,xczu7ev-ffvc1156-2-e,10,109.98264,894.5,1,1,9,15,cyclic_8_1,cyclic_2_1,unroll_4,unroll_4,unroll_2,pipeline_1,2,6.5,0.789815175481,False
workload_567.cpp,xczu7ev-ffvc1156-2-e,10,109.75881,835,1,2,9,15,cyclic_8_1,cyclic_2_1,unroll_8,unroll_2,unroll_2,pipeline_1,1,6.75,0.774206052846,False
