model,target,target_group,kernel,count,kendall_tau_b,spearman_rho,mae,rmse,top1_best_actual,top1_regret,top1_oracle_recall,top5_best_actual,top5_regret,top5_oracle_recall,top10_best_actual,top10_regret,top10_oracle_recall
HARP-Rep,area,machsuite-sort-radix::xcu200-fsgd2104-2-e::10,machsuite-sort-radix,590,0.5486965898303765,0.685329050042109,0.7091506749587209,0.7344571925665899,0.0625,0.0,1.0,0.0625,0.0,1.0,0.0625,0.0,1.0
HARP-Rep,area,machsuite-sort-radix::xcu200-fsgd2104-2-e::3.33,machsuite-sort-radix,648,0.5287543100508497,0.6455891755224343,0.6776456575757072,0.699308369057191,0.0625,0.0,1.0,0.0625,0.0,1.0,0.0625,0.0,1.0
HARP-Rep,area,machsuite-sort-radix::xcu200-fsgd2104-2-e::5,machsuite-sort-radix,623,0.550587695690334,0.7016170607408376,0.7142645643870535,0.7501477690797661,0.0625,0.0,1.0,0.0625,0.0,1.0,0.0625,0.0,1.0
HARP-Rep,area,machsuite-sort-radix::xczu7ev-ffvc1156-2-e::10,machsuite-sort-radix,683,0.4964110751372265,0.6596910207932791,0.8711500838521858,1.759550803367854,0.5,1.0,0.0,0.5,1.0,0.0,0.5,1.0,0.0
HARP-Rep,area,machsuite-sort-radix::xczu7ev-ffvc1156-2-e::3.33,machsuite-sort-radix,731,0.4681927361816585,0.6282056197830183,0.9336136974661831,1.6635772905502493,0.5,1.0,0.0,0.5,1.0,0.0,0.5,1.0,0.0
HARP-Rep,area,machsuite-sort-radix::xczu7ev-ffvc1156-2-e::5,machsuite-sort-radix,760,0.29891452471861435,0.39666165167123213,0.6204340561008346,1.3307436711827758,0.5,1.0,0.0,0.5,1.0,0.0,0.5,1.0,0.0
HARP-Rep,area,machsuite-viterbi::xcu200-fsgd2104-2-e::10,machsuite-viterbi,615,0.05440764283331016,0.08081233893211516,0.9659694606480959,1.14832670807177,1.5,23.0,0.0,0.75,11.0,0.0,0.75,11.0,0.0
HARP-Rep,area,machsuite-viterbi::xcu200-fsgd2104-2-e::3.33,machsuite-viterbi,478,0.11487714817006651,0.16546517475199166,0.8096156868191039,1.0270575018428083,1.0,15.0,0.0,1.0,15.0,0.0,1.0,15.0,0.0
HARP-Rep,area,machsuite-viterbi::xcu200-fsgd2104-2-e::5,machsuite-viterbi,571,-0.01652821681466394,-0.020460604148906724,1.0915170237545113,1.3365115237639555,1.25,19.0,0.0,1.25,19.0,0.0,1.0,15.0,0.0
HARP-Rep,area,machsuite-viterbi::xczu7ev-ffvc1156-2-e::10,machsuite-viterbi,519,0.11583066342877732,0.1528674190520138,6.648787276183673,8.571242865409827,6.5,2.25,0.0,6.5,2.25,0.0,4.75,1.375,0.0
HARP-Rep,area,machsuite-viterbi::xczu7ev-ffvc1156-2-e::3.33,machsuite-viterbi,615,-0.04933482565349284,-0.07331691667571505,8.06659337440595,10.228143028514033,7.625,2.8125,0.0,7.5,2.75,0.0,7.5,2.75,0.0
HARP-Rep,area,machsuite-viterbi::xczu7ev-ffvc1156-2-e::5,machsuite-viterbi,531,0.02897315469960235,0.03355662511647636,6.152802601089103,7.771494158518622,7.0,3.0,0.0,5.25,2.0,0.0,5.25,2.0,0.0
HARP-Rep,area,rodinia_pathfinder_0_baseline_0::xcu200-fsgd2104-2-e::10,rodinia_pathfinder_0_baseline_0,227,0.05775873562090367,0.13357637961294416,3.4132278696594107,4.06509147893576,0.25,3.0,0.0,0.25,3.0,0.0,0.25,3.0,0.0
HARP-Rep,area,rodinia_pathfinder_0_baseline_0::xcu200-fsgd2104-2-e::3.33,rodinia_pathfinder_0_baseline_0,234,0.1499359376488601,0.2588927104431895,3.539049290477189,4.278854608389932,0.25,3.0,0.0,0.25,3.0,0.0,0.25,3.0,0.0
HARP-Rep,area,rodinia_pathfinder_0_baseline_0::xcu200-fsgd2104-2-e::5,rodinia_pathfinder_0_baseline_0,265,0.24706863707011703,0.36442332651011444,3.59445537091005,4.128402769182353,0.25,3.0,0.0,0.25,3.0,0.0,0.25,3.0,0.0
HARP-Rep,area,rodinia_pathfinder_0_baseline_0::xczu7ev-ffvc1156-2-e::10,rodinia_pathfinder_0_baseline_0,388,0.22214787411799916,0.3397598729593394,7.431859602479408,10.134943778433026,1.75,1.3333333333333335,0.0,1.75,1.3333333333333335,0.0,1.75,1.3333333333333335,0.0
HARP-Rep,area,rodinia_pathfinder_0_baseline_0::xczu7ev-ffvc1156-2-e::3.33,rodinia_pathfinder_0_baseline_0,261,0.34593656567466297,0.5010870589057431,8.378424321285305,11.153774007767359,1.75,2.5,0.0,1.75,2.5,0.0,1.75,2.5,0.0
HARP-Rep,area,rodinia_pathfinder_0_baseline_0::xczu7ev-ffvc1156-2-e::5,rodinia_pathfinder_0_baseline_0,360,0.19058360570868005,0.29568446753219674,7.043149437798129,10.03946252202546,1.75,2.5,0.0,1.75,2.5,0.0,1.75,2.5,0.0
HARP-Rep,area,rodinia_pathfinder_4_doublebuffer_0::xcu200-fsgd2104-2-e::10,rodinia_pathfinder_4_doublebuffer_0,622,0.4130704699527192,0.5513290372728703,5.283681615776529,5.409731228470473,0.5,7.0,0.0,0.0625,0.0,1.0,0.0625,0.0,1.0
HARP-Rep,area,rodinia_pathfinder_4_doublebuffer_0::xcu200-fsgd2104-2-e::3.33,rodinia_pathfinder_4_doublebuffer_0,731,0.37274597297202344,0.5139445360282854,5.750720627107621,6.031786905199492,0.5,7.0,0.0,0.0625,0.0,1.0,0.0625,0.0,1.0
HARP-Rep,area,rodinia_pathfinder_4_doublebuffer_0::xcu200-fsgd2104-2-e::5,rodinia_pathfinder_4_doublebuffer_0,748,0.49433830457254246,0.6668461498910954,5.988257133465011,6.206498380709505,0.25,3.0,0.0,0.0625,0.0,1.0,0.0625,0.0,1.0
HARP-Rep,area,rodinia_pathfinder_4_doublebuffer_0::xczu7ev-ffvc1156-2-e::10,rodinia_pathfinder_4_doublebuffer_0,751,0.4507105522024456,0.6322668286179486,4.177232869461424,6.680254451595679,3.5,0.16666666666666674,0.0,3.25,0.08333333333333326,0.0,3.25,0.08333333333333326,0.0
HARP-Rep,area,rodinia_pathfinder_4_doublebuffer_0::xczu7ev-ffvc1156-2-e::3.33,rodinia_pathfinder_4_doublebuffer_0,546,0.22369536213334024,0.31525639938001254,4.196715790004336,5.86449516623113,4.25,0.5454545454545454,0.0,2.75,0.0,1.0,2.75,0.0,1.0
HARP-Rep,area,rodinia_pathfinder_4_doublebuffer_0::xczu7ev-ffvc1156-2-e::5,rodinia_pathfinder_4_doublebuffer_0,514,0.5152980595806915,0.700522317825471,2.7040318082337627,4.809952972406699,4.0,0.4545454545454546,0.0,2.75,0.0,1.0,2.75,0.0,1.0
HARP-Rep,perf,machsuite-sort-radix::xcu200-fsgd2104-2-e::10,machsuite-sort-radix,590,0.23348754345979794,0.34605229899162054,0.4644918408717746,0.5409647344779391,2.235990047454834,0.048338199387457426,0.0,2.143549919128418,0.004997882291158717,0.0,2.143549919128418,0.004997882291158717,0.0
HARP-Rep,perf,machsuite-sort-radix::xcu200-fsgd2104-2-e::3.33,machsuite-sort-radix,648,0.32175908976863804,0.47708874682364566,1.2926889411375186,1.3262264341609642,0.7720771431922913,0.08672011965469073,0.0,0.7145414352416992,0.005737005493373859,0.0,0.7145414352416992,0.005737005493373859,0.0
HARP-Rep,perf,machsuite-sort-radix::xcu200-fsgd2104-2-e::5,machsuite-sort-radix,623,0.13986902596713374,0.2209687369980438,1.3853841266295621,1.41828554783829,1.0729550123214722,0.006123306066597722,0.0,1.0675350427627563,0.0010409329674714307,0.0,1.0675350427627563,0.0010409329674714307,0.0
HARP-Rep,perf,machsuite-sort-radix::xczu7ev-ffvc1156-2-e::10,machsuite-sort-radix,683,0.2774836252373946,0.4106311327804564,0.6391605958927746,0.7392230017837741,2.144629955291748,0.005523137563338221,0.0,2.1337900161743164,0.00044076446421192905,0.0,2.1335299015045166,0.00031880807809581135,0.0
HARP-Rep,perf,machsuite-sort-radix::xczu7ev-ffvc1156-2-e::3.33,machsuite-sort-radix,731,0.3817020016774359,0.5419166373529941,1.477451090359773,1.5188239323742152,0.7142150402069092,0.00527759537562944,0.0,0.7142150402069092,0.00527759537562944,0.0,0.7142150402069092,0.00527759537562944,0.0
HARP-Rep,perf,machsuite-sort-radix::xczu7ev-ffvc1156-2-e::5,machsuite-sort-radix,760,0.3281969349543497,0.4881104774788665,1.3732800301443875,1.417112192062598,1.076954960823059,0.00979836566108827,0.0,1.0721549987792969,0.005297718927150363,0.0,1.0721549987792969,0.005297718927150363,0.0
HARP-Rep,perf,machsuite-viterbi::xcu200-fsgd2104-2-e::10,machsuite-viterbi,615,0.36074577993960244,0.5353535604420092,9.418173419502786,12.106340694088553,6.641670227050781,1.199782210601874,0.0,3.02239990234375,0.001046620987222413,0.0,3.0198700428009038,0.0002087082593353884,0.0
HARP-Rep,perf,machsuite-viterbi::xcu200-fsgd2104-2-e::3.33,machsuite-viterbi,478,0.4135973738326767,0.5997180290393784,7.76789553485288,10.707386276186272,4.390671730041504,3.2164443696006737,0.0,1.0415207147598269,0.00019186666228621085,0.0,1.0414175987243652,9.284240042606307e-05,0.0
HARP-Rep,perf,machsuite-viterbi::xcu200-fsgd2104-2-e::5,machsuite-viterbi,571,0.45422455218346003,0.6384574161429536,7.544950312936492,9.29556902667092,1.5582499504089355,0.00020215923199695673,0.0,1.5581049919128418,0.00010911395337909191,0.0,1.5581049919128418,0.00010911395337909191,0.0
HARP-Rep,perf,machsuite-viterbi::xczu7ev-ffvc1156-2-e::10,machsuite-viterbi,519,0.3913183261369283,0.5606511471795561,13.616954113700702,19.901863963689234,6.91047477722168,1.2845752208601824,0.0,3.026859998703003,0.0006677649476842795,0.0,3.025470018386841,0.00020824303491284724,0.0
HARP-Rep,perf,machsuite-viterbi::xczu7ev-ffvc1156-2-e::3.33,machsuite-viterbi,615,0.44906038673144694,0.628120590705267,6.392465670862988,10.798392604181258,4.5092644691467285,3.0719573634794806,0.0,1.123392105102539,0.014445878201638562,0.0,1.1233887672424316,0.01444286404619577,0.0
HARP-Rep,perf,machsuite-viterbi::xczu7ev-ffvc1156-2-e::5,machsuite-viterbi,531,0.40996220680843326,0.5877599168091336,7.724871361511489,12.167167209165342,1.5666500329971311,0.00015959006130628062,0.0,1.5666500329971311,0.00015959006130628062,0.0,1.566504955291748,6.697150879797498e-05,0.0
HARP-Rep,perf,rodinia_pathfinder_0_baseline_0::xcu200-fsgd2104-2-e::10,rodinia_pathfinder_0_baseline_0,227,0.28469978882581043,0.431740141713146,51.809936161862794,68.96552610969931,11.38621997833252,0.0712207878247808,0.0,11.38621997833252,0.0712207878247808,0.0,11.35552978515625,0.06833344040172551,0.0
HARP-Rep,perf,rodinia_pathfinder_0_baseline_0::xcu200-fsgd2104-2-e::3.33,rodinia_pathfinder_0_baseline_0,234,0.22293385186698422,0.37296561072366125,32.262139111716195,45.11234440119331,3.597435712814331,0.016361555339617695,0.0,3.597435712814331,0.016361555339617695,0.0,3.597435712814331,0.016361555339617695,0.0
HARP-Rep,perf,rodinia_pathfinder_0_baseline_0::xcu200-fsgd2104-2-e::5,rodinia_pathfinder_0_baseline_0,265,0.1799238944132713,0.2695942126012915,39.115330311499314,54.185952969592506,5.519199848175049,0.03849769647438728,0.0,5.396440029144287,0.015399096534178147,0.0,5.396440029144287,0.015399096534178147,0.0
HARP-Rep,perf,rodinia_pathfinder_0_baseline_0::xczu7ev-ffvc1156-2-e::10,rodinia_pathfinder_0_baseline_0,388,0.2993394644088127,0.4489810699840947,54.797885564235315,72.98909261111089,10.741729736328123,0.01058685082908628,0.0,10.741729736328123,0.01058685082908628,0.0,10.741729736328123,0.01058685082908628,0.0
HARP-Rep,perf,rodinia_pathfinder_0_baseline_0::xczu7ev-ffvc1156-2-e::3.33,rodinia_pathfinder_0_baseline_0,261,0.17343706078168833,0.3449543782249579,30.49660337244418,42.9580494711109,4.452493190765381,0.2579357258243018,0.0,3.58721923828125,0.013475157145053096,0.0,3.5838093757629395,0.012511789499521697,0.0
HARP-Rep,perf,rodinia_pathfinder_0_baseline_0::xczu7ev-ffvc1156-2-e::5,rodinia_pathfinder_0_baseline_0,360,0.321944797822945,0.5173369556884585,42.868077580415864,60.260072787692984,6.670074939727783,0.25504740737178433,0.0,5.396440029144287,0.015399096534178147,0.0,5.391324996948242,0.014436647393159863,0.0
HARP-Rep,perf,rodinia_pathfinder_4_doublebuffer_0::xcu200-fsgd2104-2-e::10,rodinia_pathfinder_4_doublebuffer_0,622,-0.10679047327451571,-0.14804635154206566,12.972256178405628,16.527676604565666,32.43775177001953,0.024607177837086658,0.0,32.42723083496094,0.024274854387082323,0.0,32.42723083496094,0.024274854387082323,0.0
HARP-Rep,perf,rodinia_pathfinder_4_doublebuffer_0::xcu200-fsgd2104-2-e::3.33,rodinia_pathfinder_4_doublebuffer_0,731,-0.05106704231071989,-0.07878225491681001,5.817078364511219,6.624791852200834,10.743935585021973,0.01663402518593382,0.0,10.743935585021973,0.01663402518593382,0.0,10.580205917358398,0.0011412711795502073,0.0
HARP-Rep,perf,rodinia_pathfinder_4_doublebuffer_0::xcu200-fsgd2104-2-e::5,rodinia_pathfinder_4_doublebuffer_0,748,-0.3069695953010345,-0.4306241155177352,13.69087736512501,17.937898841982733,16.300874710083008,0.030328888108746455,0.0,15.967949867248535,0.009285717773277025,0.0,15.967949867248535,0.009285717773277025,0.0
HARP-Rep,perf,rodinia_pathfinder_4_doublebuffer_0::xczu7ev-ffvc1156-2-e::10,rodinia_pathfinder_4_doublebuffer_0,751,-0.18190749673094234,-0.26074887218830495,18.715559535852858,22.8781537009603,32.42723083496094,0.02566502109401725,0.0,32.42723083496094,0.02566502109401725,0.0,31.771900177001957,0.004937079921982779,0.0
HARP-Rep,perf,rodinia_pathfinder_4_doublebuffer_0::xczu7ev-ffvc1156-2-e::3.33,rodinia_pathfinder_4_doublebuffer_0,546,-0.33614298266879167,-0.4174839810208338,7.9087713138479385,9.600032457819038,10.580469131469728,0.0013391290958535418,0.0,10.580469131469728,0.0013391290958535418,0.0,10.580469131469728,0.0013391290958535418,0.0
HARP-Rep,perf,rodinia_pathfinder_4_doublebuffer_0::xczu7ev-ffvc1156-2-e::5,rodinia_pathfinder_4_doublebuffer_0,514,0.1741242675808651,0.2872293926172075,8.490827796894152,10.608093286895475,16.131935119628906,0.01662742328247946,0.0,16.131935119628906,0.01662742328247946,0.0,16.131935119628906,0.01662742328247946,0.0
Structured-MLIR,area,machsuite-sort-radix::xcu200-fsgd2104-2-e::10,machsuite-sort-radix,590,0.5463496132135317,0.6830165965500009,0.6534764790271465,0.6789930776625654,0.0625,0.0,1.0,0.0625,0.0,1.0,0.0625,0.0,1.0
Structured-MLIR,area,machsuite-sort-radix::xcu200-fsgd2104-2-e::3.33,machsuite-sort-radix,648,0.5293802827337257,0.6467444224483171,0.6190166992476661,0.6421298449609953,0.0625,0.0,1.0,0.0625,0.0,1.0,0.0625,0.0,1.0
Structured-MLIR,area,machsuite-sort-radix::xcu200-fsgd2104-2-e::5,machsuite-sort-radix,623,0.5436681449317862,0.6942501247818134,0.6683443237443151,0.7024306653077121,0.0625,0.0,1.0,0.0625,0.0,1.0,0.0625,0.0,1.0
Structured-MLIR,area,machsuite-sort-radix::xczu7ev-ffvc1156-2-e::10,machsuite-sort-radix,683,0.49712825944996986,0.6606538745664492,0.8806634599602257,1.7838969893538907,0.5,1.0,0.0,0.5,1.0,0.0,0.5,1.0,0.0
Structured-MLIR,area,machsuite-sort-radix::xczu7ev-ffvc1156-2-e::3.33,machsuite-sort-radix,731,0.47111617011026935,0.6322549859173009,0.9428632239501897,1.689192985591068,0.5,1.0,0.0,0.5,1.0,0.0,0.5,1.0,0.0
Structured-MLIR,area,machsuite-sort-radix::xczu7ev-ffvc1156-2-e::5,machsuite-sort-radix,760,0.30321489164559656,0.4021077366182975,0.6071330001071729,1.3443675662585943,0.5,1.0,0.0,0.5,1.0,0.0,0.5,1.0,0.0
Structured-MLIR,area,machsuite-viterbi::xcu200-fsgd2104-2-e::10,machsuite-viterbi,615,0.05892712754150845,0.08777314903725221,0.8888445291302122,1.0806678796904257,1.5,23.0,0.0,1.5,23.0,0.0,0.75,11.0,0.0
Structured-MLIR,area,machsuite-viterbi::xcu200-fsgd2104-2-e::3.33,machsuite-viterbi,478,0.12036303813384457,0.17315606074645035,0.7695673912790704,0.9940272602260591,1.0,15.0,0.0,1.0,15.0,0.0,1.0,15.0,0.0
Structured-MLIR,area,machsuite-viterbi::xcu200-fsgd2104-2-e::5,machsuite-viterbi,571,-0.014011361192964719,-0.016284631681297745,1.0351374646544027,1.2974046102721226,1.25,19.0,0.0,1.25,19.0,0.0,1.0,15.0,0.0
Structured-MLIR,area,machsuite-viterbi::xczu7ev-ffvc1156-2-e::10,machsuite-viterbi,519,0.1263949255733793,0.16792786271155094,6.741328300444839,8.640865044269837,6.5,2.25,0.0,6.5,2.25,0.0,4.75,1.375,0.0
Structured-MLIR,area,machsuite-viterbi::xczu7ev-ffvc1156-2-e::3.33,machsuite-viterbi,615,-0.04587235765571711,-0.06825843878686029,8.15941333365707,10.302666337352521,7.625,2.8125,0.0,7.5,2.75,0.0,7.5,2.75,0.0
Structured-MLIR,area,machsuite-viterbi::xczu7ev-ffvc1156-2-e::5,machsuite-viterbi,531,0.03941872051493134,0.04910804826092228,6.2438187972105155,7.842448120463972,7.0,3.0,0.0,5.25,2.0,0.0,5.25,2.0,0.0
Structured-MLIR,area,rodinia_pathfinder_0_baseline_0::xcu200-fsgd2104-2-e::10,rodinia_pathfinder_0_baseline_0,227,0.06039725031022404,0.135163500511854,3.898004678132282,4.615917861075092,0.25,3.0,0.0,0.25,3.0,0.0,0.25,3.0,0.0
Structured-MLIR,area,rodinia_pathfinder_0_baseline_0::xcu200-fsgd2104-2-e::3.33,rodinia_pathfinder_0_baseline_0,234,0.1544581864183005,0.25937111189039086,4.012606521649763,4.797699523795919,0.25,3.0,0.0,0.25,3.0,0.0,0.25,3.0,0.0
Structured-MLIR,area,rodinia_pathfinder_0_baseline_0::xcu200-fsgd2104-2-e::5,rodinia_pathfinder_0_baseline_0,265,0.2508047969477627,0.3658421273323654,4.1113499159271845,4.701431926656038,0.25,3.0,0.0,0.25,3.0,0.0,0.25,3.0,0.0
Structured-MLIR,area,rodinia_pathfinder_0_baseline_0::xczu7ev-ffvc1156-2-e::10,rodinia_pathfinder_0_baseline_0,388,0.21858573619482424,0.33280867145146786,7.458813226109932,9.898401789661834,1.75,1.3333333333333335,0.0,1.75,1.3333333333333335,0.0,1.75,1.3333333333333335,0.0
Structured-MLIR,area,rodinia_pathfinder_0_baseline_0::xczu7ev-ffvc1156-2-e::3.33,rodinia_pathfinder_0_baseline_0,261,0.34528008293121065,0.4996070384068395,8.14368654755837,10.72351049734883,1.75,2.5,0.0,1.75,2.5,0.0,1.75,2.5,0.0
Structured-MLIR,area,rodinia_pathfinder_0_baseline_0::xczu7ev-ffvc1156-2-e::5,rodinia_pathfinder_0_baseline_0,360,0.1882345883827719,0.2921244470566495,7.1264998412749465,9.863170415532394,1.75,2.5,0.0,1.75,2.5,0.0,1.75,2.5,0.0
Structured-MLIR,area,rodinia_pathfinder_4_doublebuffer_0::xcu200-fsgd2104-2-e::10,rodinia_pathfinder_4_doublebuffer_0,622,0.5187037982929487,0.6707918540688583,5.899201874313928,6.077836173224397,0.25,3.0,0.0,0.0625,0.0,1.0,0.0625,0.0,1.0
Structured-MLIR,area,rodinia_pathfinder_4_doublebuffer_0::xcu200-fsgd2104-2-e::3.33,rodinia_pathfinder_4_doublebuffer_0,731,0.41567219846259795,0.5683640442826805,5.69802789700204,6.081598404080337,0.25,3.0,0.0,0.0625,0.0,1.0,0.0625,0.0,1.0
Structured-MLIR,area,rodinia_pathfinder_4_doublebuffer_0::xcu200-fsgd2104-2-e::5,rodinia_pathfinder_4_doublebuffer_0,748,0.5774659081400313,0.7715432818612652,5.3739089439874,5.620559112717178,0.0625,0.0,1.0,0.0625,0.0,1.0,0.0625,0.0,1.0
Structured-MLIR,area,rodinia_pathfinder_4_doublebuffer_0::xczu7ev-ffvc1156-2-e::10,rodinia_pathfinder_4_doublebuffer_0,751,0.3932215770140436,0.5493943317819016,4.1689298325384225,6.530711989988509,4.0,0.33333333333333326,0.0,3.0,0.0,1.0,3.0,0.0,1.0
Structured-MLIR,area,rodinia_pathfinder_4_doublebuffer_0::xczu7ev-ffvc1156-2-e::3.33,rodinia_pathfinder_4_doublebuffer_0,546,0.64734994455451,0.8162734138723591,3.355749214674111,4.241143816135276,2.75,0.0,1.0,2.75,0.0,1.0,2.75,0.0,1.0
Structured-MLIR,area,rodinia_pathfinder_4_doublebuffer_0::xczu7ev-ffvc1156-2-e::5,rodinia_pathfinder_4_doublebuffer_0,514,0.538094086969716,0.7324906802578887,2.8101405785335216,4.627779978646699,3.0,0.09090909090909083,0.0,2.75,0.0,1.0,2.75,0.0,1.0
Structured-MLIR,perf,machsuite-sort-radix::xcu200-fsgd2104-2-e::10,machsuite-sort-radix,590,0.25176733574675125,0.37407632273494074,0.2692809653387418,0.3269533667326247,2.235990047454834,0.048338199387457426,0.0,2.143549919128418,0.004997882291158717,0.0,2.143549919128418,0.004997882291158717,0.0
Structured-MLIR,perf,machsuite-sort-radix::xcu200-fsgd2104-2-e::3.33,machsuite-sort-radix,648,0.3258106509561513,0.483391532775543,1.0734557441009889,1.1051302562938332,0.7720771431922913,0.08672011965469073,0.0,0.7145414352416992,0.005737005493373859,0.0,0.7145414352416992,0.005737005493373859,0.0
Structured-MLIR,perf,machsuite-sort-radix::xcu200-fsgd2104-2-e::5,machsuite-sort-radix,623,0.14660770342172638,0.23186397174630838,1.1219474425509437,1.1541064118270656,1.0729550123214722,0.006123306066597722,0.0,1.0675350427627563,0.0010409329674714307,0.0,1.0675350427627563,0.0010409329674714307,0.0
Structured-MLIR,perf,machsuite-sort-radix::xczu7ev-ffvc1156-2-e::10,machsuite-sort-radix,683,0.28329151208944636,0.42038222771024186,0.3717282829535113,0.4709844528096077,2.144629955291748,0.005523137563338221,0.0,2.1337900161743164,0.00044076446421192905,0.0,2.1335299015045166,0.00031880807809581135,0.0
Structured-MLIR,perf,machsuite-sort-radix::xczu7ev-ffvc1156-2-e::3.33,machsuite-sort-radix,731,0.3748433701304973,0.5329568038921315,1.2414730278032453,1.2792273895154118,0.7142150402069092,0.00527759537562944,0.0,0.7142150402069092,0.00527759537562944,0.0,0.7142150402069092,0.00527759537562944,0.0
Structured-MLIR,perf,machsuite-sort-radix::xczu7ev-ffvc1156-2-e::5,machsuite-sort-radix,760,0.3266697889062247,0.4862105934006015,1.1206473855826702,1.1627876599221696,1.073114991188049,0.006197848273937767,0.0,1.0721549987792969,0.005297718927150363,0.0,1.0721549987792969,0.005297718927150363,0.0
Structured-MLIR,perf,machsuite-viterbi::xcu200-fsgd2104-2-e::10,machsuite-viterbi,615,0.3271744572290103,0.4841548188912219,9.307068089884625,12.138176085143723,3.02239990234375,0.001046620987222413,0.0,3.0198700428009038,0.0002087082593353884,0.0,3.0195300579071045,9.61021383318883e-05,0.0
Structured-MLIR,perf,machsuite-viterbi::xcu200-fsgd2104-2-e::3.33,machsuite-viterbi,478,0.4001591281778165,0.5802937690424627,7.756867791292569,10.720492185665739,4.390671730041504,3.2164443696006737,0.0,1.0414175987243652,9.284240042606307e-05,0.0,1.0414175987243652,9.284240042606307e-05,0.0
Structured-MLIR,perf,machsuite-viterbi::xcu200-fsgd2104-2-e::5,machsuite-viterbi,571,0.4399386312037864,0.6193643939623071,7.614167619261934,9.358329092021354,1.5582499504089355,0.00020215923199695673,0.0,1.5581049919128418,0.00010911395337909191,0.0,1.5581049919128418,0.00010911395337909191,0.0
Structured-MLIR,perf,machsuite-viterbi::xczu7ev-ffvc1156-2-e::10,machsuite-viterbi,519,0.3686938623375147,0.5291057521879431,13.630087263315817,19.992691699322577,6.91047477722168,1.2845752208601824,0.0,3.03358006477356,0.002889391814472564,0.0,3.026859998703003,0.0006677649476842795,0.0
Structured-MLIR,perf,machsuite-viterbi::xczu7ev-ffvc1156-2-e::3.33,machsuite-viterbi,615,0.43587844019974054,0.6139946185618801,6.210484204371184,10.910226085280572,4.5092644691467285,3.0719573634794806,0.0,1.123392105102539,0.014445878201638562,0.0,1.1233887672424316,0.01444286404619577,0.0
Structured-MLIR,perf,machsuite-viterbi::xczu7ev-ffvc1156-2-e::5,machsuite-viterbi,531,0.39829736730730847,0.5710256168110456,7.710020757702657,12.270793479452383,1.5666500329971311,0.00015959006130628062,0.0,1.5666500329971311,0.00015959006130628062,0.0,1.5666500329971311,0.00015959006130628062,0.0
Structured-MLIR,perf,rodinia_pathfinder_0_baseline_0::xcu200-fsgd2104-2-e::10,rodinia_pathfinder_0_baseline_0,227,0.27586317009814704,0.42128635160412514,44.87239210170667,58.471451200800274,11.38621997833252,0.0712207878247808,0.0,11.38621997833252,0.0712207878247808,0.0,11.38621997833252,0.0712207878247808,0.0
Structured-MLIR,perf,rodinia_pathfinder_0_baseline_0::xcu200-fsgd2104-2-e::3.33,rodinia_pathfinder_0_baseline_0,234,0.21690555774855977,0.3590990489669488,26.87420388860637,37.507453673069136,3.597435712814331,0.016361555339617695,0.0,3.597435712814331,0.016361555339617695,0.0,3.597435712814331,0.016361555339617695,0.0
Structured-MLIR,perf,rodinia_pathfinder_0_baseline_0::xcu200-fsgd2104-2-e::5,rodinia_pathfinder_0_baseline_0,265,0.1722763200226467,0.2509060229090902,33.105417426408664,45.584496810411785,5.519199848175049,0.03849769647438728,0.0,5.396440029144287,0.015399096534178147,0.0,5.396440029144287,0.015399096534178147,0.0
Structured-MLIR,perf,rodinia_pathfinder_0_baseline_0::xczu7ev-ffvc1156-2-e::10,rodinia_pathfinder_0_baseline_0,388,0.28957220190657645,0.42707083796213846,48.48725609400598,63.10644697386648,10.741729736328123,0.01058685082908628,0.0,10.741729736328123,0.01058685082908628,0.0,10.741729736328123,0.01058685082908628,0.0
Structured-MLIR,perf,rodinia_pathfinder_0_baseline_0::xczu7ev-ffvc1156-2-e::3.33,rodinia_pathfinder_0_baseline_0,261,0.14554285065943412,0.2732105880178136,25.620723261280055,35.51303431055157,4.452493190765381,0.2579357258243018,0.0,3.58721923828125,0.013475157145053096,0.0,3.5838093757629395,0.012511789499521697,0.0
Structured-MLIR,perf,rodinia_pathfinder_0_baseline_0::xczu7ev-ffvc1156-2-e::5,rodinia_pathfinder_0_baseline_0,360,0.30466611632482554,0.47092173852768043,37.01016641095714,51.678750903083596,6.670074939727783,0.25504740737178433,0.0,5.391324996948242,0.014436647393159863,0.0,5.391324996948242,0.014436647393159863,0.0
Structured-MLIR,perf,rodinia_pathfinder_4_doublebuffer_0::xcu200-fsgd2104-2-e::10,rodinia_pathfinder_4_doublebuffer_0,622,-0.055165904311409844,-0.07075536300800347,12.55434615190258,14.767018794275659,32.42723083496094,0.024274854387082323,0.0,32.42723083496094,0.024274854387082323,0.0,32.42723083496094,0.024274854387082323,0.0
Structured-MLIR,perf,rodinia_pathfinder_4_doublebuffer_0::xcu200-fsgd2104-2-e::3.33,rodinia_pathfinder_4_doublebuffer_0,731,-0.04017251448457152,-0.055160388468628835,4.4890419508891855,5.39357618183485,10.80173110961914,0.022102868175914336,0.0,10.79838752746582,0.021786485100441677,0.0,10.638068199157717,0.006616431002184564,0.0
Structured-MLIR,perf,rodinia_pathfinder_4_doublebuffer_0::xcu200-fsgd2104-2-e::5,rodinia_pathfinder_4_doublebuffer_0,748,-0.29336240505318756,-0.4025556529316593,9.522987889858369,11.921268173256273,16.30079460144043,0.030323824684230782,0.0,16.213714599609375,0.024819761677869367,0.0,16.213714599609375,0.024819761677869367,0.0
Structured-MLIR,perf,rodinia_pathfinder_4_doublebuffer_0::xczu7ev-ffvc1156-2-e::10,rodinia_pathfinder_4_doublebuffer_0,751,-0.1550662943263767,-0.21769576394582527,15.598798619593659,18.272548780025435,32.437469482421875,0.025988866895635176,0.0,32.42723083496094,0.02566502109401725,0.0,32.42723083496094,0.02566502109401725,0.0
Structured-MLIR,perf,rodinia_pathfinder_4_doublebuffer_0::xczu7ev-ffvc1156-2-e::3.33,rodinia_pathfinder_4_doublebuffer_0,546,-0.322051814481726,-0.4123266273725353,6.164175519808061,7.571172075288178,10.638278007507324,0.0068101804137317146,0.0,10.638278007507324,0.0068101804137317146,0.0,10.580469131469728,0.0013391290958535418,0.0
Structured-MLIR,perf,rodinia_pathfinder_4_doublebuffer_0::xczu7ev-ffvc1156-2-e::5,rodinia_pathfinder_4_doublebuffer_0,514,0.17800977475256655,0.30407311042295176,7.753965864914433,9.351480261073863,16.218835830688477,0.022103867696045665,0.0,16.218814849853516,0.02210254549309698,0.0,16.213695526123047,0.021779927973595292,0.0
