kernel,status,source_sha256,toolchain_id,device,clock_period_ns,baseline_latency_ms,baseline_area_score,bram_util_percent,dsp_util_percent,ff_util_percent,lut_util_percent,report_path,error
machsuite-gemm-blocked,success,a00219d97e897c840b192795724003819fddc0d8a3b77bcdb458e937da410677,Vitis HLS 2021.1; imported from Data/ApplicationBaselineInformation.csv,xczu7ev-ffvc1156-2-e,10,32.52369,1,0,0,0,0,Data/ApplicationBaselineInformation.csv,
machsuite-gemm-ncubed,success,480917a0c7f26a08ea39f66186334e6a6c809364923e230d0810503320d1be01,Vitis HLS 2021.1; imported from Data/ApplicationBaselineInformation.csv,xczu7ev-ffvc1156-2-e,10,31.54049,1,0,0,0,0,Data/ApplicationBaselineInformation.csv,
machsuite-md-knn,success,f5e0b2159535f83952db36356a597f643cac243cffa23198138cdd2500025b49,Vitis HLS 2021.1; imported from Data/ApplicationBaselineInformation.csv,xczu7ev-ffvc1156-2-e,10,3.44833,1.25,0,2,0,1,Data/ApplicationBaselineInformation.csv,
machsuite-sort-radix,success,6efda738a9d765256992fbd08c76e86ffe56785e086571a3f3f8a5c256f8d0d6,Vitis HLS 2021.1; imported from Data/ApplicationBaselineInformation.csv,xczu7ev-ffvc1156-2-e,10,4.05601,1,0,0,0,0,Data/ApplicationBaselineInformation.csv,
machsuite-spmv-ellpack,success,96a3232d916540bd64162438f0da4328137ec9123662ab3c5a2e0211927bb1b9,Vitis HLS 2021.1; imported from Data/ApplicationBaselineInformation.csv,xczu7ev-ffvc1156-2-e,10,0.65703,1,0,0,0,0,Data/ApplicationBaselineInformation.csv,
machsuite-stencil2d,success,c09d67c7fe745f8eb14ee3c81a0c6f2e6787e1a77053d29d7c346188cc89c4fa,Vitis HLS 2021.1; imported from Data/ApplicationBaselineInformation.csv,xczu7ev-ffvc1156-2-e,10,2.03365,1,0,0,0,0,Data/ApplicationBaselineInformation.csv,
machsuite-stencil3d,success,b47ff32c02f1d495c003229164e66d35d9ba58b48572dbc78b54355dbbb8dea6,Vitis HLS 2021.1; imported from Data/ApplicationBaselineInformation.csv,xczu7ev-ffvc1156-2-e,10,0.81945,1,0,0,0,0,Data/ApplicationBaselineInformation.csv,
machsuite-viterbi,success,0093917d907c00c67159143b7306e6b8d16bb03a419ccea5ad66e618d02285bb,Vitis HLS 2021.1; imported from Data/ApplicationBaselineInformation.csv,xczu7ev-ffvc1156-2-e,10,7.46474,2,5,0,0,0,Data/ApplicationBaselineInformation.csv,
rodinia_cfd_flux_0_baseline_0,success,0682f85c70c0bdd50d7ceb258101b36cead13ea1b1dc7c2600e6142f36f18219,Vitis HLS 2021.1; imported from Data/ApplicationBaselineInformation.csv,xczu7ev-ffvc1156-2-e,10,1.47458,2,0,3,1,3,Data/ApplicationBaselineInformation.csv,
rodinia_cfd_step_factor_0_baseline_0,success,b9765ec187515b0e69c7a9bbdfe46127bc7a28c53a7ee150bf89f0d109f5fe93,Vitis HLS 2021.1; imported from Data/ApplicationBaselineInformation.csv,xczu7ev-ffvc1156-2-e,10,0.71681,1,0,0,0,0,Data/ApplicationBaselineInformation.csv,
rodinia_cfd_step_factor_1_tiling_0,success,85464f0753c5af94d652d99443fb79c678dae2563841d7a1d9f33de013bb6c34,Vitis HLS 2021.1; imported from Data/ApplicationBaselineInformation.csv,xczu7ev-ffvc1156-2-e,10,0.08602,1.25,2,0,0,0,Data/ApplicationBaselineInformation.csv,
rodinia_cfd_step_factor_2_pipeline_0,success,39170a7495359d39f57e0bdbea366fca906b994fe68c9328a274d0c7ed461d2d,Vitis HLS 2021.1; imported from Data/ApplicationBaselineInformation.csv,xczu7ev-ffvc1156-2-e,10,0.89092,1.25,2,0,0,0,Data/ApplicationBaselineInformation.csv,
rodinia_cfd_step_factor_3_unroll_0,success,8452bafb272ba2664971e80159f6e2252221ce8fce03dd9f45440fdcc84cd15c,Vitis HLS 2021.1; imported from Data/ApplicationBaselineInformation.csv,xczu7ev-ffvc1156-2-e,10,0.87685,1.25,2,0,0,1,Data/ApplicationBaselineInformation.csv,
rodinia_cfd_step_factor_4_doublebuffer_0,success,1fe88b0e773ff0931dfe689ceb2b4e9fbc171e6da4ff90a1a4020c21c8601c11,Vitis HLS 2021.1; imported from Data/ApplicationBaselineInformation.csv,xczu7ev-ffvc1156-2-e,10,0.00025,3.75,11,0,0,2,Data/ApplicationBaselineInformation.csv,
rodinia_cfd_step_factor_5_coalescing_0,success,6903d2ca14ad613a8889f286db4479c408b5d4fa0e1fed1912764924bab24a40,Vitis HLS 2021.1; imported from Data/ApplicationBaselineInformation.csv,xczu7ev-ffvc1156-2-e,10,0.00025,3.75,11,0,0,2,Data/ApplicationBaselineInformation.csv,
rodinia_dilate_0_baseline_0,success,9bc81876fbf0b99be823447b2674233285914ac2b0ad0959b428c8665717a679,Vitis HLS 2021.1; imported from Data/ApplicationBaselineInformation.csv,xczu7ev-ffvc1156-2-e,10,311.96225,1,0,0,0,0,Data/ApplicationBaselineInformation.csv,
rodinia_dilate_1_tiling_0,success,043f2a6bbf6af6fa80e60e1ad71817600bdeb0255b30c312f241e70e1fb60f04,Vitis HLS 2021.1; imported from Data/ApplicationBaselineInformation.csv,xczu7ev-ffvc1156-2-e,10,323.82349,3.25,10,0,0,0,Data/ApplicationBaselineInformation.csv,
rodinia_dilate_2_pipeline_0,success,b257a35b9a12f255c2fe99f0b32281aced5bb89b54aebe77f7a33861aca92559,Vitis HLS 2021.1; imported from Data/ApplicationBaselineInformation.csv,xczu7ev-ffvc1156-2-e,10,85.75543,3.5,11,0,0,0,Data/ApplicationBaselineInformation.csv,
rodinia_dilate_3_pipeline_0,success,65092efaecbe47d7f3fe4f5b05477cb43c3d5f36747a7483f8c59ef2b3d5206d,Vitis HLS 2021.1; imported from Data/ApplicationBaselineInformation.csv,xczu7ev-ffvc1156-2-e,10,839.02821,4.5,15,0,0,0,Data/ApplicationBaselineInformation.csv,
rodinia_lavaMD_0_baseline,success,aed6d99c38c0516d5ab69096b4aa8799665b6e04e1529e6e9a3355462954e232,Vitis HLS 2021.1; imported from Data/ApplicationBaselineInformation.csv,xczu7ev-ffvc1156-2-e,10,131.86869,1,0,1,0,1,Data/ApplicationBaselineInformation.csv,
rodinia_lavaMD_1_tiling_0,success,737b8ea05730099bb6bb081dd72700a1bdd76b13f6e300d0deefbce650d71347,Vitis HLS 2021.1; imported from Data/ApplicationBaselineInformation.csv,xczu7ev-ffvc1156-2-e,10,1319.39546,1.25,2,1,0,1,Data/ApplicationBaselineInformation.csv,
rodinia_lavaMD_1_tiling_1,success,bb375ed9ac6c6e12edd5b3068321cbdac02cd21d470319460f8e717f919442cf,Vitis HLS 2021.1; imported from Data/ApplicationBaselineInformation.csv,xczu7ev-ffvc1156-2-e,10,1319.83546,1,1,1,0,1,Data/ApplicationBaselineInformation.csv,
rodinia_lavaMD_2_pipeline_0,success,03184837393c9ef62c0e0e80f27174d78f3f1424f62a3e24a819a8cc76ee141d,Vitis HLS 2021.1; imported from Data/ApplicationBaselineInformation.csv,xczu7ev-ffvc1156-2-e,10,1319.39546,1.25,2,1,0,1,Data/ApplicationBaselineInformation.csv,
rodinia_lc_gicov_0_baseline_0,success,e14585e5e714d1b117b7245bc4baf5a96c5fa66507ee4eda74cb72d54addd6a8,Vitis HLS 2021.1; imported from Data/ApplicationBaselineInformation.csv,xczu7ev-ffvc1156-2-e,10,573.75501,1,0,0,0,0,Data/ApplicationBaselineInformation.csv,
rodinia_lc_mgvf_0_baseline_0,success,610f7762c351fcad4fc508eaa263a4e5a3eb3e4817c008e60b6e5d4a5f7c0ce3,Vitis HLS 2021.1; imported from Data/ApplicationBaselineInformation.csv,xczu7ev-ffvc1156-2-e,10,48990.78337,1,0,1,0,1,Data/ApplicationBaselineInformation.csv,
rodinia_pathfinder_0_baseline_0,success,3f6cb413c96ef9d6c94ed2fb470e895cb0c4edb46a9f648afb9742fe983bf1e6,Vitis HLS 2021.1; imported from Data/ApplicationBaselineInformation.csv,xczu7ev-ffvc1156-2-e,10,52.44928,1,0,0,0,0,Data/ApplicationBaselineInformation.csv,
rodinia_pathfinder_4_doublebuffer_0,success,f08395f467c7d232d31a63544da55bbff16cfb782fffb3a8595978a189a1ab0c,Vitis HLS 2021.1; imported from Data/ApplicationBaselineInformation.csv,xczu7ev-ffvc1156-2-e,10,73.47458,3.25,10,0,0,0,Data/ApplicationBaselineInformation.csv,
rodinia_streamcluster_0_baseline_0,success,884b9fa16bb4bece65d3325747900be6c30883770d9a79337e214b4c338b6633,Vitis HLS 2021.1; imported from Data/ApplicationBaselineInformation.csv,xczu7ev-ffvc1156-2-e,10,8.33543,1,0,0,0,0,Data/ApplicationBaselineInformation.csv,
rodinia_streamcluster_1_tiling_0,success,0592c042d70a8c26dba416ada83e2052ecd11e573bbe560c055b6d69b957f817,Vitis HLS 2021.1; imported from Data/ApplicationBaselineInformation.csv,xczu7ev-ffvc1156-2-e,10,28.97131,4.75,16,0,0,0,Data/ApplicationBaselineInformation.csv,
rodinia_streamcluster_2_pipeline_1,success,c1c44a82562d4f3ec6a77674df4928dfa5247f01ad9d6f48ecddfdbbb13e8abe,Vitis HLS 2021.1; imported from Data/ApplicationBaselineInformation.csv,xczu7ev-ffvc1156-2-e,10,28.97131,4.75,16,0,0,0,Data/ApplicationBaselineInformation.csv,
rodinia_streamcluster_3_doublebuffer_0,success,41014d6e1eae24c244cecbd5dee2cd525babbc2197999bd7bb1eb4c27a7b4d1e,Vitis HLS 2021.1; imported from Data/ApplicationBaselineInformation.csv,xczu7ev-ffvc1156-2-e,10,0.07395,8.75,32,0,0,0,Data/ApplicationBaselineInformation.csv,
rodinia_streamcluster_4_coalescing_0,success,e1075b8bb3bbb436ac7f20e78d48364a4af9d583e593baceda8f9ac475497349,Vitis HLS 2021.1; imported from Data/ApplicationBaselineInformation.csv,xczu7ev-ffvc1156-2-e,10,0.01047,9.25,32,0,1,3,Data/ApplicationBaselineInformation.csv,
rodinia-backprop-0-baseline-back,success,9cf0a1ff494c23a150703f293229c9a4a1d839f52471ed5ccfde2f74d7a3ac89,Vitis HLS 2021.1; imported from Data/ApplicationBaselineInformation.csv,xczu7ev-ffvc1156-2-e,10,209.71985,1,0,1,0,0,Data/ApplicationBaselineInformation.csv,
rodinia-backprop-0-baseline-forward,success,661750c496da8284acdad27aa54c4d8752d9efffdd9f53a9946e6a6966568dd1,Vitis HLS 2021.1; imported from Data/ApplicationBaselineInformation.csv,xczu7ev-ffvc1156-2-e,10,97.16951,6.5,23,0,0,1,Data/ApplicationBaselineInformation.csv,
rodinia-backprop-1-tiling-back,success,829db4937b10923e6ec39b65dad246fb88b063388c03cbbe98e917eaf9de6642,Vitis HLS 2021.1; imported from Data/ApplicationBaselineInformation.csv,xczu7ev-ffvc1156-2-e,10,349.96792,14.5,55,1,0,1,Data/ApplicationBaselineInformation.csv,
rodinia-hotspot-0-baseline,success,7afde9f09afbc56aceab1347333189a5afdce7ea5ae9c71b6baa510a6adc00d1,Vitis HLS 2021.1; imported from Data/ApplicationBaselineInformation.csv,xczu7ev-ffvc1156-2-e,10,7899.39905,1.5,0,2,0,2,Data/ApplicationBaselineInformation.csv,
rodinia-hotspot-1-tiling,success,d40a45b71ac2f0e9cabe953011e9f8e0075d2d48cc3620253a77a41a1b62e661,Vitis HLS 2021.1; imported from Data/ApplicationBaselineInformation.csv,xczu7ev-ffvc1156-2-e,10,6554.28705,8,29,0,0,0,Data/ApplicationBaselineInformation.csv,
rodinia-hotspot-2-pipeline,success,2f8fc265c2fdb6dbf82f558ae16d72f583f0ec77d54b90d6d63dcaf886db5549,Vitis HLS 2021.1; imported from Data/ApplicationBaselineInformation.csv,xczu7ev-ffvc1156-2-e,10,28742.33441,8,29,0,0,0,Data/ApplicationBaselineInformation.csv,
rodinia-hotspot-3-unroll,success,0518e3140bb6c9acc80ec52c27e86adeccabffb869ed7d0b9253e631ca4e6250,Vitis HLS 2021.1; imported from Data/ApplicationBaselineInformation.csv,xczu7ev-ffvc1156-2-e,10,28742.33441,8,29,0,0,0,Data/ApplicationBaselineInformation.csv,
rodinia-kmeans-0-baseline,success,fec4c83fbef51a51ba991f407ff6185213b107e3f08b4b39adac6af65483d367,Vitis HLS 2021.1; imported from Data/ApplicationBaselineInformation.csv,xczu7ev-ffvc1156-2-e,10,2854.91207,1,0,0,0,0,Data/ApplicationBaselineInformation.csv,
rodinia-kmeans-1-tiling,success,ad32be6bd3bdd09cc69e921bca4b8fe14d37f562c7fa4bd320039000c961049b,Vitis HLS 2021.1; imported from Data/ApplicationBaselineInformation.csv,xczu7ev-ffvc1156-2-e,10,9277.44582,11,41,0,0,0,Data/ApplicationBaselineInformation.csv,
rodinia-kmeans-2-pipeline,success,2c0c5d4cb4ff86822cbe678e111c9959fbe5921d81d3540e707fc5561d341efa,Vitis HLS 2021.1; imported from Data/ApplicationBaselineInformation.csv,xczu7ev-ffvc1156-2-e,10,9277.44582,11,41,0,0,0,Data/ApplicationBaselineInformation.csv,
rodinia-kmeans-3-unroll,success,9e9998a4a02559bbf473c21d09c4d3e16e63d6290a51375516264140305d6b66,Vitis HLS 2021.1; imported from Data/ApplicationBaselineInformation.csv,xczu7ev-ffvc1156-2-e,10,9277.44582,11,41,0,0,0,Data/ApplicationBaselineInformation.csv,
rodinia-knn-0-baseline,success,a4993c84204724cad504c6484ef8d1043e3f5de819c7d63efb3ca2482376cc6b,Vitis HLS 2021.1; imported from Data/ApplicationBaselineInformation.csv,xczu7ev-ffvc1156-2-e,10,293.60129,1,0,0,0,0,Data/ApplicationBaselineInformation.csv,
rodinia-knn-1-tiling,success,f39c72a8d33593623213eeb53722b812e1ca637bd02cd5e98e8d2eedaad8d940,Vitis HLS 2021.1; imported from Data/ApplicationBaselineInformation.csv,xczu7ev-ffvc1156-2-e,10,356.59782,1,0,0,0,0,Data/ApplicationBaselineInformation.csv,
rodinia-knn-2-pipeline,success,52144a09572f3c832728822908a28f37da3b8ca94e3dac3d2d82ab9db756c626,Vitis HLS 2021.1; imported from Data/ApplicationBaselineInformation.csv,xczu7ev-ffvc1156-2-e,10,356.59782,1,0,0,0,0,Data/ApplicationBaselineInformation.csv,
rodinia-knn-3-unroll,success,04a4076c4a8cc622a7d8bc203e9baf59c6c67b166be87afb64873ef8b3237d9d,Vitis HLS 2021.1; imported from Data/ApplicationBaselineInformation.csv,xczu7ev-ffvc1156-2-e,10,367.08358,1,0,0,0,0,Data/ApplicationBaselineInformation.csv,
rodinia-knn-4-doublebuffer,success,c5e124f039603997a5d788769f32ededbf7dee00ef2ada0651ff0e17fe60c882,Vitis HLS 2021.1; imported from Data/ApplicationBaselineInformation.csv,xczu7ev-ffvc1156-2-e,10,0.08206,1,0,0,0,0,Data/ApplicationBaselineInformation.csv,
rodinia-knn-5-coalescing,success,d0541b8526d9fe416f87e82025bed38f556a386c4df3abee7ae1c10841dbcc17,Vitis HLS 2021.1; imported from Data/ApplicationBaselineInformation.csv,xczu7ev-ffvc1156-2-e,10,0.10256,3.75,9,0,0,4,Data/ApplicationBaselineInformation.csv,
spcl_example_00,success,93a3d17602119338f08e2765ea56a6b24f07d8c905556332e19013209f65c96e,Vitis HLS 2021.1; imported from Data/ApplicationBaselineInformation.csv,xczu7ev-ffvc1156-2-e,10,10.24007,1,0,0,0,0,Data/ApplicationBaselineInformation.csv,
spcl_example_01,success,845f667d18b71c8a38cc3e9e64c1d488e479ea5d311450de1260489437c330bc,Vitis HLS 2021.1 Build 3247384 manual neutral synthesis,xczu7ev-ffvc1156-2-e,10,122.87992,1,1,0,0,0,Data/ApplicationBaselineInformation.csv,
spcl_example_03,success,35fe4aca90a84cc4fcb12c8c52f80d639e1040ece73f4e60303056f25144ec91,Vitis HLS 2021.1; imported from Data/ApplicationBaselineInformation.csv,xczu7ev-ffvc1156-2-e,10,139.80993,1,0,0,0,0,Data/ApplicationBaselineInformation.csv,
spcl_example_05,success,8d910734efade030bbe109627517acae61e1ce3d327739d369127d4e53b71629,Vitis HLS 2021.1; imported from Data/ApplicationBaselineInformation.csv,xczu7ev-ffvc1156-2-e,10,64466.48325,1,0,0,0,0,Data/ApplicationBaselineInformation.csv,
