Version,Device,Clock_Period_nsec,Latency_msec,Synthesis_Time_sec,BRAM_Utilization_percentage,DSP_Utilization_percentage,FF_Utilization_percentage,LUT_Utilization_percentage,OuterLoop_1,InnerLoop_1_1,InnerLoop_2_1,Replicate_Count,Area,Weight,is_pareto
gemm_1474.c,xcu200-fsgd2104-2-e,3.33,0.06239088,896.5,1,2,32,7,pipeline_1,pipeline_1,pipeline_1,8,10.5,1,True
gemm_1470.c,xcu200-fsgd2104-2-e,3.33,0.06239088,920.5,1,2,32,7,pipeline_1,pipeline_1,unroll_16,4,10.5,1,True
gemm_1532.c,xcu200-fsgd2104-2-e,3.33,0.06239088,916.5,1,2,32,7,pipeline_1,pipeline_1,unroll_2,4,10.5,1,True
gemm_1485.c,xcu200-fsgd2104-2-e,3.33,0.06239088,899,1,2,32,7,pipeline_1,pipeline_1,unroll_32,4,10.5,1,True
gemm_1463.c,xcu200-fsgd2104-2-e,3.33,0.06239088,910.5,1,2,32,7,pipeline_1,pipeline_1,unroll_4,4,10.5,1,True
gemm_1436.c,xcu200-fsgd2104-2-e,3.33,0.01540791,840,1,20,52,24,pipeline_1,pipeline_1,unroll_64,4,24.25,1,True
gemm_1448.c,xcu200-fsgd2104-2-e,3.33,0.06239088,911.5,1,2,32,7,pipeline_1,pipeline_1,unroll_8,4,10.5,1,True
gemm_1439.c,xcu200-fsgd2104-2-e,3.33,0.06239088,932.5,1,2,32,7,pipeline_1,unroll_16,pipeline_1,4,10.5,1,True
gemm_1487.c,xcu200-fsgd2104-2-e,3.33,0.06239088,914,1,2,32,7,pipeline_1,unroll_16,unroll_16,2,10.5,1,True
gemm_1633.c,xcu200-fsgd2104-2-e,3.33,0.06239088,943,1,2,32,7,pipeline_1,unroll_16,unroll_2,2,10.5,1,True
gemm_1531.c,xcu200-fsgd2104-2-e,3.33,0.06239088,1012.5,1,2,32,7,pipeline_1,unroll_16,unroll_32,2,10.5,1,True
gemm_1430.c,xcu200-fsgd2104-2-e,3.33,0.06239088,903,1,2,32,7,pipeline_1,unroll_16,unroll_4,2,10.5,1,True
gemm_1543.c,xcu200-fsgd2104-2-e,3.33,0.06239088,945,1,2,32,7,pipeline_1,unroll_16,unroll_64,2,10.5,1,True
gemm_1447.c,xcu200-fsgd2104-2-e,3.33,0.06239088,938.5,1,2,32,7,pipeline_1,unroll_16,unroll_8,2,10.5,1,True
gemm_1596.c,xcu200-fsgd2104-2-e,3.33,0.06239088,943.5,1,2,32,7,pipeline_1,unroll_2,pipeline_1,4,10.5,1,True
gemm_1458.c,xcu200-fsgd2104-2-e,3.33,0.06239088,938.5,1,2,32,7,pipeline_1,unroll_2,unroll_16,2,10.5,1,True
gemm_1651.c,xcu200-fsgd2104-2-e,3.33,0.06239088,936.5,1,2,32,7,pipeline_1,unroll_2,unroll_2,2,10.5,1,True
gemm_1512.c,xcu200-fsgd2104-2-e,3.33,0.06239088,915.5,1,2,32,7,pipeline_1,unroll_2,unroll_32,2,10.5,1,True
gemm_1632.c,xcu200-fsgd2104-2-e,3.33,0.06239088,898,1,2,32,7,pipeline_1,unroll_2,unroll_4,2,10.5,1,True
gemm_1469.c,xcu200-fsgd2104-2-e,3.33,0.01540791,875.5,1,20,52,24,pipeline_1,unroll_2,unroll_64,2,24.25,1,True
gemm_1643.c,xcu200-fsgd2104-2-e,3.33,0.06239088,919.5,1,2,32,7,pipeline_1,unroll_2,unroll_8,2,10.5,1,True
gemm_1464.c,xcu200-fsgd2104-2-e,3.33,0.06239088,930,1,2,32,7,pipeline_1,unroll_32,pipeline_1,4,10.5,1,True
gemm_1457.c,xcu200-fsgd2104-2-e,3.33,0.06239088,893,1,2,32,7,pipeline_1,unroll_32,unroll_16,2,10.5,1,True
gemm_1534.c,xcu200-fsgd2104-2-e,3.33,0.06239088,909.5,1,2,32,7,pipeline_1,unroll_32,unroll_2,2,10.5,1,True
gemm_1536.c,xcu200-fsgd2104-2-e,3.33,0.06239088,933,1,2,32,7,pipeline_1,unroll_32,unroll_32,2,10.5,1,True
gemm_1460.c,xcu200-fsgd2104-2-e,3.33,0.06239088,952.5,1,2,32,7,pipeline_1,unroll_32,unroll_4,2,10.5,1,True
gemm_1437.c,xcu200-fsgd2104-2-e,3.33,0.06239088,987.5,1,2,32,7,pipeline_1,unroll_32,unroll_64,2,10.5,1,True
gemm_1492.c,xcu200-fsgd2104-2-e,3.33,0.06239088,915.5,1,2,32,7,pipeline_1,unroll_32,unroll_8,2,10.5,1,True
gemm_1648.c,xcu200-fsgd2104-2-e,3.33,0.06239088,890.5,1,2,32,7,pipeline_1,unroll_4,pipeline_1,2,10.5,1,True
gemm_1704.c,xcu200-fsgd2104-2-e,3.33,0.06239088,878,1,2,32,7,pipeline_1,unroll_4,unroll_2,1,10.5,1,True
gemm_1706.c,xcu200-fsgd2104-2-e,3.33,0.06239088,916,1,2,32,7,pipeline_1,unroll_4,unroll_4,1,10.5,1,True
gemm_1642.c,xcu200-fsgd2104-2-e,3.33,0.12489498,889,1,2,23,5,pipeline_1,unroll_4,unroll_64,2,7.75,1,True
gemm_1518.c,xcu200-fsgd2104-2-e,3.33,0.06239088,936.5,1,2,32,7,pipeline_1,unroll_64,pipeline_1,4,10.5,1,True
gemm_1490.c,xcu200-fsgd2104-2-e,3.33,0.06239088,981,1,2,32,7,pipeline_1,unroll_64,unroll_16,2,10.5,1,True
gemm_1645.c,xcu200-fsgd2104-2-e,3.33,0.06239088,943.5,1,2,32,7,pipeline_1,unroll_64,unroll_2,2,10.5,1,True
gemm_1506.c,xcu200-fsgd2104-2-e,3.33,0.06239088,1002,1,2,32,7,pipeline_1,unroll_64,unroll_32,2,10.5,1,True
gemm_1422.c,xcu200-fsgd2104-2-e,3.33,0.06239088,913.5,1,2,32,7,pipeline_1,unroll_64,unroll_4,2,10.5,1,True
gemm_1424.c,xcu200-fsgd2104-2-e,3.33,0.12489498,979,1,2,23,5,pipeline_1,unroll_64,unroll_64,2,7.75,1,True
gemm_1629.c,xcu200-fsgd2104-2-e,3.33,0.06239088,951,1,2,32,7,pipeline_1,unroll_64,unroll_8,2,10.5,1,True
gemm_1520.c,xcu200-fsgd2104-2-e,3.33,0.06239088,904.5,1,2,32,7,pipeline_1,unroll_8,pipeline_1,4,10.5,1,True
gemm_1455.c,xcu200-fsgd2104-2-e,3.33,0.06239088,893,1,2,32,7,pipeline_1,unroll_8,unroll_16,2,10.5,1,True
gemm_1635.c,xcu200-fsgd2104-2-e,3.33,0.06239088,877,1,2,32,7,pipeline_1,unroll_8,unroll_2,1,10.5,1,True
gemm_1594.c,xcu200-fsgd2104-2-e,3.33,0.06239088,977.5,1,2,32,7,pipeline_1,unroll_8,unroll_32,2,10.5,1,True
gemm_1617.c,xcu200-fsgd2104-2-e,3.33,0.06239088,928.5,1,2,32,7,pipeline_1,unroll_8,unroll_4,2,10.5,1,True
gemm_1639.c,xcu200-fsgd2104-2-e,3.33,0.06239088,922,1,2,32,7,pipeline_1,unroll_8,unroll_64,2,10.5,1,True
gemm_1649.c,xcu200-fsgd2104-2-e,3.33,0.06239088,910,1,2,32,7,pipeline_1,unroll_8,unroll_8,1,10.5,1,True
gemm_1432.c,xcu200-fsgd2104-2-e,3.33,0.54966645,197,1,1,9,7,unroll_16,pipeline_1,pipeline_1,2,4.5,0.755101874503,False
gemm_1523.c,xcu200-fsgd2104-2-e,3.33,0.54966645,201,1,1,9,7,unroll_16,pipeline_1,unroll_4,1,4.5,0.755101874503,False
gemm_1615.c,xcu200-fsgd2104-2-e,3.33,9.18058689,506,1,1,1,3,unroll_16,unroll_16,unroll_4,1,1.5,0.136706443818,False
gemm_1486.c,xcu200-fsgd2104-2-e,3.33,4.55630913,1318,1,1,6,10,unroll_16,unroll_32,pipeline_1,1,4.5,0.421198341804,False
gemm_1681.c,xcu200-fsgd2104-2-e,3.33,1.80066753,1581,1,1,3,5,unroll_16,unroll_4,unroll_64,1,2.5,0.7762145027,False
gemm_1471.c,xcu200-fsgd2104-2-e,3.33,0.54985293,46,1,1,1,1,unroll_2,pipeline_1,pipeline_1,4,1,1,True
gemm_1569.c,xcu200-fsgd2104-2-e,3.33,0.54985293,44,1,1,1,1,unroll_2,pipeline_1,unroll_16,2,1,1,True
gemm_1438.c,xcu200-fsgd2104-2-e,3.33,0.54985293,45,1,1,1,1,unroll_2,pipeline_1,unroll_2,2,1,1,True
gemm_1641.c,xcu200-fsgd2104-2-e,3.33,0.54985293,47,1,1,1,1,unroll_2,pipeline_1,unroll_32,2,1,1,True
gemm_1505.c,xcu200-fsgd2104-2-e,3.33,0.54985293,45.5,1,1,1,1,unroll_2,pipeline_1,unroll_4,2,1,1,True
gemm_1591.c,xcu200-fsgd2104-2-e,3.33,0.54985293,47.5,1,1,1,1,unroll_2,pipeline_1,unroll_64,2,1,1,True
gemm_1595.c,xcu200-fsgd2104-2-e,3.33,0.54985293,46,1,1,1,1,unroll_2,pipeline_1,unroll_8,2,1,1,True
gemm_1425.c,xcu200-fsgd2104-2-e,3.33,5.42976813,42.5,1,1,1,1,unroll_2,unroll_16,pipeline_1,2,1,0.371216918411,False
gemm_1552.c,xcu200-fsgd2104-2-e,3.33,7.54391853,150,1,1,1,1,unroll_2,unroll_16,unroll_16,1,1,0.212496055582,False
gemm_1547.c,xcu200-fsgd2104-2-e,3.33,11.36302893,39,1,1,1,1,unroll_2,unroll_16,unroll_2,1,1,0.100000273792,False
gemm_1664.c,xcu200-fsgd2104-2-e,3.33,7.27112493,400,1,1,1,1,unroll_2,unroll_16,unroll_32,1,1,0.229114019151,False
gemm_1553.c,xcu200-fsgd2104-2-e,3.33,9.18068013,53,1,1,1,1,unroll_2,unroll_16,unroll_4,1,1,0.136819415801,False
gemm_1571.c,xcu200-fsgd2104-2-e,3.33,0.46705581,365,1,1,1,2,unroll_2,unroll_16,unroll_64,1,1.25,1,True
gemm_1634.c,xcu200-fsgd2104-2-e,3.33,8.08950573,79,1,1,1,1,unroll_2,unroll_16,unroll_8,1,1,0.182693148676,False
gemm_1540.c,xcu200-fsgd2104-2-e,3.33,5.43573549,25,1,1,1,1,unroll_2,unroll_2,pipeline_1,2,1,0.370672189066,False
gemm_1668.c,xcu200-fsgd2104-2-e,3.33,11.36899629,25,1,1,1,1,unroll_2,unroll_2,unroll_2,1,1,0.1,False
gemm_1669.c,xcu200-fsgd2104-2-e,3.33,9.18664749,27,1,1,1,1,unroll_2,unroll_2,unroll_4,1,1,0.136618882495,False
gemm_1644.c,xcu200-fsgd2104-2-e,3.33,3.58073901,61,1,1,1,1,unroll_2,unroll_2,unroll_64,1,1,0.566377229198,False
gemm_1656.c,xcu200-fsgd2104-2-e,3.33,8.09547309,30,1,1,1,1,unroll_2,unroll_2,unroll_8,1,1,0.182392485613,False
gemm_1530.c,xcu200-fsgd2104-2-e,3.33,5.42934189,70,1,1,1,1,unroll_2,unroll_32,pipeline_1,2,1,0.371255848603,False
gemm_1604.c,xcu200-fsgd2104-2-e,3.33,7.54349229,405,1,1,1,2,unroll_2,unroll_32,unroll_16,1,1.25,0.212458460072,False
gemm_1657.c,xcu200-fsgd2104-2-e,3.33,11.36260269,61,1,1,1,1,unroll_2,unroll_32,unroll_2,1,1,0.100000314302,False
gemm_1493.c,xcu200-fsgd2104-2-e,3.33,7.27069869,1333,1,1,1,2,unroll_2,unroll_32,unroll_32,1,1.25,0.22907101795,False
gemm_1593.c,xcu200-fsgd2104-2-e,3.33,9.18025389,87,1,1,1,1,unroll_2,unroll_32,unroll_4,1,1,0.136833760562,False
gemm_1563.c,xcu200-fsgd2104-2-e,3.33,0.45384237,948,1,1,1,3,unroll_2,unroll_32,unroll_64,1,1.5,1,True
gemm_1694.c,xcu200-fsgd2104-2-e,3.33,5.43232557,26,1,1,1,1,unroll_2,unroll_4,pipeline_1,2,1,0.370983395926,False
gemm_1622.c,xcu200-fsgd2104-2-e,3.33,7.54647597,46,1,1,1,1,unroll_2,unroll_4,unroll_16,1,1,0.212345676556,False
gemm_1631.c,xcu200-fsgd2104-2-e,3.33,11.36558637,26,1,1,1,1,unroll_2,unroll_4,unroll_2,1,1,0.100000089402,False
gemm_1679.c,xcu200-fsgd2104-2-e,3.33,9.18323757,30,1,1,1,1,unroll_2,unroll_4,unroll_4,1,1,0.136733405904,False
gemm_1663.c,xcu200-fsgd2104-2-e,3.33,1.80076077,104,1,1,1,1,unroll_2,unroll_4,unroll_64,1,1,0.803915408913,False
gemm_1682.c,xcu200-fsgd2104-2-e,3.33,8.09206317,37,1,1,1,1,unroll_2,unroll_4,unroll_8,1,1,0.182564226027,False
gemm_1462.c,xcu200-fsgd2104-2-e,3.33,5.42870253,139.5,1,1,1,2,unroll_2,unroll_64,pipeline_1,2,1.25,0.371174765305,False
gemm_1440.c,xcu200-fsgd2104-2-e,3.33,7.54285293,1496,1,1,1,4,unroll_2,unroll_64,unroll_16,1,1.75,0.21199555234,False
gemm_1691.c,xcu200-fsgd2104-2-e,3.33,11.36196333,111,1,1,1,1,unroll_2,unroll_64,unroll_2,1,1,0.100000380306,False
gemm_1423.c,xcu200-fsgd2104-2-e,3.33,9.17961453,179,1,1,1,2,unroll_2,unroll_64,unroll_4,1,1.25,0.136826217798,False
gemm_1466.c,xcu200-fsgd2104-2-e,3.33,8.08844013,418,1,1,1,3,unroll_2,unroll_64,unroll_8,1,1.5,0.182547599907,False
gemm_1480.c,xcu200-fsgd2104-2-e,3.33,4.55768109,32,1,1,1,1,unroll_2,unroll_8,pipeline_1,1,1,0.456712817437,False
gemm_1699.c,xcu200-fsgd2104-2-e,3.33,11.36388141,32,1,1,1,1,unroll_2,unroll_8,unroll_2,1,1,0.100000201154,False
gemm_1658.c,xcu200-fsgd2104-2-e,3.33,7.27197741,155,1,1,1,1,unroll_2,unroll_8,unroll_32,1,1,0.229060305571,False
gemm_1628.c,xcu200-fsgd2104-2-e,3.33,9.18153261,37,1,1,1,1,unroll_2,unroll_8,unroll_4,1,1,0.13679073466,False
gemm_1646.c,xcu200-fsgd2104-2-e,3.33,0.91077165,163,1,1,1,2,unroll_2,unroll_8,unroll_64,1,1.25,0.937727362524,False
gemm_1442.c,xcu200-fsgd2104-2-e,3.33,4.55672871,1381,1,1,6,10,unroll_32,unroll_16,pipeline_1,1,4.5,0.421159984829,False
gemm_1427.c,xcu200-fsgd2104-2-e,3.33,0.54974637,65,1,1,2,1,unroll_4,pipeline_1,pipeline_1,3,1.25,0.983046444136,False
gemm_1504.c,xcu200-fsgd2104-2-e,3.33,0.54974637,69,1,1,2,1,unroll_4,pipeline_1,unroll_16,2,1.25,0.983046444136,False
gemm_1592.c,xcu200-fsgd2104-2-e,3.33,0.54974637,64,1,1,2,1,unroll_4,pipeline_1,unroll_2,2,1.25,0.983046444136,False
gemm_1433.c,xcu200-fsgd2104-2-e,3.33,0.54974637,75,1,1,2,1,unroll_4,pipeline_1,unroll_32,2,1.25,0.983046444136,False
gemm_1570.c,xcu200-fsgd2104-2-e,3.33,0.54974637,67.5,1,1,2,1,unroll_4,pipeline_1,unroll_4,2,1.25,0.983046444136,False
gemm_1500.c,xcu200-fsgd2104-2-e,3.33,0.54974637,68.5,1,1,2,1,unroll_4,pipeline_1,unroll_64,2,1.25,0.983046444136,False
gemm_1508.c,xcu200-fsgd2104-2-e,3.33,0.54974637,67.5,1,1,2,1,unroll_4,pipeline_1,unroll_8,2,1.25,0.983046444136,False
gemm_1482.c,xcu200-fsgd2104-2-e,3.33,5.42971485,65,1,1,1,1,unroll_4,unroll_16,pipeline_1,2,1,0.371221784532,False
gemm_1687.c,xcu200-fsgd2104-2-e,3.33,7.54386525,401,1,1,1,2,unroll_4,unroll_16,unroll_16,1,1.25,0.21243653054,False
gemm_1456.c,xcu200-fsgd2104-2-e,3.33,11.36297565,54,1,1,1,1,unroll_4,unroll_16,unroll_2,1,1,0.100000278703,False
gemm_1481.c,xcu200-fsgd2104-2-e,3.33,7.27107165,1282,1,1,1,2,unroll_4,unroll_16,unroll_32,1,1.25,0.229047524673,False
gemm_1477.c,xcu200-fsgd2104-2-e,3.33,9.18062685,85,1,1,1,1,unroll_4,unroll_16,unroll_4,1,1,0.136821208743,False
gemm_1528.c,xcu200-fsgd2104-2-e,3.33,0.46764189,889,1,1,1,4,unroll_4,unroll_16,unroll_64,1,1.75,0.959032473277,False
gemm_1526.c,xcu200-fsgd2104-2-e,3.33,8.08945245,156,1,1,1,1,unroll_4,unroll_16,unroll_8,1,1,0.182695835634,False
gemm_1446.c,xcu200-fsgd2104-2-e,3.33,6.30862173,26,1,1,1,1,unroll_4,unroll_2,pipeline_1,1,1,0.296889286858,False
gemm_1675.c,xcu200-fsgd2104-2-e,3.33,9.18659421,32,1,1,1,1,unroll_4,unroll_2,unroll_4,1,1,0.136620670548,False
gemm_1659.c,xcu200-fsgd2104-2-e,3.33,3.58068573,111,1,1,1,1,unroll_4,unroll_2,unroll_64,1,1,0.566383610257,False
gemm_1434.c,xcu200-fsgd2104-2-e,3.33,5.42928861,143,1,1,1,2,unroll_4,unroll_32,pipeline_1,2,1.25,0.371121261756,False
gemm_1522.c,xcu200-fsgd2104-2-e,3.33,7.54343901,1351,1,1,1,2,unroll_4,unroll_32,unroll_16,1,1.25,0.212461593037,False
gemm_1495.c,xcu200-fsgd2104-2-e,3.33,11.36254941,102,1,1,1,1,unroll_4,unroll_32,unroll_2,1,1,0.100000319563,False
gemm_1513.c,xcu200-fsgd2104-2-e,3.33,9.18020061,170,1,1,1,2,unroll_4,unroll_32,unroll_4,1,1.25,0.136806498465,False
gemm_1426.c,xcu200-fsgd2104-2-e,3.33,5.43227229,31,1,1,1,1,unroll_4,unroll_4,pipeline_1,2,1,0.370988259952,False
gemm_1453.c,xcu200-fsgd2104-2-e,3.33,5.42864925,371.5,1,1,3,5,unroll_4,unroll_64,pipeline_1,2,2.5,0.366347147395,False
gemm_1703.c,xcu200-fsgd2104-2-e,3.33,11.36191005,250,1,1,1,3,unroll_4,unroll_64,unroll_2,1,1.5,0.100000144135,False
gemm_1566.c,xcu200-fsgd2104-2-e,3.33,9.17956125,541,1,1,1,4,unroll_4,unroll_64,unroll_4,1,1.75,0.136595999495,False
gemm_1702.c,xcu200-fsgd2104-2-e,3.33,8.08838685,1631,1,1,1,5,unroll_4,unroll_64,unroll_8,1,2,0.181954445358,False
gemm_1665.c,xcu200-fsgd2104-2-e,3.33,6.30350685,42,1,1,1,1,unroll_4,unroll_8,pipeline_1,1,1,0.297287507986,False
gemm_1647.c,xcu200-fsgd2104-2-e,3.33,0.91071837,378,1,1,1,2,unroll_4,unroll_8,unroll_64,1,1.25,0.937735463704,False
gemm_1621.c,xcu200-fsgd2104-2-e,3.33,8.09030493,76,1,1,1,1,unroll_4,unroll_8,unroll_8,1,1,0.182652849544,False
gemm_1527.c,xcu200-fsgd2104-2-e,3.33,0.54963981,957.5,1,1,37,22,unroll_64,pipeline_1,pipeline_1,4,15.25,0.39125600575,False
gemm_1451.c,xcu200-fsgd2104-2-e,3.33,0.54963981,895,1,1,37,22,unroll_64,pipeline_1,unroll_16,1,15.25,0.39125600575,False
gemm_1652.c,xcu200-fsgd2104-2-e,3.33,0.54963981,953,1,1,37,22,unroll_64,pipeline_1,unroll_2,1,15.25,0.39125600575,False
gemm_1559.c,xcu200-fsgd2104-2-e,3.33,0.54963981,1013,1,1,37,22,unroll_64,pipeline_1,unroll_32,2,15.25,0.39125600575,False
gemm_1613.c,xcu200-fsgd2104-2-e,3.33,0.54963981,897,1,1,37,22,unroll_64,pipeline_1,unroll_4,1,15.25,0.39125600575,False
gemm_1489.c,xcu200-fsgd2104-2-e,3.33,0.54963981,1040,1,1,37,22,unroll_64,pipeline_1,unroll_64,2,15.25,0.39125600575,False
gemm_1435.c,xcu200-fsgd2104-2-e,3.33,0.54963981,967.5,1,1,37,22,unroll_64,pipeline_1,unroll_8,2,15.25,0.39125600575,False
gemm_1511.c,xcu200-fsgd2104-2-e,3.33,7.549776,1447,1,1,1,6,unroll_64,unroll_2,unroll_16,1,2.25,0.210597096575,False
gemm_1673.c,xcu200-fsgd2104-2-e,3.33,9.1865376,210,1,1,1,3,unroll_64,unroll_2,unroll_4,1,1.5,0.136506856404,False
gemm_1515.c,xcu200-fsgd2104-2-e,3.33,0.54969309,108,1,1,4,3,unroll_8,pipeline_1,pipeline_1,2,2.25,0.919610272499,False
gemm_1700.c,xcu200-fsgd2104-2-e,3.33,0.54969309,111,1,1,4,3,unroll_8,pipeline_1,unroll_16,1,2.25,0.919610272499,False
gemm_1558.c,xcu200-fsgd2104-2-e,3.33,0.54969309,110,1,1,4,3,unroll_8,pipeline_1,unroll_2,1,2.25,0.919610272499,False
gemm_1431.c,xcu200-fsgd2104-2-e,3.33,0.54969309,114,1,1,4,3,unroll_8,pipeline_1,unroll_32,1,2.25,0.919610272499,False
gemm_1548.c,xcu200-fsgd2104-2-e,3.33,0.54969309,108,1,1,4,3,unroll_8,pipeline_1,unroll_4,1,2.25,0.919610272499,False
gemm_1461.c,xcu200-fsgd2104-2-e,3.33,0.54969309,121,1,1,4,3,unroll_8,pipeline_1,unroll_64,2,2.25,0.919610272499,False
gemm_1517.c,xcu200-fsgd2104-2-e,3.33,0.54969309,108,1,1,4,3,unroll_8,pipeline_1,unroll_8,2,2.25,0.919610272499,False
gemm_1449.c,xcu200-fsgd2104-2-e,3.33,6.30262773,150,1,1,1,2,unroll_8,unroll_16,pipeline_1,1,1.25,0.297255097175,False
gemm_1459.c,xcu200-fsgd2104-2-e,3.33,7.54383861,1304,1,1,1,2,unroll_8,unroll_16,unroll_16,1,1.25,0.212438096864,False
gemm_1672.c,xcu200-fsgd2104-2-e,3.33,3.58065909,246,1,1,1,2,unroll_8,unroll_2,unroll_64,1,1.25,0.566092494778,False
gemm_1452.c,xcu200-fsgd2104-2-e,3.33,11.36252277,229,1,1,1,2,unroll_8,unroll_32,unroll_2,1,1.25,0.100000257257,False
gemm_1479.c,xcu200-fsgd2104-2-e,3.33,6.30156213,1442,1,1,6,11,unroll_8,unroll_64,pipeline_1,1,4.75,0.27589350418,False
gemm_1441.c,xcu200-fsgd2104-2-e,3.33,9.17953461,2322,1,1,2,7,unroll_8,unroll_64,unroll_4,1,2.75,0.135450538492,False
gemm_1484.c,xcu200-fsgd2104-2-e,3.33,7.54469109,385,1,1,1,2,unroll_8,unroll_8,unroll_16,1,1.25,0.212387979898,False
gemm_1496.c,xcu200-fsgd2104-2-e,3.33,11.36380149,59,1,1,1,1,unroll_8,unroll_8,unroll_2,1,1,0.100000207489,False
gemm_1168.c,xcu200-fsgd2104-2-e,5,0.093585,1027.5,1,2,27,6,pipeline_1,pipeline_1,pipeline_1,8,9,1,True
gemm_1169.c,xcu200-fsgd2104-2-e,5,0.093585,1028.5,1,2,27,6,pipeline_1,pipeline_1,unroll_16,4,9,1,True
gemm_1228.c,xcu200-fsgd2104-2-e,5,0.093585,996,1,2,27,6,pipeline_1,pipeline_1,unroll_2,4,9,1,True
gemm_1165.c,xcu200-fsgd2104-2-e,5,0.093585,1020,1,2,27,6,pipeline_1,pipeline_1,unroll_32,4,9,1,True
gemm_1155.c,xcu200-fsgd2104-2-e,5,0.093585,1004,1,2,27,6,pipeline_1,pipeline_1,unroll_4,4,9,1,True
gemm_1136.c,xcu200-fsgd2104-2-e,5,0.022125,773.5,1,20,49,23,pipeline_1,pipeline_1,unroll_64,4,23.25,1,True
gemm_1151.c,xcu200-fsgd2104-2-e,5,0.093585,992.5,1,2,27,6,pipeline_1,pipeline_1,unroll_8,4,9,1,True
gemm_1141.c,xcu200-fsgd2104-2-e,5,0.093585,1026,1,2,27,6,pipeline_1,unroll_16,pipeline_1,4,9,1,True
gemm_1192.c,xcu200-fsgd2104-2-e,5,0.093585,1009,1,2,27,6,pipeline_1,unroll_16,unroll_16,2,9,1,True
gemm_1206.c,xcu200-fsgd2104-2-e,5,0.093585,997.5,1,2,27,6,pipeline_1,unroll_16,unroll_2,2,9,1,True
gemm_1226.c,xcu200-fsgd2104-2-e,5,0.093585,1097.5,1,2,27,6,pipeline_1,unroll_16,unroll_32,2,9,1,True
gemm_1124.c,xcu200-fsgd2104-2-e,5,0.093585,1026,1,2,27,6,pipeline_1,unroll_16,unroll_4,2,9,1,True
gemm_1200.c,xcu200-fsgd2104-2-e,5,0.093585,1021,1,2,27,6,pipeline_1,unroll_16,unroll_64,2,9,1,True
gemm_1145.c,xcu200-fsgd2104-2-e,5,0.093585,1110,1,2,27,6,pipeline_1,unroll_16,unroll_8,2,9,1,True
gemm_1339.c,xcu200-fsgd2104-2-e,5,0.093585,995.5,1,2,27,6,pipeline_1,unroll_2,pipeline_1,4,9,1,True
gemm_1146.c,xcu200-fsgd2104-2-e,5,0.093585,1052,1,2,27,6,pipeline_1,unroll_2,unroll_16,2,9,1,True
gemm_1318.c,xcu200-fsgd2104-2-e,5,0.093585,1004,1,2,27,6,pipeline_1,unroll_2,unroll_2,2,9,1,True
gemm_1304.c,xcu200-fsgd2104-2-e,5,0.093585,1001,1,2,27,6,pipeline_1,unroll_2,unroll_32,1,9,1,True
gemm_1340.c,xcu200-fsgd2104-2-e,5,0.093585,988,1,2,27,6,pipeline_1,unroll_2,unroll_4,2,9,1,True
gemm_1159.c,xcu200-fsgd2104-2-e,5,0.022125,818.5,1,20,49,23,pipeline_1,unroll_2,unroll_64,2,23.25,1,True
gemm_1236.c,xcu200-fsgd2104-2-e,5,0.093585,1051,1,2,27,6,pipeline_1,unroll_2,unroll_8,2,9,1,True
gemm_1161.c,xcu200-fsgd2104-2-e,5,0.093585,1069.5,1,2,27,6,pipeline_1,unroll_32,pipeline_1,4,9,1,True
gemm_1150.c,xcu200-fsgd2104-2-e,5,0.093585,1035,1,2,27,6,pipeline_1,unroll_32,unroll_16,2,9,1,True
gemm_1335.c,xcu200-fsgd2104-2-e,5,0.093585,1058,1,2,27,6,pipeline_1,unroll_32,unroll_2,2,9,1,True
gemm_1312.c,xcu200-fsgd2104-2-e,5,0.093585,1074,1,2,27,6,pipeline_1,unroll_32,unroll_32,2,9,1,True
gemm_1153.c,xcu200-fsgd2104-2-e,5,0.093585,1005.5,1,2,27,6,pipeline_1,unroll_32,unroll_4,2,9,1,True
gemm_1132.c,xcu200-fsgd2104-2-e,5,0.093585,1128,1,2,27,6,pipeline_1,unroll_32,unroll_64,2,9,1,True
gemm_1181.c,xcu200-fsgd2104-2-e,5,0.093585,1019.5,1,2,27,6,pipeline_1,unroll_32,unroll_8,2,9,1,True
gemm_1355.c,xcu200-fsgd2104-2-e,5,0.093585,1008,1,2,27,6,pipeline_1,unroll_4,pipeline_1,4,9,1,True
gemm_1391.c,xcu200-fsgd2104-2-e,5,0.093585,1048,1,2,27,6,pipeline_1,unroll_4,unroll_16,1,9,1,True
gemm_1353.c,xcu200-fsgd2104-2-e,5,0.093585,1022.5,1,2,27,6,pipeline_1,unroll_4,unroll_2,2,9,1,True
gemm_1392.c,xcu200-fsgd2104-2-e,5,0.093585,1053.5,1,2,27,6,pipeline_1,unroll_4,unroll_32,2,9,1,True
gemm_1373.c,xcu200-fsgd2104-2-e,5,0.093585,1069,1,2,27,6,pipeline_1,unroll_4,unroll_4,1,9,1,True
gemm_1375.c,xcu200-fsgd2104-2-e,5,0.12513,941,1,2,23,5,pipeline_1,unroll_4,unroll_64,2,7.75,1,True
gemm_1379.c,xcu200-fsgd2104-2-e,5,0.093585,1014,1,2,27,6,pipeline_1,unroll_4,unroll_8,2,9,1,True
gemm_1308.c,xcu200-fsgd2104-2-e,5,0.093585,1002,1,2,27,6,pipeline_1,unroll_64,pipeline_1,4,9,1,True
gemm_1216.c,xcu200-fsgd2104-2-e,5,0.093585,1110,1,2,27,6,pipeline_1,unroll_64,unroll_16,2,9,1,True
gemm_1258.c,xcu200-fsgd2104-2-e,5,0.093585,1111.5,1,2,27,6,pipeline_1,unroll_64,unroll_2,2,9,1,True
gemm_1271.c,xcu200-fsgd2104-2-e,5,0.093585,1113.5,1,2,27,6,pipeline_1,unroll_64,unroll_32,2,9,1,True
gemm_1116.c,xcu200-fsgd2104-2-e,5,0.093585,1116,1,2,27,6,pipeline_1,unroll_64,unroll_4,2,9,1,True
gemm_1118.c,xcu200-fsgd2104-2-e,5,0.12513,1028.5,1,2,23,5,pipeline_1,unroll_64,unroll_64,2,7.75,1,True
gemm_1238.c,xcu200-fsgd2104-2-e,5,0.093585,1022,1,2,27,6,pipeline_1,unroll_64,unroll_8,2,9,1,True
gemm_1244.c,xcu200-fsgd2104-2-e,5,0.093585,995.5,1,2,27,6,pipeline_1,unroll_8,pipeline_1,4,9,1,True
gemm_1147.c,xcu200-fsgd2104-2-e,5,0.093585,1040,1,2,27,6,pipeline_1,unroll_8,unroll_16,2,9,1,True
gemm_1333.c,xcu200-fsgd2104-2-e,5,0.093585,1014,1,2,27,6,pipeline_1,unroll_8,unroll_2,2,9,1,True
gemm_1397.c,xcu200-fsgd2104-2-e,5,0.093585,1036.5,1,2,27,6,pipeline_1,unroll_8,unroll_32,2,9,1,True
gemm_1212.c,xcu200-fsgd2104-2-e,5,0.093585,1062.5,1,2,27,6,pipeline_1,unroll_8,unroll_4,2,9,1,True
gemm_1268.c,xcu200-fsgd2104-2-e,5,0.093585,1115.5,1,2,27,6,pipeline_1,unroll_8,unroll_64,2,9,1,True
gemm_1204.c,xcu200-fsgd2104-2-e,5,0.093585,1052.5,1,2,27,6,pipeline_1,unroll_8,unroll_8,2,9,1,True
gemm_1126.c,xcu200-fsgd2104-2-e,5,0.760685,170,1,1,9,6,unroll_16,pipeline_1,pipeline_1,1,4.25,0.78822105804,False
gemm_1202.c,xcu200-fsgd2104-2-e,5,0.760685,170,1,1,9,6,unroll_16,pipeline_1,unroll_2,1,4.25,0.78822105804,False
gemm_1311.c,xcu200-fsgd2104-2-e,5,0.760685,173,1,1,9,6,unroll_16,pipeline_1,unroll_4,1,4.25,0.78822105804,False
gemm_1213.c,xcu200-fsgd2104-2-e,5,0.760685,209,1,1,9,6,unroll_16,pipeline_1,unroll_64,1,4.25,0.78822105804,False
gemm_1180.c,xcu200-fsgd2104-2-e,5,4.158425,1272,1,1,7,11,unroll_16,unroll_32,pipeline_1,1,5,0.461286028075,False
gemm_1166.c,xcu200-fsgd2104-2-e,5,0.760965,40,1,1,1,1,unroll_2,pipeline_1,pipeline_1,4,1,1,True
gemm_1203.c,xcu200-fsgd2104-2-e,5,0.760965,42,1,1,1,1,unroll_2,pipeline_1,unroll_16,2,1,1,True
gemm_1131.c,xcu200-fsgd2104-2-e,5,0.760965,42,1,1,1,1,unroll_2,pipeline_1,unroll_2,2,1,1,True
gemm_1277.c,xcu200-fsgd2104-2-e,5,0.760965,42.5,1,1,1,1,unroll_2,pipeline_1,unroll_32,2,1,1,True
gemm_1184.c,xcu200-fsgd2104-2-e,5,0.760965,41,1,1,1,1,unroll_2,pipeline_1,unroll_4,2,1,1,True
gemm_1257.c,xcu200-fsgd2104-2-e,5,0.760965,45.5,1,1,1,1,unroll_2,pipeline_1,unroll_64,2,1,1,True
gemm_1220.c,xcu200-fsgd2104-2-e,5,0.760965,42.5,1,1,1,1,unroll_2,pipeline_1,unroll_8,2,1,1,True
gemm_1119.c,xcu200-fsgd2104-2-e,5,4.814565,43,1,1,1,1,unroll_2,unroll_16,pipeline_1,2,1,0.438953821636,False
gemm_1317.c,xcu200-fsgd2104-2-e,5,7.149285,121,1,1,1,1,unroll_2,unroll_16,unroll_16,1,1,0.237726656424,False
gemm_1302.c,xcu200-fsgd2104-2-e,5,11.163365,37,1,1,1,1,unroll_2,unroll_16,unroll_2,1,1,0.100067281565,False
gemm_1372.c,xcu200-fsgd2104-2-e,5,6.862565,262,1,1,1,1,unroll_2,unroll_16,unroll_32,1,1,0.257638991685,False
gemm_1241.c,xcu200-fsgd2104-2-e,5,8.869605,46,1,1,1,1,unroll_2,unroll_16,unroll_4,1,1,0.146475308619,False
gemm_1282.c,xcu200-fsgd2104-2-e,5,0.686565,313,1,1,1,2,unroll_2,unroll_16,unroll_64,1,1.25,1,True
gemm_1291.c,xcu200-fsgd2104-2-e,5,7.722725,64,1,1,1,1,unroll_2,unroll_16,unroll_8,1,1,0.201933795012,False
gemm_1352.c,xcu200-fsgd2104-2-e,5,4.168165,24,1,1,1,1,unroll_2,unroll_2,pipeline_1,1,1,0.510417582767,False
gemm_1320.c,xcu200-fsgd2104-2-e,5,11.172325,24,1,1,1,1,unroll_2,unroll_2,unroll_2,1,1,0.100054648475,False
gemm_1278.c,xcu200-fsgd2104-2-e,5,3.379685,55,1,1,1,1,unroll_2,unroll_2,unroll_64,1,1,0.606837032256,False
gemm_1250.c,xcu200-fsgd2104-2-e,5,7.731685,31,1,1,1,1,unroll_2,unroll_2,unroll_8,1,1,0.201417185783,False
gemm_1243.c,xcu200-fsgd2104-2-e,5,4.813925,60.5,1,1,1,1,unroll_2,unroll_32,pipeline_1,2,1,0.439021199647,False
gemm_1405.c,xcu200-fsgd2104-2-e,5,7.148645,273,1,1,1,2,unroll_2,unroll_32,unroll_16,1,1.25,0.237687168823,False
gemm_1328.c,xcu200-fsgd2104-2-e,5,11.162725,51,1,1,1,1,unroll_2,unroll_32,unroll_2,1,1,0.10006823415,False
gemm_1416.c,xcu200-fsgd2104-2-e,5,6.861925,921,1,1,1,2,unroll_2,unroll_32,unroll_32,1,1.25,0.257592602275,False
gemm_1363.c,xcu200-fsgd2104-2-e,5,8.868965,79,1,1,1,1,unroll_2,unroll_32,unroll_4,1,1,0.146500260067,False
gemm_1358.c,xcu200-fsgd2104-2-e,5,0.676325,895,1,1,1,3,unroll_2,unroll_32,unroll_64,1,1.5,1,True
gemm_1231.c,xcu200-fsgd2104-2-e,5,7.722085,126,1,1,1,1,unroll_2,unroll_32,unroll_8,1,1,0.201970745892,False
gemm_1385.c,xcu200-fsgd2104-2-e,5,11.167205,26,1,1,1,1,unroll_2,unroll_4,unroll_2,1,1,0.100061706677,False
gemm_1411.c,xcu200-fsgd2104-2-e,5,6.866405,66,1,1,1,1,unroll_2,unroll_4,unroll_32,1,1,0.25736342958,False
gemm_1380.c,xcu200-fsgd2104-2-e,5,1.705445,83,1,1,1,1,unroll_2,unroll_4,unroll_64,1,1,0.845274598778,False
gemm_1164.c,xcu200-fsgd2104-2-e,5,4.812965,122.5,1,1,1,2.5,unroll_2,unroll_64,pipeline_1,2,1.375,0.438663807337,False
gemm_1133.c,xcu200-fsgd2104-2-e,5,7.147685,947,1,1,1,4,unroll_2,unroll_64,unroll_16,1,1.75,0.237093273844,False
gemm_1325.c,xcu200-fsgd2104-2-e,5,11.161765,87,1,1,1,1,unroll_2,unroll_64,unroll_2,1,1,0.100069675582,False
gemm_1117.c,xcu200-fsgd2104-2-e,5,8.868005,179,1,1,1,2,unroll_2,unroll_64,unroll_4,1,1.25,0.146499948853,False
gemm_1288.c,xcu200-fsgd2104-2-e,5,0.133445,3168,1,2,45,9,unroll_2,unroll_64,unroll_64,1,14.25,0.379036313037,False
gemm_1287.c,xcu200-fsgd2104-2-e,5,7.721125,322,1,1,1,3,unroll_2,unroll_64,unroll_8,1,1.5,0.201765940958,False
gemm_1176.c,xcu200-fsgd2104-2-e,5,4.815845,30,1,1,1,1,unroll_2,unroll_8,pipeline_1,2,1,0.438819085702,False
gemm_1314.c,xcu200-fsgd2104-2-e,5,6.863845,114,1,1,1,1,unroll_2,unroll_8,unroll_32,1,1,0.257547110865,False
gemm_1289.c,xcu200-fsgd2104-2-e,5,0.868325,150,1,1,1,2,unroll_2,unroll_8,unroll_64,1,1.25,0.971919808412,False
gemm_1344.c,xcu200-fsgd2104-2-e,5,7.724005,42,1,1,1,1,unroll_2,unroll_8,unroll_8,1,1,0.20185991334,False
gemm_1215.c,xcu200-fsgd2104-2-e,5,0.760665,368,1,1,18,12,unroll_32,pipeline_1,unroll_32,1,8,0.678854979843,False
gemm_1142.c,xcu200-fsgd2104-2-e,5,4.814415,1243,1,1,6.5,9.5,unroll_32,unroll_16,pipeline_1,2,4.5,0.40818338726,False
gemm_1121.c,xcu200-fsgd2104-2-e,5,0.760805,66,1,1,2,1,unroll_4,pipeline_1,pipeline_1,4,1.25,0.982968154237,False
gemm_1334.c,xcu200-fsgd2104-2-e,5,0.760805,61.5,1,1,2,1,unroll_4,pipeline_1,unroll_16,2,1.25,0.982968154237,False
gemm_1246.c,xcu200-fsgd2104-2-e,5,0.760805,61,1,1,2,1,unroll_4,pipeline_1,unroll_2,2,1.25,0.982968154237,False
gemm_1129.c,xcu200-fsgd2104-2-e,5,0.760805,65,1,1,2,1,unroll_4,pipeline_1,unroll_32,2,1.25,0.982968154237,False
gemm_1225.c,xcu200-fsgd2104-2-e,5,0.760805,60,1,1,2,1,unroll_4,pipeline_1,unroll_4,2,1.25,0.982968154237,False
gemm_1270.c,xcu200-fsgd2104-2-e,5,0.760805,66,1,1,2,1,unroll_4,pipeline_1,unroll_64,2,1.25,0.982968154237,False
gemm_1324.c,xcu200-fsgd2104-2-e,5,0.760805,60,1,1,2,1,unroll_4,pipeline_1,unroll_8,2,1.25,0.982968154237,False
gemm_1178.c,xcu200-fsgd2104-2-e,5,4.814485,60.5,1,1,1,1,unroll_4,unroll_16,pipeline_1,2,1,0.438962243521,False
gemm_1185.c,xcu200-fsgd2104-2-e,5,7.149205,269,1,1,1,2,unroll_4,unroll_16,unroll_16,1,1.25,0.237649605155,False
gemm_1148.c,xcu200-fsgd2104-2-e,5,11.163285,52,1,1,1,1,unroll_4,unroll_16,unroll_2,1,1,0.100067400272,False
gemm_1177.c,xcu200-fsgd2104-2-e,5,6.862485,835,1,1,1,2,unroll_4,unroll_16,unroll_32,1,1.25,0.257552415507,False
gemm_1174.c,xcu200-fsgd2104-2-e,5,8.869525,72,1,1,1,1,unroll_4,unroll_16,unroll_4,1,1,0.146478427184,False
gemm_1217.c,xcu200-fsgd2104-2-e,5,0.686485,865,1,1,1,4,unroll_4,unroll_16,unroll_64,1,1.75,0.956884624747,False
gemm_1343.c,xcu200-fsgd2104-2-e,5,7.722645,124,1,1,1,1,unroll_4,unroll_16,unroll_8,1,1,0.201938413505,False
gemm_1149.c,xcu200-fsgd2104-2-e,5,4.823445,26.5,1,1,1,1,unroll_4,unroll_2,pipeline_1,2,1,0.438019642742,False
gemm_1381.c,xcu200-fsgd2104-2-e,5,11.172245,26,1,1,1,1,unroll_4,unroll_2,unroll_2,1,1,0.100054755463,False
gemm_1357.c,xcu200-fsgd2104-2-e,5,3.379605,95,1,1,1,1,unroll_4,unroll_2,unroll_64,1,1,0.606847330727,False
gemm_1135.c,xcu200-fsgd2104-2-e,5,4.813845,125.5,1,1,1,2,unroll_4,unroll_32,pipeline_1,2,1.25,0.438825830076,False
gemm_1421.c,xcu200-fsgd2104-2-e,5,11.162645,83,1,1,1,1,unroll_4,unroll_32,unroll_2,1,1,0.100068353694,False
gemm_1406.c,xcu200-fsgd2104-2-e,5,0.676245,3045,1,1,1,6,unroll_4,unroll_32,unroll_64,1,2.25,1,True
gemm_1120.c,xcu200-fsgd2104-2-e,5,4.818325,33.5,1,1,1,1,unroll_4,unroll_4,pipeline_1,2,1,0.438558111052,False
gemm_1408.c,xcu200-fsgd2104-2-e,5,1.705365,164,1,1,1,2,unroll_4,unroll_4,unroll_64,1,1.25,0.843996102279,False
gemm_1413.c,xcu200-fsgd2104-2-e,5,7.726485,45,1,1,1,1,unroll_4,unroll_4,unroll_8,1,1,0.201716843821,False
gemm_1139.c,xcu200-fsgd2104-2-e,5,4.812885,338.5,1,1,3,5,unroll_4,unroll_64,pipeline_1,2,2.5,0.431889671511,False
gemm_1341.c,xcu200-fsgd2104-2-e,5,11.161685,193,1,1,1,3,unroll_4,unroll_64,unroll_2,1,1.5,0.100065312009,False
gemm_1347.c,xcu200-fsgd2104-2-e,5,8.867925,382,1,1,1,4,unroll_4,unroll_64,unroll_4,1,1.75,0.146201760235,False
gemm_1331.c,xcu200-fsgd2104-2-e,5,7.721045,1065,1,1,1,5,unroll_4,unroll_64,unroll_8,1,2,0.200992793067,False
gemm_1261.c,xcu200-fsgd2104-2-e,5,4.160405,44,1,1,1,1,unroll_4,unroll_8,pipeline_1,1,1,0.511316995026,False
gemm_1342.c,xcu200-fsgd2104-2-e,5,7.150485,117,1,1,1,1,unroll_4,unroll_8,unroll_16,1,1,0.237646142105,False
gemm_1348.c,xcu200-fsgd2104-2-e,5,11.164565,35,1,1,1,1,unroll_4,unroll_8,unroll_2,1,1,0.100065513517,False
gemm_1242.c,xcu200-fsgd2104-2-e,5,0.868245,313,1,1,1,2,unroll_4,unroll_8,unroll_64,1,1.25,0.971928595897,False
gemm_1346.c,xcu200-fsgd2104-2-e,5,7.723925,66,1,1,1,1,unroll_4,unroll_8,unroll_8,1,1,0.20186453016,False
gemm_1273.c,xcu200-fsgd2104-2-e,5,0.760645,773,1,1,35,20,unroll_64,pipeline_1,pipeline_1,3,14.25,0.376493797894,False
gemm_1138.c,xcu200-fsgd2104-2-e,5,0.760645,824,1,1,35,20,unroll_64,pipeline_1,unroll_16,2,14.25,0.376493797894,False
gemm_1234.c,xcu200-fsgd2104-2-e,5,0.760645,796,1,1,35,20,unroll_64,pipeline_1,unroll_2,2,14.25,0.376493797894,False
gemm_1299.c,xcu200-fsgd2104-2-e,5,0.760645,869.5,1,1,35,20,unroll_64,pipeline_1,unroll_32,2,14.25,0.376493797894,False
gemm_1259.c,xcu200-fsgd2104-2-e,5,0.760645,865.5,1,1,35,20,unroll_64,pipeline_1,unroll_4,2,14.25,0.376493797894,False
gemm_1179.c,xcu200-fsgd2104-2-e,5,0.760645,917.5,1,1,35,20,unroll_64,pipeline_1,unroll_64,2,14.25,0.376493797894,False
gemm_1130.c,xcu200-fsgd2104-2-e,5,0.760645,834,1,1,35,20,unroll_64,pipeline_1,unroll_8,2,14.25,0.376493797894,False
gemm_1350.c,xcu200-fsgd2104-2-e,5,11.1632,2265,1,1,5,8,unroll_64,unroll_16,unroll_2,1,3.75,0.1,False
gemm_1233.c,xcu200-fsgd2104-2-e,5,4.168,132,1,1,1,3,unroll_64,unroll_2,pipeline_1,1,1.5,0.509371474829,False
gemm_1198.c,xcu200-fsgd2104-2-e,5,7.73152,338,1,1,1,4,unroll_64,unroll_2,unroll_8,1,1.75,0.200844432679,False
gemm_1284.c,xcu200-fsgd2104-2-e,5,4.16032,1290,1,1,7,11,unroll_64,unroll_8,pipeline_1,1,5,0.46110159544,False
gemm_1400.c,xcu200-fsgd2104-2-e,5,11.16448,587,1,1,2,5,unroll_64,unroll_8,unroll_2,1,2.25,0.100040937491,False
gemm_1223.c,xcu200-fsgd2104-2-e,5,0.760725,102,1,1,4,3,unroll_8,pipeline_1,pipeline_1,3,2.25,0.94005888348,False
gemm_1279.c,xcu200-fsgd2104-2-e,5,0.760725,95.5,1,1,4,3,unroll_8,pipeline_1,unroll_2,2,2.25,0.94005888348,False
gemm_1125.c,xcu200-fsgd2104-2-e,5,0.760725,104.5,1,1,4,3,unroll_8,pipeline_1,unroll_32,2,2.25,0.94005888348,False
gemm_1160.c,xcu200-fsgd2104-2-e,5,0.760725,112,1,1,4,3,unroll_8,pipeline_1,unroll_64,2,2.25,0.94005888348,False
gemm_1218.c,xcu200-fsgd2104-2-e,5,0.760725,98,1,1,4,3,unroll_8,pipeline_1,unroll_8,2,2.25,0.94005888348,False
gemm_1137.c,xcu200-fsgd2104-2-e,5,4.814445,131,1,1,1,2,unroll_8,unroll_16,pipeline_1,2,1.25,0.438762711342,False
gemm_1152.c,xcu200-fsgd2104-2-e,5,7.149165,901,1,1,1,2,unroll_8,unroll_16,unroll_16,1,1.25,0.237652288105,False
gemm_1365.c,xcu200-fsgd2104-2-e,5,11.163245,84,1,1,1,1,unroll_8,unroll_16,unroll_2,1,1,0.100067459665,False
gemm_1276.c,xcu200-fsgd2104-2-e,5,0.686445,2667,1,1,2,6,unroll_8,unroll_16,unroll_64,1,2.5,0.926015641814,False
gemm_1157.c,xcu200-fsgd2104-2-e,5,7.722605,292,1,1,1,2,unroll_8,unroll_16,unroll_8,1,1.25,0.201875655986,False
gemm_1144.c,xcu200-fsgd2104-2-e,5,11.162605,175,1,1,1,2,unroll_8,unroll_32,unroll_2,1,1.25,0.100067289778,False
gemm_1402.c,xcu200-fsgd2104-2-e,5,1.705325,361,1,1,1,3,unroll_8,unroll_4,unroll_64,1,1.5,0.840201257239,False
gemm_1175.c,xcu200-fsgd2104-2-e,5,5.468205,1232,1,1,6,9,unroll_8,unroll_64,pipeline_1,1,4.25,0.352212604649,False
gemm_1128.c,xcu200-fsgd2104-2-e,5,8.867885,1514,1,1,2,7,unroll_8,unroll_64,unroll_4,1,2.75,0.144715645493,False
gemm_1214.c,xcu200-fsgd2104-2-e,5,7.150445,299,1,1,1,2,unroll_8,unroll_8,unroll_16,1,1.25,0.237566446695,False
gemm_1183.c,xcu200-fsgd2104-2-e,5,11.164525,51,1,1,1,1,unroll_8,unroll_8,unroll_2,1,1,0.100065572073,False
gemm_1394.c,xcu200-fsgd2104-2-e,5,0.868205,877,1,1,2,4,unroll_8,unroll_8,unroll_64,1,2,0.937507861037,False
gemm_1017.c,xcu200-fsgd2104-2-e,10,0.1847,871,1,2,23,5,pipeline_1,pipeline_1,pipeline_1,8,7.75,1,True
gemm_889.c,xcu200-fsgd2104-2-e,10,0.1847,849.5,1,2,23,5,pipeline_1,pipeline_1,unroll_16,4,7.75,1,True
gemm_916.c,xcu200-fsgd2104-2-e,10,0.1847,855.5,1,2,23,5,pipeline_1,pipeline_1,unroll_2,4,7.75,1,True
gemm_893.c,xcu200-fsgd2104-2-e,10,0.1847,862,1,2,23,5,pipeline_1,pipeline_1,unroll_32,4,7.75,1,True
gemm_855.c,xcu200-fsgd2104-2-e,10,0.1847,891,1,2,23,5,pipeline_1,pipeline_1,unroll_4,4,7.75,1,True
gemm_1012.c,xcu200-fsgd2104-2-e,10,0.04295,732.5,1,20,46,21,pipeline_1,pipeline_1,unroll_64,4,22,1,True
gemm_843.c,xcu200-fsgd2104-2-e,10,0.1847,860.5,1,2,23,5,pipeline_1,pipeline_1,unroll_8,4,7.75,1,True
gemm_1021.c,xcu200-fsgd2104-2-e,10,0.1847,863.5,1,2,23,5,pipeline_1,unroll_16,pipeline_1,4,7.75,1,True
gemm_932.c,xcu200-fsgd2104-2-e,10,0.1847,846.5,1,2,23,5,pipeline_1,unroll_16,unroll_16,2,7.75,1,True
gemm_984.c,xcu200-fsgd2104-2-e,10,0.1847,860,1,2,23,5,pipeline_1,unroll_16,unroll_2,2,7.75,1,True
gemm_859.c,xcu200-fsgd2104-2-e,10,0.1847,881.5,1,2,23,5,pipeline_1,unroll_16,unroll_32,2,7.75,1,True
gemm_817.c,xcu200-fsgd2104-2-e,10,0.1847,900,1,2,23,5,pipeline_1,unroll_16,unroll_4,2,7.75,1,True
gemm_948.c,xcu200-fsgd2104-2-e,10,0.1847,861,1,2,23,5,pipeline_1,unroll_16,unroll_64,2,7.75,1,True
gemm_836.c,xcu200-fsgd2104-2-e,10,0.1847,851.5,1,2,23,5,pipeline_1,unroll_16,unroll_8,2,7.75,1,True
gemm_1029.c,xcu200-fsgd2104-2-e,10,0.1847,862,1,2,23,5,pipeline_1,unroll_2,pipeline_1,4,7.75,1,True
gemm_1095.c,xcu200-fsgd2104-2-e,10,0.1847,867,1,2,23,5,pipeline_1,unroll_2,unroll_16,2,7.75,1,True
gemm_1050.c,xcu200-fsgd2104-2-e,10,0.1847,857,1,2,23,5,pipeline_1,unroll_2,unroll_2,1,7.75,1,True
gemm_1036.c,xcu200-fsgd2104-2-e,10,0.1847,831.5,1,2,23,5,pipeline_1,unroll_2,unroll_32,2,7.75,1,True
gemm_1104.c,xcu200-fsgd2104-2-e,10,0.1847,866,1,2,23,5,pipeline_1,unroll_2,unroll_4,1,7.75,1,True
gemm_1044.c,xcu200-fsgd2104-2-e,10,0.04295,732.5,1,20,46,21,pipeline_1,unroll_2,unroll_64,2,22,1,True
gemm_1099.c,xcu200-fsgd2104-2-e,10,0.1847,876.5,1,2,23,5,pipeline_1,unroll_2,unroll_8,2,7.75,1,True
gemm_917.c,xcu200-fsgd2104-2-e,10,0.1847,874.5,1,2,23,5,pipeline_1,unroll_32,pipeline_1,4,7.75,1,True
gemm_844.c,xcu200-fsgd2104-2-e,10,0.1847,873,1,2,23,5,pipeline_1,unroll_32,unroll_16,2,7.75,1,True
gemm_887.c,xcu200-fsgd2104-2-e,10,0.1847,849.5,1,2,23,5,pipeline_1,unroll_32,unroll_2,2,7.75,1,True
gemm_931.c,xcu200-fsgd2104-2-e,10,0.1847,872.5,1,2,23,5,pipeline_1,unroll_32,unroll_32,2,7.75,1,True
gemm_846.c,xcu200-fsgd2104-2-e,10,0.1847,868,1,2,23,5,pipeline_1,unroll_32,unroll_4,2,7.75,1,True
gemm_825.c,xcu200-fsgd2104-2-e,10,0.1847,935.5,1,2,23,5,pipeline_1,unroll_32,unroll_64,2,7.75,1,True
gemm_899.c,xcu200-fsgd2104-2-e,10,0.1847,848,1,2,23,5,pipeline_1,unroll_32,unroll_8,2,7.75,1,True
gemm_1059.c,xcu200-fsgd2104-2-e,10,0.1847,871,1,2,23,5,pipeline_1,unroll_4,pipeline_1,3,7.75,1,True
gemm_1079.c,xcu200-fsgd2104-2-e,10,0.1847,867,1,2,23,5,pipeline_1,unroll_4,unroll_16,2,7.75,1,True
gemm_1077.c,xcu200-fsgd2104-2-e,10,0.1847,854,1,2,23,5,pipeline_1,unroll_4,unroll_2,2,7.75,1,True
gemm_1061.c,xcu200-fsgd2104-2-e,10,0.22722,896,1,2,23,6,pipeline_1,unroll_4,unroll_64,2,8,0.68231167418,False
gemm_1098.c,xcu200-fsgd2104-2-e,10,0.1847,866,1,2,23,5,pipeline_1,unroll_4,unroll_8,1,7.75,1,True
gemm_1026.c,xcu200-fsgd2104-2-e,10,0.1847,858.5,1,2,23,5,pipeline_1,unroll_64,pipeline_1,4,7.75,1,True
gemm_1016.c,xcu200-fsgd2104-2-e,10,0.1847,882,1,2,23,5,pipeline_1,unroll_64,unroll_16,2,7.75,1,True
gemm_1047.c,xcu200-fsgd2104-2-e,10,0.1847,868,1,2,23,5,pipeline_1,unroll_64,unroll_2,2,7.75,1,True
gemm_1004.c,xcu200-fsgd2104-2-e,10,0.1847,905.5,1,2,23,5,pipeline_1,unroll_64,unroll_32,2,7.75,1,True
gemm_809.c,xcu200-fsgd2104-2-e,10,0.1847,866.5,1,2,23,5,pipeline_1,unroll_64,unroll_4,2,7.75,1,True
gemm_1015.c,xcu200-fsgd2104-2-e,10,0.2477,1002,1,2,23,6,pipeline_1,unroll_64,unroll_64,2,8,0.682254300255,False
gemm_1054.c,xcu200-fsgd2104-2-e,10,0.1847,895,1,2,23,5,pipeline_1,unroll_64,unroll_8,1,7.75,1,True
gemm_1033.c,xcu200-fsgd2104-2-e,10,0.1847,846.5,1,2,23,5,pipeline_1,unroll_8,pipeline_1,4,7.75,1,True
gemm_1008.c,xcu200-fsgd2104-2-e,10,0.1847,851.5,1,2,23,5,pipeline_1,unroll_8,unroll_16,2,7.75,1,True
gemm_1073.c,xcu200-fsgd2104-2-e,10,0.1847,891,1,2,23,5,pipeline_1,unroll_8,unroll_2,2,7.75,1,True
gemm_1032.c,xcu200-fsgd2104-2-e,10,0.1847,877,1,2,23,5,pipeline_1,unroll_8,unroll_32,1,7.75,1,True
gemm_1082.c,xcu200-fsgd2104-2-e,10,0.1847,871,1,2,23,5,pipeline_1,unroll_8,unroll_4,2,7.75,1,True
gemm_1040.c,xcu200-fsgd2104-2-e,10,0.1847,844,1,2,23,5,pipeline_1,unroll_8,unroll_64,2,7.75,1,True
gemm_1081.c,xcu200-fsgd2104-2-e,10,0.1847,866,1,2,23,5,pipeline_1,unroll_8,unroll_8,2,7.75,1,True
gemm_1110.c,xcu200-fsgd2104-2-e,10,1.43817,155,1,1,8,6,unroll_16,pipeline_1,pipeline_1,3,4,0.789959146662,False
gemm_997.c,xcu200-fsgd2104-2-e,10,1.43817,154,1,1,8,6,unroll_16,pipeline_1,unroll_16,1,4,0.789959146662,False
gemm_956.c,xcu200-fsgd2104-2-e,10,1.43817,160.5,1,1,8,6,unroll_16,pipeline_1,unroll_32,2,4,0.789959146662,False
gemm_1005.c,xcu200-fsgd2104-2-e,10,1.43817,167.5,1,1,8,6,unroll_16,pipeline_1,unroll_64,2,4,0.789959146662,False
gemm_993.c,xcu200-fsgd2104-2-e,10,5.61477,282,1,1,2,5,unroll_16,unroll_16,pipeline_1,1,2.25,0.510593875702,False
gemm_866.c,xcu200-fsgd2104-2-e,10,11.18405,934,1,1,2,4,unroll_16,unroll_32,unroll_4,1,2,0.159117459789,False
gemm_1039.c,xcu200-fsgd2104-2-e,10,1.43873,36.5,1,1,1,1,unroll_2,pipeline_1,pipeline_1,4,1,1,True
gemm_877.c,xcu200-fsgd2104-2-e,10,1.43873,39,1,1,1,1,unroll_2,pipeline_1,unroll_16,2,1,1,True
gemm_824.c,xcu200-fsgd2104-2-e,10,1.43873,37.5,1,1,1,1,unroll_2,pipeline_1,unroll_2,2,1,1,True
gemm_873.c,xcu200-fsgd2104-2-e,10,1.43873,40,1,1,1,1,unroll_2,pipeline_1,unroll_32,2,1,1,True
gemm_1006.c,xcu200-fsgd2104-2-e,10,1.43873,36.5,1,1,1,1,unroll_2,pipeline_1,unroll_4,2,1,1,True
gemm_1000.c,xcu200-fsgd2104-2-e,10,1.43873,37.5,1,1,1,1,unroll_2,pipeline_1,unroll_64,2,1,1,True
gemm_1010.c,xcu200-fsgd2104-2-e,10,1.43873,37,1,1,1,1,unroll_2,pipeline_1,unroll_8,2,1,1,True
gemm_1075.c,xcu200-fsgd2104-2-e,10,6.92577,37.5,1,1,1,1,unroll_2,unroll_16,pipeline_1,2,1,0.405164500745,False
gemm_1014.c,xcu200-fsgd2104-2-e,10,8.72801,98,1,1,1,1,unroll_2,unroll_16,unroll_16,1,1,0.278304957579,False
gemm_1013.c,xcu200-fsgd2104-2-e,10,14.46241,33,1,1,1,1,unroll_2,unroll_16,unroll_2,1,1,0.100066119491,False
gemm_1020.c,xcu200-fsgd2104-2-e,10,8.31841,204,1,1,1,1,unroll_2,unroll_16,unroll_32,1,1,0.304161603791,False
gemm_968.c,xcu200-fsgd2104-2-e,10,11.18561,42,1,1,1,1,unroll_2,unroll_16,unroll_4,1,1,0.159915922083,False
gemm_1019.c,xcu200-fsgd2104-2-e,10,1.36033,273,1,1,1,2,unroll_2,unroll_16,unroll_64,1,1.25,1,True
gemm_979.c,xcu200-fsgd2104-2-e,10,9.54721,59,1,1,1,1,unroll_2,unroll_16,unroll_8,1,1,0.231841785409,False
gemm_1101.c,xcu200-fsgd2104-2-e,10,8.25441,26,1,1,1,1,unroll_2,unroll_2,pipeline_1,1,1,0.308359789438,False
gemm_1080.c,xcu200-fsgd2104-2-e,10,8.74593,32,1,1,1,1,unroll_2,unroll_2,unroll_16,1,1,0.277213686277,False
gemm_1100.c,xcu200-fsgd2104-2-e,10,14.48033,25,1,1,1,1,unroll_2,unroll_2,unroll_2,1,1,0.100046747741,False
gemm_1091.c,xcu200-fsgd2104-2-e,10,4.09697,51,1,1,1,1,unroll_2,unroll_2,unroll_64,1,1,0.672608408423,False
gemm_1035.c,xcu200-fsgd2104-2-e,10,6.92449,57,1,1,1,1,unroll_2,unroll_32,pipeline_1,2,1,0.405266639923,False
gemm_900.c,xcu200-fsgd2104-2-e,10,8.72673,214,1,1,1,2,unroll_2,unroll_32,unroll_16,1,1.25,0.27825943895,False
gemm_1037.c,xcu200-fsgd2104-2-e,10,14.46113,46,1,1,1,1,unroll_2,unroll_32,unroll_2,1,1,0.100067631365,False
gemm_892.c,xcu200-fsgd2104-2-e,10,8.31713,595,1,1,1,2,unroll_2,unroll_32,unroll_32,1,1.25,0.304105024505,False
gemm_1018.c,xcu200-fsgd2104-2-e,10,11.18433,63,1,1,1,1,unroll_2,unroll_32,unroll_4,1,1,0.159961184958,False
gemm_1003.c,xcu200-fsgd2104-2-e,10,1.34625,737,1,1,1,3,unroll_2,unroll_32,unroll_64,1,1.5,1,True
gemm_980.c,xcu200-fsgd2104-2-e,10,9.54593,104,1,1,1,1,unroll_2,unroll_32,unroll_8,1,1,0.231908923785,False
gemm_1102.c,xcu200-fsgd2104-2-e,10,5.62273,27,1,1,1,1,unroll_2,unroll_4,pipeline_1,1,1,0.517988995534,False
gemm_963.c,xcu200-fsgd2104-2-e,10,14.47009,25,1,1,1,1,unroll_2,unroll_4,unroll_2,1,1,0.100057407147,False
gemm_1064.c,xcu200-fsgd2104-2-e,10,2.07969,76,1,1,1,1,unroll_2,unroll_4,unroll_64,1,1,0.91431504955,False
gemm_969.c,xcu200-fsgd2104-2-e,10,8.23329,115,1,1,1,2,unroll_2,unroll_64,pipeline_1,1,1.25,0.309610813557,False
gemm_826.c,xcu200-fsgd2104-2-e,10,8.72481,670,1,1,1,4,unroll_2,unroll_64,unroll_16,1,1.75,0.277389943336,False
gemm_857.c,xcu200-fsgd2104-2-e,10,14.45921,83,1,1,1,1,unroll_2,unroll_64,unroll_2,1,1,0.100069931219,False
gemm_1053.c,xcu200-fsgd2104-2-e,10,8.31521,2696,1,1,1,8,unroll_2,unroll_64,unroll_32,1,2.75,0.29771418733,False
gemm_810.c,xcu200-fsgd2104-2-e,10,11.18241,127,1,1,1,2,unroll_2,unroll_64,unroll_4,1,1.25,0.159975482971,False
gemm_1097.c,xcu200-fsgd2104-2-e,10,0.26561,3002,1,2,44,9,unroll_2,unroll_64,unroll_64,1,14,0.319031046239,False
gemm_1069.c,xcu200-fsgd2104-2-e,10,9.54401,248,1,1,1,3,unroll_2,unroll_64,unroll_8,1,1.5,0.231627585118,False
gemm_1089.c,xcu200-fsgd2104-2-e,10,6.92833,30.5,1,1,1,1,unroll_2,unroll_8,pipeline_1,2,1,0.40496027366,False
gemm_1057.c,xcu200-fsgd2104-2-e,10,14.46497,29,1,1,1,1,unroll_2,unroll_8,unroll_2,1,1,0.100063147016,False
gemm_1031.c,xcu200-fsgd2104-2-e,10,1.38849,130,1,1,1,2,unroll_2,unroll_8,unroll_64,1,1.25,0.985858414199,False
gemm_1086.c,xcu200-fsgd2104-2-e,10,9.54977,41,1,1,1,1,unroll_2,unroll_8,unroll_8,1,1,0.231707559927,False
gemm_1002.c,xcu200-fsgd2104-2-e,10,1.43813,334.5,1,1,16,11,unroll_32,pipeline_1,unroll_32,2,7.25,0.657405268799,False
gemm_835.c,xcu200-fsgd2104-2-e,10,5.61475,1010,1,1,4,9,unroll_32,unroll_16,pipeline_1,1,3.75,0.49010494035,False
gemm_814.c,xcu200-fsgd2104-2-e,10,1.43841,52,1,1,2,1,unroll_4,pipeline_1,pipeline_1,4,1.25,0.982956478648,False
gemm_919.c,xcu200-fsgd2104-2-e,10,1.43841,53,1,1,2,1,unroll_4,pipeline_1,unroll_16,2,1.25,0.982956478648,False
gemm_872.c,xcu200-fsgd2104-2-e,10,1.43841,52.5,1,1,2,1,unroll_4,pipeline_1,unroll_2,2,1.25,0.982956478648,False
gemm_822.c,xcu200-fsgd2104-2-e,10,1.43841,54,1,1,2,1,unroll_4,pipeline_1,unroll_32,2,1.25,0.982956478648,False
gemm_989.c,xcu200-fsgd2104-2-e,10,1.43841,51,1,1,2,1,unroll_4,pipeline_1,unroll_4,2,1.25,0.982956478648,False
gemm_867.c,xcu200-fsgd2104-2-e,10,1.43841,57,1,1,2,1,unroll_4,pipeline_1,unroll_64,2,1.25,0.982956478648,False
gemm_925.c,xcu200-fsgd2104-2-e,10,1.43841,51.5,1,1,2,1,unroll_4,pipeline_1,unroll_8,2,1.25,0.982956478648,False
gemm_1024.c,xcu200-fsgd2104-2-e,10,6.92561,55.5,1,1,1,1,unroll_4,unroll_16,pipeline_1,2,1,0.405177267208,False
gemm_1034.c,xcu200-fsgd2104-2-e,10,8.72785,210,1,1,1,2,unroll_4,unroll_16,unroll_16,1,1.25,0.278191164056,False
gemm_840.c,xcu200-fsgd2104-2-e,10,14.46225,46,1,1,1,1,unroll_4,unroll_16,unroll_2,1,1,0.100066307541,False
gemm_1023.c,xcu200-fsgd2104-2-e,10,8.31825,570,1,1,1,2,unroll_4,unroll_16,unroll_32,1,1.25,0.304031969574,False
gemm_1022.c,xcu200-fsgd2104-2-e,10,11.18545,64,1,1,1,1,unroll_4,unroll_16,unroll_4,1,1,0.159921579008,False
gemm_1071.c,xcu200-fsgd2104-2-e,10,1.36017,717,1,1,1,4,unroll_4,unroll_16,unroll_64,1,1.75,0.953079772335,False
gemm_1038.c,xcu200-fsgd2104-2-e,10,9.54705,103,1,1,1,1,unroll_4,unroll_16,unroll_8,1,1,0.231850176771,False
gemm_841.c,xcu200-fsgd2104-2-e,10,8.25425,26,1,1,1,1,unroll_4,unroll_2,pipeline_1,1,1,0.308370338442,False
gemm_882.c,xcu200-fsgd2104-2-e,10,8.74577,40,1,1,1,1,unroll_4,unroll_2,unroll_16,1,1,0.277223414951,False
gemm_828.c,xcu200-fsgd2104-2-e,10,6.92433,114,1,1,1,2,unroll_4,unroll_32,pipeline_1,2,1.25,0.405064621063,False
gemm_911.c,xcu200-fsgd2104-2-e,10,8.72657,600,1,1,1,2,unroll_4,unroll_32,unroll_16,1,1.25,0.278269193573,False
gemm_1096.c,xcu200-fsgd2104-2-e,10,14.46097,76,1,1,1,1,unroll_4,unroll_32,unroll_2,1,1,0.10006782155,False
gemm_1042.c,xcu200-fsgd2104-2-e,10,8.31697,2308,1,1,1,4,unroll_4,unroll_32,unroll_32,1,1.75,0.302997709762,False
gemm_1083.c,xcu200-fsgd2104-2-e,10,11.18417,120,1,1,1,2,unroll_4,unroll_32,unroll_4,1,1.25,0.159913253179,False
gemm_1056.c,xcu200-fsgd2104-2-e,10,1.34609,2494,1,1,1,6,unroll_4,unroll_32,unroll_64,1,2.25,1,True
gemm_1009.c,xcu200-fsgd2104-2-e,10,9.54577,237,1,1,1,2,unroll_4,unroll_32,unroll_8,1,1.25,0.23182176779,False
gemm_813.c,xcu200-fsgd2104-2-e,10,8.24401,30,1,1,1,1,unroll_4,unroll_4,pipeline_1,1,1,0.30904603017,False
gemm_1088.c,xcu200-fsgd2104-2-e,10,2.07953,138,1,1,1,2,unroll_4,unroll_4,unroll_64,1,1.25,0.911386429777,False
gemm_832.c,xcu200-fsgd2104-2-e,10,6.92241,295.5,1,1,2,4.5,unroll_4,unroll_64,pipeline_1,2,2.125,0.401115561739,False
gemm_1043.c,xcu200-fsgd2104-2-e,10,8.72465,2731,1,1,1,8,unroll_4,unroll_64,unroll_16,1,2.75,0.272539567474,False
gemm_1046.c,xcu200-fsgd2104-2-e,10,14.45905,167,1,1,1,3,unroll_4,unroll_64,unroll_2,1,1.5,0.100064744577,False
gemm_884.c,xcu200-fsgd2104-2-e,10,11.18225,300,1,1,1,4,unroll_4,unroll_64,unroll_4,1,1.75,0.159553249388,False
gemm_1062.c,xcu200-fsgd2104-2-e,10,9.54385,810,1,1,1,5,unroll_4,unroll_64,unroll_8,1,2,0.230495033872,False
gemm_1074.c,xcu200-fsgd2104-2-e,10,5.61745,38,1,1,1,1,unroll_4,unroll_8,pipeline_1,1,1,0.518482195965,False
gemm_949.c,xcu200-fsgd2104-2-e,10,8.32081,202,1,1,1,1,unroll_4,unroll_8,unroll_32,1,1,0.304005002976,False
gemm_1105.c,xcu200-fsgd2104-2-e,10,11.18801,43,1,1,1,1,unroll_4,unroll_8,unroll_4,1,1,0.159831100255,False
gemm_1066.c,xcu200-fsgd2104-2-e,10,1.38833,276,1,1,1,3,unroll_4,unroll_8,unroll_64,1,1.5,0.973512007602,False
gemm_1090.c,xcu200-fsgd2104-2-e,10,9.54961,62,1,1,1,1,unroll_4,unroll_8,unroll_8,1,1,0.231715947017,False
gemm_1060.c,xcu200-fsgd2104-2-e,10,1.43809,719.5,1,1,33,18,unroll_64,pipeline_1,pipeline_1,4,13.25,0.350735483469,False
gemm_1027.c,xcu200-fsgd2104-2-e,10,1.43809,730,1,1,33,18,unroll_64,pipeline_1,unroll_16,2,13.25,0.350735483469,False
gemm_976.c,xcu200-fsgd2104-2-e,10,1.43809,760.5,1,1,33,18,unroll_64,pipeline_1,unroll_32,2,13.25,0.350735483469,False
gemm_929.c,xcu200-fsgd2104-2-e,10,1.43809,697,1,1,33,18,unroll_64,pipeline_1,unroll_4,2,13.25,0.350735483469,False
gemm_1025.c,xcu200-fsgd2104-2-e,10,1.43809,850,1,1,33,18,unroll_64,pipeline_1,unroll_64,2,13.25,0.350735483469,False
gemm_823.c,xcu200-fsgd2104-2-e,10,1.43809,717.5,1,1,33,18,unroll_64,pipeline_1,unroll_8,2,13.25,0.350735483469,False
gemm_1011.c,xcu200-fsgd2104-2-e,10,14.46208,1576,1,1,4,8,unroll_64,unroll_16,unroll_2,1,3.5,0.1,False
gemm_1113.c,xcu200-fsgd2104-2-e,10,8.7456,719,1,1,1,6,unroll_64,unroll_2,unroll_16,1,2.25,0.27418462899,False
gemm_1058.c,xcu200-fsgd2104-2-e,10,9.5648,269,1,1,1,4,unroll_64,unroll_2,unroll_8,1,1.75,0.230068203998,False
gemm_1112.c,xcu200-fsgd2104-2-e,10,5.6224,315,1,1,2,5,unroll_64,unroll_4,pipeline_1,1,2.25,0.509902464079,False
gemm_1068.c,xcu200-fsgd2104-2-e,10,6.928,1124.5,1,1,4,9,unroll_64,unroll_8,pipeline_1,2,3.75,0.385233701395,False
gemm_848.c,xcu200-fsgd2104-2-e,10,1.43825,81,1,1,4,3,unroll_8,pipeline_1,pipeline_1,4,2.25,0.935988906129,False
gemm_849.c,xcu200-fsgd2104-2-e,10,1.43825,84,1,1,4,3,unroll_8,pipeline_1,unroll_16,2,2.25,0.935988906129,False
gemm_1087.c,xcu200-fsgd2104-2-e,10,1.43825,84,1,1,4,3,unroll_8,pipeline_1,unroll_2,2,2.25,0.935988906129,False
gemm_818.c,xcu200-fsgd2104-2-e,10,1.43825,94.5,1,1,4,3,unroll_8,pipeline_1,unroll_32,2,2.25,0.935988906129,False
gemm_1001.c,xcu200-fsgd2104-2-e,10,1.43825,80.5,1,1,4,3,unroll_8,pipeline_1,unroll_4,2,2.25,0.935988906129,False
gemm_1065.c,xcu200-fsgd2104-2-e,10,1.43825,93,1,1,4,3,unroll_8,pipeline_1,unroll_64,1,2.25,0.935988906129,False
gemm_947.c,xcu200-fsgd2104-2-e,10,1.43825,83,1,1,4,3,unroll_8,pipeline_1,unroll_8,2,2.25,0.935988906129,False
gemm_830.c,xcu200-fsgd2104-2-e,10,6.92553,115,1,1,1,2,unroll_8,unroll_16,pipeline_1,2,1.25,0.404968943712,False
gemm_845.c,xcu200-fsgd2104-2-e,10,8.72777,603,1,1,1,2,unroll_8,unroll_16,unroll_16,1,1.25,0.278196040401,False
gemm_869.c,xcu200-fsgd2104-2-e,10,8.31817,2378,1,1,1,4,unroll_8,unroll_16,unroll_32,1,1.75,0.302919843817,False
gemm_1111.c,xcu200-fsgd2104-2-e,10,1.36009,2312,1,1,2,6,unroll_8,unroll_16,unroll_64,1,2.5,0.919225902265,False
gemm_1007.c,xcu200-fsgd2104-2-e,10,9.54697,229,1,1,1,2,unroll_8,unroll_16,unroll_8,1,1.25,0.231758859994,False
gemm_1070.c,xcu200-fsgd2104-2-e,10,8.74569,60,1,1,1,1,unroll_8,unroll_2,unroll_16,1,1,0.277228279388,False
gemm_1103.c,xcu200-fsgd2104-2-e,10,4.09673,154,1,1,1,2,unroll_8,unroll_2,unroll_64,1,1.25,0.672028067413,False
gemm_850.c,xcu200-fsgd2104-2-e,10,6.92425,310,1,1,2,4.5,unroll_8,unroll_32,pipeline_1,2,2.125,0.400971172267,False
gemm_838.c,xcu200-fsgd2104-2-e,10,14.46089,150,1,1,1,2,unroll_8,unroll_32,unroll_2,1,1.25,0.10006657339,False
gemm_953.c,xcu200-fsgd2104-2-e,10,9.54569,683,1,1,1,3,unroll_8,unroll_32,unroll_8,1,1.5,0.231539642561,False
gemm_897.c,xcu200-fsgd2104-2-e,10,8.24393,37,1,1,1,1,unroll_8,unroll_4,pipeline_1,1,1,0.309051313318,False
gemm_879.c,xcu200-fsgd2104-2-e,10,8.32585,222,1,1,1,2,unroll_8,unroll_4,unroll_32,1,1.25,0.303536584916,False
gemm_874.c,xcu200-fsgd2104-2-e,10,11.19305,43,1,1,1,1,unroll_8,unroll_4,unroll_4,1,1,0.159653169987,False
gemm_941.c,xcu200-fsgd2104-2-e,10,8.23305,1232,1,1,4,9,unroll_8,unroll_64,pipeline_1,1,3.75,0.295866565434,False
gemm_821.c,xcu200-fsgd2104-2-e,10,11.18217,1063,1,1,2,7,unroll_8,unroll_64,unroll_4,1,2.75,0.157447277975,False
gemm_853.c,xcu200-fsgd2104-2-e,10,9.54377,3420,1,1,2,10,unroll_8,unroll_64,unroll_8,1,3.5,0.223814894102,False
gemm_905.c,xcu200-fsgd2104-2-e,10,8.23881,58,1,1,1,1,unroll_8,unroll_8,pipeline_1,1,1,0.30938957362,False
gemm_786.c,xczu7ev-ffvc1156-2-e,3.33,0.61701237,416,1,1,53,40,unroll_16,pipeline_1,pipeline_1,2,23.75,0.150402279292,False
gemm_754.c,xczu7ev-ffvc1156-2-e,3.33,0.61701237,411,1,1,53,40,unroll_16,pipeline_1,unroll_16,1,23.75,0.150402279292,False
gemm_696.c,xczu7ev-ffvc1156-2-e,3.33,0.61701237,445.5,1,1,53,40,unroll_16,pipeline_1,unroll_2,2,23.75,0.150402279292,False
gemm_601.c,xczu7ev-ffvc1156-2-e,3.33,0.61701237,510,1,1,53,40,unroll_16,pipeline_1,unroll_32,2,23.75,0.150402279292,False
gemm_755.c,xczu7ev-ffvc1156-2-e,3.33,0.61701237,433,1,1,53,40,unroll_16,pipeline_1,unroll_64,2,23.75,0.150402279292,False
gemm_659.c,xczu7ev-ffvc1156-2-e,3.33,10.70823105,1310.5,1,1,18,30.5,unroll_16,unroll_16,pipeline_1,2,12.625,0.246712256051,False
gemm_641.c,xczu7ev-ffvc1156-2-e,3.33,11.58713793,189,1,1,3,5,unroll_16,unroll_2,pipeline_1,1,2.5,0.457549359688,False
gemm_674.c,xczu7ev-ffvc1156-2-e,3.33,17.04300993,98,1,1,1,4,unroll_16,unroll_2,unroll_2,1,1.75,0.177528973916,False
gemm_698.c,xczu7ev-ffvc1156-2-e,3.33,5.78345409,1888,1,1,20,23,unroll_16,unroll_2,unroll_64,1,11.25,0.429103511924,False
gemm_621.c,xczu7ev-ffvc1156-2-e,3.33,10.70780481,3426.5,1,1,36,58,unroll_16,unroll_32,pipeline_1,2,24,0.1,False
gemm_747.c,xczu7ev-ffvc1156-2-e,3.33,9.83784897,211,1,1,4,8,unroll_16,unroll_4,pipeline_1,1,3.5,0.524364477809,False
gemm_726.c,xczu7ev-ffvc1156-2-e,3.33,14.20254657,201,1,1,3,7,unroll_16,unroll_4,unroll_4,1,3,0.298348124887,False
gemm_678.c,xczu7ev-ffvc1156-2-e,3.33,0.61719885,115,1,1,8,7,unroll_2,pipeline_1,pipeline_1,4,4.25,1,True
gemm_741.c,xczu7ev-ffvc1156-2-e,3.33,0.61719885,93.5,1,1,8,7,unroll_2,pipeline_1,unroll_16,2,4.25,1,True
gemm_717.c,xczu7ev-ffvc1156-2-e,3.33,0.61719885,108.5,1,1,8,7,unroll_2,pipeline_1,unroll_2,2,4.25,1,True
gemm_716.c,xczu7ev-ffvc1156-2-e,3.33,0.61719885,106.5,1,1,8,7,unroll_2,pipeline_1,unroll_32,2,4.25,1,True
gemm_557.c,xczu7ev-ffvc1156-2-e,3.33,0.61719885,117.5,1,1,8,7,unroll_2,pipeline_1,unroll_4,2,4.25,1,True
gemm_636.c,xczu7ev-ffvc1156-2-e,3.33,0.61719885,133.5,1,1,8,7,unroll_2,pipeline_1,unroll_64,2,4.25,1,True
gemm_740.c,xczu7ev-ffvc1156-2-e,3.33,0.61719885,83.5,1,1,8,7,unroll_2,pipeline_1,unroll_8,2,4.25,1,True
gemm_721.c,xczu7ev-ffvc1156-2-e,3.33,10.70832429,133.5,1,1,2.5,4,unroll_2,unroll_16,pipeline_1,2,2.125,1,True
gemm_781.c,xczu7ev-ffvc1156-2-e,3.33,12.07229229,319,1,1,2,9,unroll_2,unroll_16,unroll_16,1,3.25,0.419918948322,False
gemm_776.c,xczu7ev-ffvc1156-2-e,3.33,17.03713581,70,1,1,1,4,unroll_2,unroll_16,unroll_2,1,1.75,0.177720337275,False
gemm_791.c,xczu7ev-ffvc1156-2-e,3.33,11.71766061,977,1,1,4,10,unroll_2,unroll_16,unroll_32,1,4,0.429124850464,False
gemm_718.c,xczu7ev-ffvc1156-2-e,3.33,14.20008237,132,1,1,1,4,unroll_2,unroll_16,unroll_4,1,1.75,0.29761462576,False
gemm_654.c,xczu7ev-ffvc1156-2-e,3.33,0.74112813,728,1,1,5,15,unroll_2,unroll_16,unroll_64,1,5.5,0.901613673503,False
gemm_670.c,xczu7ev-ffvc1156-2-e,3.33,10.71429165,77.5,1,1,1,1,unroll_2,unroll_2,pipeline_1,2,1,1,True
gemm_764.c,xczu7ev-ffvc1156-2-e,3.33,12.07825965,66,1,1,1,3,unroll_2,unroll_2,unroll_16,1,1.5,0.421957130766,False
gemm_762.c,xczu7ev-ffvc1156-2-e,3.33,17.04310317,49,1,1,1,2,unroll_2,unroll_2,unroll_2,1,1.25,0.17687386548,False
gemm_745.c,xczu7ev-ffvc1156-2-e,3.33,11.72362797,102,1,1,1,4,unroll_2,unroll_2,unroll_32,1,1.75,0.446814550753,False
gemm_704.c,xczu7ev-ffvc1156-2-e,3.33,14.20604973,72,1,1,1,2,unroll_2,unroll_2,unroll_4,1,1.25,0.296025778615,False
gemm_719.c,xczu7ev-ffvc1156-2-e,3.33,5.78354733,148,1,1,3,7,unroll_2,unroll_2,unroll_64,1,3,1,True
gemm_763.c,xczu7ev-ffvc1156-2-e,3.33,12.78752301,58,1,1,1,3,unroll_2,unroll_2,unroll_8,1,1.5,0.376820069928,False
gemm_650.c,xczu7ev-ffvc1156-2-e,3.33,10.70789805,293.5,1,1,4.5,8,unroll_2,unroll_32,pipeline_1,2,3.625,0.485400096866,False
gemm_805.c,xczu7ev-ffvc1156-2-e,3.33,12.07186605,917,1,1,5,11,unroll_2,unroll_32,unroll_16,1,4.5,0.400955959682,False
gemm_594.c,xczu7ev-ffvc1156-2-e,3.33,14.19965613,264,1,1,2,7,unroll_2,unroll_32,unroll_4,1,2.75,0.298875796074,False
gemm_574.c,xczu7ev-ffvc1156-2-e,3.33,0.45810477,2104,1,1,9,25,unroll_2,unroll_32,unroll_64,1,9,1,True
gemm_597.c,xczu7ev-ffvc1156-2-e,3.33,12.78112941,509,1,1,3,10,unroll_2,unroll_32,unroll_8,1,3.75,0.372540700498,False
gemm_706.c,xczu7ev-ffvc1156-2-e,3.33,10.71088173,78,1,1,1,2,unroll_2,unroll_4,pipeline_1,2,1.25,1,True
gemm_738.c,xczu7ev-ffvc1156-2-e,3.33,17.03969325,58,1,1,1,2,unroll_2,unroll_4,unroll_2,1,1.25,0.176984292238,False
gemm_784.c,xczu7ev-ffvc1156-2-e,3.33,11.72021805,166,1,1,1,6,unroll_2,unroll_4,unroll_32,1,2.25,0.448821769098,False
gemm_707.c,xczu7ev-ffvc1156-2-e,3.33,14.20263981,78,1,1,1,3,unroll_2,unroll_4,unroll_4,1,1.5,0.296834172816,False
gemm_687.c,xczu7ev-ffvc1156-2-e,3.33,2.90216493,214,1,1,4,9,unroll_2,unroll_4,unroll_64,1,3.75,1,True
gemm_783.c,xczu7ev-ffvc1156-2-e,3.33,12.78411309,65,1,1,1,3,unroll_2,unroll_4,unroll_8,1,1.5,0.377029057136,False
gemm_730.c,xczu7ev-ffvc1156-2-e,3.33,9.83431917,502,1,1,8,16,unroll_2,unroll_64,pipeline_1,1,6.5,0.441543327066,False
gemm_748.c,xczu7ev-ffvc1156-2-e,3.33,17.03607021,217,1,1,4,10,unroll_2,unroll_64,unroll_2,1,4,0.177015066656,False
gemm_555.c,xczu7ev-ffvc1156-2-e,3.33,10.70917677,105.5,1,1,1.5,3,unroll_2,unroll_8,pipeline_1,2,1.625,1,True
gemm_778.c,xczu7ev-ffvc1156-2-e,3.33,12.07314477,148,1,1,1,6,unroll_2,unroll_8,unroll_16,1,2.25,0.42493306215,False
gemm_739.c,xczu7ev-ffvc1156-2-e,3.33,17.03798829,59,1,1,1,3,unroll_2,unroll_8,unroll_2,1,1.5,0.177355494865,False
gemm_695.c,xczu7ev-ffvc1156-2-e,3.33,11.71851309,396,1,1,2,9,unroll_2,unroll_8,unroll_32,1,3.25,0.441651127925,False
gemm_709.c,xczu7ev-ffvc1156-2-e,3.33,14.20093485,93,1,1,1,3,unroll_2,unroll_8,unroll_4,1,1.5,0.296922418609,False
gemm_652.c,xczu7ev-ffvc1156-2-e,3.33,1.46147373,382,1,1,4,12,unroll_2,unroll_8,unroll_64,1,4.5,0.906507309134,False
gemm_634.c,xczu7ev-ffvc1156-2-e,3.33,12.78240813,136,1,1,1,4,unroll_2,unroll_8,unroll_8,1,1.75,0.377989839502,False
gemm_593.c,xczu7ev-ffvc1156-2-e,3.33,10.71419175,300,1,1,4.5,9,unroll_32,unroll_2,pipeline_1,2,3.875,0.478869976416,False
gemm_638.c,xczu7ev-ffvc1156-2-e,3.33,17.04300327,164,1,1,2,6,unroll_32,unroll_2,unroll_2,1,2.5,0.178253335341,False
gemm_648.c,xczu7ev-ffvc1156-2-e,3.33,14.20594983,227,1,1,3,8,unroll_32,unroll_2,unroll_4,1,3.25,0.297503064307,False
gemm_598.c,xczu7ev-ffvc1156-2-e,3.33,12.78742311,520,1,1,3,11,unroll_32,unroll_2,unroll_8,1,4,0.369449660793,False
gemm_561.c,xczu7ev-ffvc1156-2-e,3.33,11.58372135,650,1,1,10,16,unroll_32,unroll_4,pipeline_1,1,7,0.365948019248,False
gemm_658.c,xczu7ev-ffvc1156-2-e,3.33,12.78401319,1176,1,1,6,14,unroll_32,unroll_4,unroll_8,1,5.5,0.347185594267,False
gemm_565.c,xczu7ev-ffvc1156-2-e,3.33,11.58201639,1572,1,1,20,31,unroll_32,unroll_8,pipeline_1,1,13.25,0.214573794388,False
gemm_566.c,xczu7ev-ffvc1156-2-e,3.33,14.20083495,1582,1,1,9,17,unroll_32,unroll_8,unroll_4,1,7,0.260708170195,False
gemm_683.c,xczu7ev-ffvc1156-2-e,3.33,0.61709229,161,1,1,15,12,unroll_4,pipeline_1,pipeline_1,4,7.25,1,True
gemm_723.c,xczu7ev-ffvc1156-2-e,3.33,0.61709229,170,1,1,15,12,unroll_4,pipeline_1,unroll_16,2,7.25,1,True
gemm_640.c,xczu7ev-ffvc1156-2-e,3.33,0.61709229,170,1,1,15,12,unroll_4,pipeline_1,unroll_2,2,7.25,1,True
gemm_558.c,xczu7ev-ffvc1156-2-e,3.33,0.61709229,199,1,1,15,12,unroll_4,pipeline_1,unroll_32,2,7.25,1,True
gemm_642.c,xczu7ev-ffvc1156-2-e,3.33,0.61709229,175.5,1,1,15,12,unroll_4,pipeline_1,unroll_4,2,7.25,1,True
gemm_644.c,xczu7ev-ffvc1156-2-e,3.33,0.61709229,189,1,1,15,12,unroll_4,pipeline_1,unroll_64,2,7.25,1,True
gemm_724.c,xczu7ev-ffvc1156-2-e,3.33,0.61709229,150.5,1,1,15,12,unroll_4,pipeline_1,unroll_8,2,7.25,1,True
gemm_649.c,xczu7ev-ffvc1156-2-e,3.33,11.58121053,300,1,1,5,8,unroll_4,unroll_16,pipeline_1,1,3.75,0.441281455072,False
gemm_681.c,xczu7ev-ffvc1156-2-e,3.33,17.03708253,138,1,1,2,5,unroll_4,unroll_16,unroll_2,1,2.25,0.178288731384,False
gemm_582.c,xczu7ev-ffvc1156-2-e,3.33,0.74107485,2258,1,1,8,22,unroll_4,unroll_16,unroll_64,1,8,0.827687105644,False
gemm_553.c,xczu7ev-ffvc1156-2-e,3.33,10.71423837,80,1,1,1,2,unroll_4,unroll_2,pipeline_1,2,1.25,0.517073782014,False
gemm_680.c,xczu7ev-ffvc1156-2-e,3.33,12.07820637,125,1,1,1,4,unroll_4,unroll_2,unroll_16,1,1.75,0.422938790993,False
gemm_705.c,xczu7ev-ffvc1156-2-e,3.33,17.04304989,75,1,1,1,2,unroll_4,unroll_2,unroll_2,1,1.25,0.17687559029,False
gemm_646.c,xczu7ev-ffvc1156-2-e,3.33,11.72357469,215,1,1,1,6,unroll_4,unroll_2,unroll_32,1,2.25,0.448590721643,False
gemm_673.c,xczu7ev-ffvc1156-2-e,3.33,14.20599645,78,1,1,1,3,unroll_4,unroll_2,unroll_4,1,1.5,0.296660496328,False
gemm_688.c,xczu7ev-ffvc1156-2-e,3.33,5.78349405,249,1,1,6,10,unroll_4,unroll_2,unroll_64,1,4.5,0.685831861332,False
gemm_554.c,xczu7ev-ffvc1156-2-e,3.33,12.78746973,104,1,1,1,3,unroll_4,unroll_2,unroll_8,1,1.5,0.376823334755,False
gemm_562.c,xczu7ev-ffvc1156-2-e,3.33,9.83490525,702,1,1,8,16,unroll_4,unroll_32,pipeline_1,1,6.5,0.44152356708,False
gemm_785.c,xczu7ev-ffvc1156-2-e,3.33,17.03665629,209,1,1,4,8,unroll_4,unroll_32,unroll_2,1,3.5,0.177938021321,False
gemm_653.c,xczu7ev-ffvc1156-2-e,3.33,14.19960285,445,1,1,5,11,unroll_4,unroll_32,unroll_4,1,4.5,0.290427921705,False
gemm_633.c,xczu7ev-ffvc1156-2-e,3.33,10.71082845,94.5,1,1,1.5,3,unroll_4,unroll_4,pipeline_1,2,1.625,0.519284680384,False
gemm_746.c,xczu7ev-ffvc1156-2-e,3.33,12.07479645,164,1,1,1,6,unroll_4,unroll_4,unroll_16,1,2.25,0.424823200591,False
gemm_632.c,xczu7ev-ffvc1156-2-e,3.33,17.03963997,83,1,1,1,3,unroll_4,unroll_4,unroll_2,1,1.5,0.177301823595,False
gemm_596.c,xczu7ev-ffvc1156-2-e,3.33,11.72016477,492,1,1,2,9,unroll_4,unroll_4,unroll_32,1,3.25,0.441550483631,False
gemm_710.c,xczu7ev-ffvc1156-2-e,3.33,14.20258653,93,1,1,1,3,unroll_4,unroll_4,unroll_4,1,1.5,0.296836930199,False
gemm_599.c,xczu7ev-ffvc1156-2-e,3.33,2.90211165,559,1,1,6,14,unroll_4,unroll_4,unroll_64,1,5.5,0.805034316588,False
gemm_772.c,xczu7ev-ffvc1156-2-e,3.33,9.83426589,991,1,1,16,32,unroll_4,unroll_64,pipeline_1,1,12.5,0.268357524235,False
gemm_567.c,xczu7ev-ffvc1156-2-e,3.33,14.19896349,1596,1,1,9,22,unroll_4,unroll_64,unroll_4,1,8.25,0.241760444444,False
gemm_591.c,xczu7ev-ffvc1156-2-e,3.33,10.70912349,163.5,1,1,2.5,5,unroll_4,unroll_8,pipeline_1,2,2.375,0.515831353765,False
gemm_693.c,xczu7ev-ffvc1156-2-e,3.33,12.07309149,376,1,1,3,9,unroll_4,unroll_8,unroll_16,1,3.5,0.41691385327,False
gemm_604.c,xczu7ev-ffvc1156-2-e,3.33,11.71845981,1259,1,1,4,11,unroll_4,unroll_8,unroll_32,1,4.25,0.424184478822,False
gemm_637.c,xczu7ev-ffvc1156-2-e,3.33,14.20088157,150,1,1,1,4,unroll_4,unroll_8,unroll_4,1,1.75,0.297573148054,False
gemm_563.c,xczu7ev-ffvc1156-2-e,3.33,1.46142045,920,1,1,7,17,unroll_4,unroll_8,unroll_64,1,6.5,0.849363002695,False
gemm_592.c,xczu7ev-ffvc1156-2-e,3.33,12.78235485,244,1,1,2,6,unroll_4,unroll_8,unroll_8,1,2.5,0.379576027435,False
gemm_789.c,xczu7ev-ffvc1156-2-e,3.33,9.84124224,462,1,1,9,17,unroll_64,unroll_2,pipeline_1,1,7,0.426747597445,False
gemm_797.c,xczu7ev-ffvc1156-2-e,3.33,14.20593984,418,1,1,5,16,unroll_64,unroll_2,unroll_4,1,5.75,0.277208191325,False
gemm_792.c,xczu7ev-ffvc1156-2-e,3.33,9.83612736,3107,1,1,33,61,unroll_64,unroll_8,pipeline_1,1,24,0.10099278567,False
gemm_595.c,xczu7ev-ffvc1156-2-e,3.33,0.61703901,249,1,1,27,21,unroll_8,pipeline_1,pipeline_1,4,12.5,0.590150870155,False
gemm_752.c,xczu7ev-ffvc1156-2-e,3.33,0.61703901,240.5,1,1,27,21,unroll_8,pipeline_1,unroll_16,2,12.5,0.590150870155,False
gemm_690.c,xczu7ev-ffvc1156-2-e,3.33,0.61703901,262,1,1,27,21,unroll_8,pipeline_1,unroll_2,2,12.5,0.590150870155,False
gemm_750.c,xczu7ev-ffvc1156-2-e,3.33,0.61703901,225.5,1,1,27,21,unroll_8,pipeline_1,unroll_32,2,12.5,0.590150870155,False
gemm_691.c,xczu7ev-ffvc1156-2-e,3.33,0.61703901,264,1,1,27,21,unroll_8,pipeline_1,unroll_4,2,12.5,0.590150870155,False
gemm_559.c,xczu7ev-ffvc1156-2-e,3.33,0.61703901,291.5,1,1,27,21,unroll_8,pipeline_1,unroll_64,2,12.5,0.590150870155,False
gemm_779.c,xczu7ev-ffvc1156-2-e,3.33,0.61703901,205,1,1,27,21,unroll_8,pipeline_1,unroll_8,2,12.5,0.590150870155,False
gemm_560.c,xczu7ev-ffvc1156-2-e,3.33,10.70824437,505.5,1,1,9,16,unroll_8,unroll_16,pipeline_1,2,6.75,0.402868617647,False
gemm_600.c,xczu7ev-ffvc1156-2-e,3.33,14.20000245,571,1,1,5,12,unroll_8,unroll_16,unroll_4,1,4.75,0.288207329317,False
gemm_657.c,xczu7ev-ffvc1156-2-e,3.33,12.78147573,1116,1,1,6,13,unroll_8,unroll_16,unroll_8,1,5.25,0.351612634278,False
gemm_675.c,xczu7ev-ffvc1156-2-e,3.33,10.71421173,103.5,1,1,1.5,3,unroll_8,unroll_2,pipeline_1,2,1.625,0.519029980932,False
gemm_671.c,xczu7ev-ffvc1156-2-e,3.33,17.04302325,77,1,1,1,3,unroll_8,unroll_2,unroll_2,1,1.5,0.177191942084,False
gemm_556.c,xczu7ev-ffvc1156-2-e,3.33,14.20596981,109,1,1,1,3,unroll_8,unroll_2,unroll_4,1,1.5,0.296661874413,False
gemm_603.c,xczu7ev-ffvc1156-2-e,3.33,5.78346741,745,1,1,11,17,unroll_8,unroll_2,unroll_64,1,7.5,0.572249629578,False
gemm_635.c,xczu7ev-ffvc1156-2-e,3.33,12.78744309,143,1,1,1,4,unroll_8,unroll_2,unroll_8,1,1.75,0.377680404312,False
gemm_568.c,xczu7ev-ffvc1156-2-e,3.33,10.70781813,1505.5,1,1,18,30,unroll_8,unroll_32,pipeline_1,2,12.5,0.249782030805,False
gemm_602.c,xczu7ev-ffvc1156-2-e,3.33,17.03662965,721,1,1,7,15,unroll_8,unroll_32,unroll_2,1,6,0.169167803893,False
gemm_660.c,xczu7ev-ffvc1156-2-e,3.33,14.19957621,1370,1,1,9,16,unroll_8,unroll_32,unroll_4,1,6.75,0.264331071359,False
gemm_767.c,xczu7ev-ffvc1156-2-e,3.33,9.83786229,110,1,1,2,5,unroll_8,unroll_4,pipeline_1,1,2.25,1,True
gemm_770.c,xczu7ev-ffvc1156-2-e,3.33,12.07476981,335,1,1,3,9,unroll_8,unroll_4,unroll_16,1,3.5,0.416813682937,False
gemm_711.c,xczu7ev-ffvc1156-2-e,3.33,17.03961333,102,1,1,1,4,unroll_8,unroll_4,unroll_2,1,1.75,0.177639597487,False
gemm_564.c,xczu7ev-ffvc1156-2-e,3.33,11.72013813,1188,1,1,4,11,unroll_8,unroll_4,unroll_32,1,4.25,0.424097586989,False
gemm_656.c,xczu7ev-ffvc1156-2-e,3.33,2.90208501,1112,1,1,11,20,unroll_8,unroll_4,unroll_64,1,8.25,0.6937265661,False
gemm_645.c,xczu7ev-ffvc1156-2-e,3.33,12.78403317,213,1,1,2,6,unroll_8,unroll_4,unroll_8,1,2.5,0.379472672461,False
gemm_782.c,xczu7ev-ffvc1156-2-e,3.33,17.03599029,1767,1,1,14,29,unroll_8,unroll_64,unroll_2,1,11.25,0.131460171522,False
gemm_692.c,xczu7ev-ffvc1156-2-e,3.33,9.83615733,277,1,1,4,8,unroll_8,unroll_8,pipeline_1,1,3.5,0.524428930338,False
gemm_647.c,xczu7ev-ffvc1156-2-e,3.33,14.20085493,218,1,1,3,7,unroll_8,unroll_8,unroll_4,1,3,0.298435694788,False
gemm_732.c,xczu7ev-ffvc1156-2-e,3.33,1.46139381,2205,1,1,12,25,unroll_8,unroll_8,unroll_64,1,9.75,0.734210304683,False
gemm_694.c,xczu7ev-ffvc1156-2-e,3.33,12.78232821,383,1,1,3,10,unroll_8,unroll_8,unroll_8,1,3.75,0.37247206974,False
gemm_307.c,xczu7ev-ffvc1156-2-e,5,0.844205,188,1,1,49,37,unroll_16,pipeline_1,pipeline_1,1,22,0.153041735502,False
gemm_421.c,xczu7ev-ffvc1156-2-e,5,0.844205,203,1,1,49,37,unroll_16,pipeline_1,unroll_32,2,22,0.153041735502,False
gemm_382.c,xczu7ev-ffvc1156-2-e,5,10.815065,375,1,1,16,28,unroll_16,unroll_16,pipeline_1,1,11.5,0.223644735046,False
gemm_495.c,xczu7ev-ffvc1156-2-e,5,9.503705,1535,1,1,31,53,unroll_16,unroll_32,pipeline_1,1,21.5,0.107219367328,False
gemm_405.c,xczu7ev-ffvc1156-2-e,5,19.682265,795,1,1,13,22,unroll_16,unroll_32,unroll_2,1,9.25,0.102950076014,False
gemm_399.c,xczu7ev-ffvc1156-2-e,5,10.818905,68,1,1,4,7,unroll_16,unroll_4,pipeline_1,1,3.25,0.473451418178,False
gemm_386.c,xczu7ev-ffvc1156-2-e,5,0.844485,42,1,1,7,5,unroll_2,pipeline_1,pipeline_1,4,3.5,1,True
gemm_368.c,xczu7ev-ffvc1156-2-e,5,0.844485,43.5,1,1,7,5,unroll_2,pipeline_1,unroll_16,2,3.5,1,True
gemm_315.c,xczu7ev-ffvc1156-2-e,5,0.844485,47,1,1,7,5,unroll_2,pipeline_1,unroll_2,2,3.5,1,True
gemm_409.c,xczu7ev-ffvc1156-2-e,5,0.844485,45,1,1,7,5,unroll_2,pipeline_1,unroll_32,2,3.5,1,True
gemm_403.c,xczu7ev-ffvc1156-2-e,5,0.844485,42.5,1,1,7,5,unroll_2,pipeline_1,unroll_4,2,3.5,1,True
gemm_442.c,xczu7ev-ffvc1156-2-e,5,0.844485,47,1,1,7,5,unroll_2,pipeline_1,unroll_64,2,3.5,1,True
gemm_363.c,xczu7ev-ffvc1156-2-e,5,0.844485,46,1,1,7,5,unroll_2,pipeline_1,unroll_8,2,3.5,1,True
gemm_304.c,xczu7ev-ffvc1156-2-e,5,10.159845,43.5,1,1,2,3,unroll_2,unroll_16,pipeline_1,2,1.75,0.544729445818,False
gemm_391.c,xczu7ev-ffvc1156-2-e,5,12.801765,141,1,1,2,8,unroll_2,unroll_16,unroll_16,1,3,0.370735376975,False
gemm_486.c,xczu7ev-ffvc1156-2-e,5,19.683045,38,1,1,1,3,unroll_2,unroll_16,unroll_2,1,1.5,0.118974693856,False
gemm_489.c,xczu7ev-ffvc1156-2-e,5,12.310245,412,1,1,3,10,unroll_2,unroll_16,unroll_32,1,3.75,0.385016603373,False
gemm_346.c,xczu7ev-ffvc1156-2-e,5,15.750885,51,1,1,1,3,unroll_2,unroll_16,unroll_4,1,1.5,0.230519310304,False
gemm_469.c,xczu7ev-ffvc1156-2-e,5,0.783845,382,1,1,4,13,unroll_2,unroll_16,unroll_64,1,4.75,1,True
gemm_549.c,xczu7ev-ffvc1156-2-e,5,13.784805,74,1,1,1,5,unroll_2,unroll_16,unroll_8,1,2,0.323567255676,False
gemm_463.c,xczu7ev-ffvc1156-2-e,5,10.168805,27,1,1,1,1,unroll_2,unroll_2,pipeline_1,2,1,0.556101894,False
gemm_524.c,xczu7ev-ffvc1156-2-e,5,12.810725,33,1,1,1,2,unroll_2,unroll_2,unroll_16,1,1.25,0.378080159224,False
gemm_424.c,xczu7ev-ffvc1156-2-e,5,19.692005,25,1,1,1,1,unroll_2,unroll_2,unroll_2,1,1,0.118512956869,False
gemm_542.c,xczu7ev-ffvc1156-2-e,5,12.319205,48,1,1,1,3,unroll_2,unroll_2,unroll_32,1,1.5,0.408976093268,False
gemm_395.c,xczu7ev-ffvc1156-2-e,5,15.759845,25,1,1,1,1,unroll_2,unroll_2,unroll_4,1,1,0.229094424233,False
gemm_450.c,xczu7ev-ffvc1156-2-e,5,6.052325,65,1,1,2,5,unroll_2,unroll_2,unroll_64,1,2.25,1,True
gemm_457.c,xczu7ev-ffvc1156-2-e,5,10.159205,71.5,1,1,4,6.5,unroll_2,unroll_32,pipeline_1,2,3.125,0.51429588221,False
gemm_431.c,xczu7ev-ffvc1156-2-e,5,12.801125,409,1,1,3,10,unroll_2,unroll_32,unroll_16,1,3.75,0.359700748386,False
gemm_418.c,xczu7ev-ffvc1156-2-e,5,19.682405,56,1,1,1,4,unroll_2,unroll_32,unroll_2,1,1.75,0.119076625169,False
gemm_525.c,xczu7ev-ffvc1156-2-e,5,12.309605,1532,1,1,5,13,unroll_2,unroll_32,unroll_32,1,5,0.357077876803,False
gemm_485.c,xczu7ev-ffvc1156-2-e,5,15.750245,83,1,1,2,6,unroll_2,unroll_32,unroll_4,1,2.5,0.230020208378,False
gemm_453.c,xczu7ev-ffvc1156-2-e,5,0.683365,895,1,4,6,20,unroll_2,unroll_32,unroll_64,1,7.75,1,True
gemm_505.c,xczu7ev-ffvc1156-2-e,5,13.784165,162,1,1,2,9,unroll_2,unroll_32,unroll_8,1,3.25,0.31605239891,False
gemm_430.c,xczu7ev-ffvc1156-2-e,5,10.163685,28,1,1,1,1,unroll_2,unroll_4,pipeline_1,2,1,1,True
gemm_514.c,xczu7ev-ffvc1156-2-e,5,15.754725,29,1,1,1,1,unroll_2,unroll_4,unroll_4,1,1,0.229303148598,False
gemm_516.c,xczu7ev-ffvc1156-2-e,5,3.041765,91,1,1,3,7,unroll_2,unroll_4,unroll_64,1,3,1,True
gemm_462.c,xczu7ev-ffvc1156-2-e,5,13.788645,35,1,1,1,2,unroll_2,unroll_4,unroll_8,1,1.25,0.322713567321,False
gemm_367.c,xczu7ev-ffvc1156-2-e,5,10.158245,139,1,1,8,14.5,unroll_2,unroll_64,pipeline_1,2,6.125,0.417228691771,False
gemm_323.c,xczu7ev-ffvc1156-2-e,5,12.800165,1973,1,1,6,25,unroll_2,unroll_64,unroll_16,1,8.25,0.258905033388,False
gemm_506.c,xczu7ev-ffvc1156-2-e,5,19.681445,109,1,1,3,9,unroll_2,unroll_64,unroll_2,1,3.5,0.118066597822,False
gemm_308.c,xczu7ev-ffvc1156-2-e,5,15.749285,205,1,1,3,13,unroll_2,unroll_64,unroll_4,1,4.5,0.218264700673,False
gemm_510.c,xczu7ev-ffvc1156-2-e,5,13.783205,477,1,1,4,17,unroll_2,unroll_64,unroll_8,1,5.75,0.27817528515,False
gemm_362.c,xczu7ev-ffvc1156-2-e,5,10.161125,30.5,1,1,1,2,unroll_2,unroll_8,pipeline_1,2,1.25,1,True
gemm_527.c,xczu7ev-ffvc1156-2-e,5,12.803045,74,1,1,1,5,unroll_2,unroll_8,unroll_16,1,2,0.378812095289,False
gemm_523.c,xczu7ev-ffvc1156-2-e,5,19.684325,29,1,1,1,2,unroll_2,unroll_8,unroll_2,1,1.25,0.118802910339,False
gemm_436.c,xczu7ev-ffvc1156-2-e,5,12.311525,150,1,1,1,8,unroll_2,unroll_8,unroll_32,1,2.75,0.40163199254,False
gemm_504.c,xczu7ev-ffvc1156-2-e,5,15.752165,37,1,1,1,2,unroll_2,unroll_8,unroll_4,1,1.25,0.229988014066,False
gemm_472.c,xczu7ev-ffvc1156-2-e,5,1.536485,155,1,1,3,10,unroll_2,unroll_8,unroll_64,1,3.75,0.923128735942,False
gemm_519.c,xczu7ev-ffvc1156-2-e,5,13.786085,48,1,1,1,3,unroll_2,unroll_8,unroll_8,1,1.5,0.323524527715,False
gemm_332.c,xczu7ev-ffvc1156-2-e,5,10.159695,1650,1,1,31.5,53.5,unroll_32,unroll_16,pipeline_1,2,21.75,0.102739589568,False
gemm_400.c,xczu7ev-ffvc1156-2-e,5,19.682895,813,1,1,13,22,unroll_32,unroll_16,unroll_2,1,9.25,0.102946627273,False
gemm_407.c,xczu7ev-ffvc1156-2-e,5,15.750735,2360,1,1,15,25,unroll_32,unroll_16,unroll_4,1,10.5,0.142505364377,False
gemm_306.c,xczu7ev-ffvc1156-2-e,5,0.844325,62.5,1,1,13,10,unroll_4,pipeline_1,pipeline_1,4,6.25,0.829498178064,False
gemm_373.c,xczu7ev-ffvc1156-2-e,5,0.844325,64.5,1,1,13,10,unroll_4,pipeline_1,unroll_16,2,6.25,0.829498178064,False
gemm_415.c,xczu7ev-ffvc1156-2-e,5,0.844325,61,1,1,13,10,unroll_4,pipeline_1,unroll_2,2,6.25,0.829498178064,False
gemm_313.c,xczu7ev-ffvc1156-2-e,5,0.844325,68,1,1,13,10,unroll_4,pipeline_1,unroll_32,2,6.25,0.829498178064,False
gemm_402.c,xczu7ev-ffvc1156-2-e,5,0.844325,62,1,1,13,10,unroll_4,pipeline_1,unroll_4,2,6.25,0.829498178064,False
gemm_364.c,xczu7ev-ffvc1156-2-e,5,0.844325,65.5,1,1,13,10,unroll_4,pipeline_1,unroll_64,2,6.25,0.829498178064,False
gemm_392.c,xczu7ev-ffvc1156-2-e,5,0.844325,62,1,1,13,10,unroll_4,pipeline_1,unroll_8,2,6.25,0.829498178064,False
gemm_343.c,xczu7ev-ffvc1156-2-e,5,10.159765,68.5,1,1,4,6.5,unroll_4,unroll_16,pipeline_1,2,3.125,0.514265639334,False
gemm_502.c,xczu7ev-ffvc1156-2-e,5,12.801685,409,1,1,3,10,unroll_4,unroll_16,unroll_16,1,3.75,0.359672004212,False
gemm_334.c,xczu7ev-ffvc1156-2-e,5,19.682965,60,1,1,1,4,unroll_4,unroll_16,unroll_2,1,1.75,0.119067825787,False
gemm_452.c,xczu7ev-ffvc1156-2-e,5,12.310165,1455,1,1,5,13,unroll_4,unroll_16,unroll_32,1,5,0.357052991119,False
gemm_487.c,xczu7ev-ffvc1156-2-e,5,15.750805,84,1,1,2,6,unroll_4,unroll_16,unroll_4,1,2.5,0.229997422134,False
gemm_358.c,xczu7ev-ffvc1156-2-e,5,0.783765,884,1,1,7,20,unroll_4,unroll_16,unroll_64,1,7.25,1,True
gemm_370.c,xczu7ev-ffvc1156-2-e,5,13.784725,162,1,1,2,9,unroll_4,unroll_16,unroll_8,1,3.25,0.316024223415,False
gemm_335.c,xczu7ev-ffvc1156-2-e,5,10.168725,31,1,1,1,1,unroll_4,unroll_2,pipeline_1,2,1,0.556107971907,False
gemm_546.c,xczu7ev-ffvc1156-2-e,5,12.810645,46,1,1,1,3,unroll_4,unroll_2,unroll_16,1,1.5,0.378839475574,False
gemm_456.c,xczu7ev-ffvc1156-2-e,5,19.691925,29,1,1,1,1,unroll_4,unroll_2,unroll_2,1,1,0.118514193903,False
gemm_422.c,xczu7ev-ffvc1156-2-e,5,12.319125,75,1,1,1,5,unroll_4,unroll_2,unroll_32,1,2,0.408055550512,False
gemm_435.c,xczu7ev-ffvc1156-2-e,5,15.759765,30,1,1,1,2,unroll_4,unroll_2,unroll_4,1,1.25,0.229677113752,False
gemm_406.c,xczu7ev-ffvc1156-2-e,5,6.052245,101,1,1,5,8,unroll_4,unroll_2,unroll_64,1,3.75,0.681070373503,False
gemm_536.c,xczu7ev-ffvc1156-2-e,5,13.793685,38,1,1,1,2,unroll_4,unroll_2,unroll_8,1,1.25,0.32244399631,False
gemm_317.c,xczu7ev-ffvc1156-2-e,5,10.159125,145.5,1,1,8,13.5,unroll_4,unroll_32,pipeline_1,2,5.875,0.425887366173,False
gemm_515.c,xczu7ev-ffvc1156-2-e,5,12.801045,1625,1,1,7,15,unroll_4,unroll_32,unroll_16,1,6,0.312187685577,False
gemm_354.c,xczu7ev-ffvc1156-2-e,5,19.682325,118,1,1,3,7,unroll_4,unroll_32,unroll_2,1,3,0.118636373023,False
gemm_447.c,xczu7ev-ffvc1156-2-e,5,15.750165,203,1,1,4,10,unroll_4,unroll_32,unroll_4,1,4,0.222366550908,False
gemm_417.c,xczu7ev-ffvc1156-2-e,5,0.683285,3157,1,4,10,33,unroll_4,unroll_32,unroll_64,1,12,1,True
gemm_521.c,xczu7ev-ffvc1156-2-e,5,13.784085,446,1,1,5,12,unroll_4,unroll_32,unroll_8,1,4.75,0.295920211372,False
gemm_305.c,xczu7ev-ffvc1156-2-e,5,10.163605,32.5,1,1,1,2,unroll_4,unroll_4,pipeline_1,2,1.25,0.55827165207,False
gemm_540.c,xczu7ev-ffvc1156-2-e,5,12.805525,81,1,1,1,5,unroll_4,unroll_4,unroll_16,1,2,0.378665487884,False
gemm_455.c,xczu7ev-ffvc1156-2-e,5,19.686805,35,1,1,1,2,unroll_4,unroll_4,unroll_2,1,1.25,0.118764258887,False
gemm_440.c,xczu7ev-ffvc1156-2-e,5,12.314005,169,1,1,1,8,unroll_4,unroll_4,unroll_32,1,2.75,0.401488371547,False
gemm_494.c,xczu7ev-ffvc1156-2-e,5,15.754645,37,1,1,1,2,unroll_4,unroll_4,unroll_4,1,1.25,0.22988652162,False
gemm_432.c,xczu7ev-ffvc1156-2-e,5,3.041685,185,1,1,5,12,unroll_4,unroll_4,unroll_64,1,4.75,0.796323639245,False
gemm_327.c,xczu7ev-ffvc1156-2-e,5,10.158165,430,1,1,15,29,unroll_4,unroll_64,pipeline_1,2,11.5,0.236042883575,False
gemm_520.c,xczu7ev-ffvc1156-2-e,5,19.681365,259,1,1,6,17,unroll_4,unroll_64,unroll_2,1,6.25,0.111662181539,False
gemm_507.c,xczu7ev-ffvc1156-2-e,5,15.749205,599,1,1,7,21,unroll_4,unroll_64,unroll_4,1,7.5,0.182911196313,False
gemm_365.c,xczu7ev-ffvc1156-2-e,5,13.783125,1958,1,1,9,29,unroll_4,unroll_64,unroll_8,1,10,0.19245340072,False
gemm_443.c,xczu7ev-ffvc1156-2-e,5,10.161045,47,1,1,2,3,unroll_4,unroll_8,pipeline_1,2,1.75,0.544684506255,False
gemm_550.c,xczu7ev-ffvc1156-2-e,5,12.311445,390,1,1,3,10,unroll_4,unroll_8,unroll_32,1,3.75,0.384954619573,False
gemm_493.c,xczu7ev-ffvc1156-2-e,5,1.536405,357,1,1,5,15,unroll_4,unroll_8,unroll_64,1,5.5,0.849883360715,False
gemm_383.c,xczu7ev-ffvc1156-2-e,5,13.786005,77,1,1,1,5,unroll_4,unroll_8,unroll_8,1,2,0.323503255845,False
gemm_377.c,xczu7ev-ffvc1156-2-e,5,10.16864,150.5,1,1,8,15,unroll_64,unroll_2,pipeline_1,2,6.25,0.412490698665,False
gemm_470.c,xczu7ev-ffvc1156-2-e,5,9.50816,446,1,1,16,28,unroll_64,unroll_4,pipeline_1,1,11.5,0.247531058034,False
gemm_543.c,xczu7ev-ffvc1156-2-e,5,10.81632,1353,1,1,32,56,unroll_64,unroll_8,pipeline_1,1,22.5,0.1,False
gemm_374.c,xczu7ev-ffvc1156-2-e,5,0.844245,105.5,1,1,25,19,unroll_8,pipeline_1,pipeline_1,4,11.5,0.63821891139,False
gemm_446.c,xczu7ev-ffvc1156-2-e,5,0.844245,121,1,1,25,19,unroll_8,pipeline_1,unroll_16,1,11.5,0.63821891139,False
gemm_484.c,xczu7ev-ffvc1156-2-e,5,0.844245,99,1,1,25,19,unroll_8,pipeline_1,unroll_2,2,11.5,0.63821891139,False
gemm_310.c,xczu7ev-ffvc1156-2-e,5,0.844245,116,1,1,25,19,unroll_8,pipeline_1,unroll_32,2,11.5,0.63821891139,False
gemm_451.c,xczu7ev-ffvc1156-2-e,5,0.844245,105.5,1,1,25,19,unroll_8,pipeline_1,unroll_4,2,11.5,0.63821891139,False
gemm_468.c,xczu7ev-ffvc1156-2-e,5,0.844245,117.5,1,1,25,19,unroll_8,pipeline_1,unroll_64,2,11.5,0.63821891139,False
gemm_471.c,xczu7ev-ffvc1156-2-e,5,0.844245,109,1,1,25,19,unroll_8,pipeline_1,unroll_8,2,11.5,0.63821891139,False
gemm_325.c,xczu7ev-ffvc1156-2-e,5,10.159725,160,1,1,8,14,unroll_8,unroll_16,pipeline_1,2,6,0.421526140559,False
gemm_340.c,xczu7ev-ffvc1156-2-e,5,12.801645,1629,1,1,7,15,unroll_8,unroll_16,unroll_16,1,6,0.312163803357,False
gemm_390.c,xczu7ev-ffvc1156-2-e,5,15.750765,175,1,1,4,11,unroll_8,unroll_16,unroll_4,1,4.25,0.220363936135,False
gemm_483.c,xczu7ev-ffvc1156-2-e,5,0.783725,2930,1,1,12,34,unroll_8,unroll_16,unroll_64,1,12,0.635199192106,False
gemm_348.c,xczu7ev-ffvc1156-2-e,5,13.784685,464,1,1,5,12,unroll_8,unroll_16,unroll_8,1,4.75,0.295893610676,False
gemm_449.c,xczu7ev-ffvc1156-2-e,5,10.168685,33.5,1,1,1,2,unroll_8,unroll_2,pipeline_1,2,1.25,0.557883902046,False
gemm_388.c,xczu7ev-ffvc1156-2-e,5,15.759725,36,1,1,1,2,unroll_8,unroll_2,unroll_4,1,1.25,0.229678749099,False
gemm_503.c,xczu7ev-ffvc1156-2-e,5,6.052205,241,1,1,9,15,unroll_8,unroll_2,unroll_64,1,6.5,0.55556414009,False
gemm_375.c,xczu7ev-ffvc1156-2-e,5,10.159085,411,1,1,16,27.5,unroll_8,unroll_32,pipeline_1,2,11.375,0.239767123836,False
gemm_331.c,xczu7ev-ffvc1156-2-e,5,19.682285,243,1,1,6,14,unroll_8,unroll_32,unroll_2,1,5.5,0.113804391753,False
gemm_481.c,xczu7ev-ffvc1156-2-e,5,13.784045,1754,1,1,9,18,unroll_8,unroll_32,unroll_8,1,7.25,0.24803569112,False
gemm_541.c,xczu7ev-ffvc1156-2-e,5,9.508205,44,1,1,2,3,unroll_8,unroll_4,pipeline_1,1,1.75,1,True
gemm_474.c,xczu7ev-ffvc1156-2-e,5,15.754605,58,1,1,1,4,unroll_8,unroll_4,unroll_4,1,1.75,0.230600407995,False
gemm_460.c,xczu7ev-ffvc1156-2-e,5,3.041645,539,1,1,10,18,unroll_8,unroll_4,unroll_64,1,7.5,0.685708604942,False
gemm_420.c,xczu7ev-ffvc1156-2-e,5,10.158125,1504,1,1,31,56.5,unroll_8,unroll_64,pipeline_1,2,22.375,0.100779232243,False
gemm_321.c,xczu7ev-ffvc1156-2-e,5,15.749165,2719,1,1,15,36,unroll_8,unroll_64,unroll_4,1,13.25,0.113860571614,False
gemm_408.c,xczu7ev-ffvc1156-2-e,5,10.161005,71.5,1,1,4,7,unroll_8,unroll_8,pipeline_1,2,3.25,0.510719463921,False
gemm_531.c,xczu7ev-ffvc1156-2-e,5,1.536365,1063,1,1,11,23,unroll_8,unroll_8,unroll_64,1,9,0.691149449002,False
gemm_185.c,xczu7ev-ffvc1156-2-e,10,1.52073,148.5,1,1,46,35,unroll_16,pipeline_1,pipeline_1,4,20.75,0.419950215518,False
gemm_158.c,xczu7ev-ffvc1156-2-e,10,1.52073,164,1,1,46,35,unroll_16,pipeline_1,unroll_16,2,20.75,0.419950215518,False
gemm_236.c,xczu7ev-ffvc1156-2-e,10,1.52073,153.5,1,1,46,35,unroll_16,pipeline_1,unroll_2,2,20.75,0.419950215518,False
gemm_100.c,xczu7ev-ffvc1156-2-e,10,1.52073,163.5,1,1,46,35,unroll_16,pipeline_1,unroll_32,2,20.75,0.419950215518,False
gemm_243.c,xczu7ev-ffvc1156-2-e,10,1.52073,166,1,1,46,35,unroll_16,pipeline_1,unroll_4,2,20.75,0.419950215518,False
gemm_164.c,xczu7ev-ffvc1156-2-e,10,1.52073,172,1,1,46,35,unroll_16,pipeline_1,unroll_64,2,20.75,0.419950215518,False
gemm_201.c,xczu7ev-ffvc1156-2-e,10,1.52073,152,1,1,46,35,unroll_16,pipeline_1,unroll_8,2,20.75,0.419950215518,False
gemm_67.c,xczu7ev-ffvc1156-2-e,10,9.62885,333.5,1,1,17,26,unroll_16,unroll_16,pipeline_1,2,11.25,0.428608409766,False
gemm_103.c,xczu7ev-ffvc1156-2-e,10,17.73893,357,1,1,6,15,unroll_16,unroll_16,unroll_4,1,5.75,0.191709968833,False
gemm_213.c,xczu7ev-ffvc1156-2-e,10,8.33605,41,1,1,2,4,unroll_16,unroll_2,pipeline_1,1,2,1,True
gemm_303.c,xczu7ev-ffvc1156-2-e,10,6.73861,436,1,1,17,21,unroll_16,unroll_2,unroll_64,1,10,0.55151599297,False
gemm_191.c,xczu7ev-ffvc1156-2-e,10,8.31685,1122,1,1,38,57,unroll_16,unroll_32,pipeline_1,1,24.25,0.217228485138,False
gemm_224.c,xczu7ev-ffvc1156-2-e,10,8.32581,71,1,1,5,7,unroll_16,unroll_4,pipeline_1,1,3.5,0.661331389086,False
gemm_115.c,xczu7ev-ffvc1156-2-e,10,9.63141,124.5,1,1,8.5,13.5,unroll_16,unroll_8,pipeline_1,2,6,0.552278180741,False
gemm_138.c,xczu7ev-ffvc1156-2-e,10,14.30085,827,1,1,5,16,unroll_16,unroll_8,unroll_16,1,5.75,0.327908362797,False
gemm_267.c,xczu7ev-ffvc1156-2-e,10,1.73125,3119,1,1,20,38,unroll_16,unroll_8,unroll_64,1,15,0.629718439578,False
gemm_150.c,xczu7ev-ffvc1156-2-e,10,15.44773,273,1,1,4,12,unroll_16,unroll_8,unroll_8,1,4.5,0.281809530802,False
gemm_118.c,xczu7ev-ffvc1156-2-e,10,1.52129,37,1,1,6,5,unroll_2,pipeline_1,pipeline_1,4,3.25,1,True
gemm_63.c,xczu7ev-ffvc1156-2-e,10,1.52129,40,1,1,6,5,unroll_2,pipeline_1,unroll_16,2,3.25,1,True
gemm_109.c,xczu7ev-ffvc1156-2-e,10,1.52129,40,1,1,6,5,unroll_2,pipeline_1,unroll_2,2,3.25,1,True
gemm_131.c,xczu7ev-ffvc1156-2-e,10,1.52129,43.5,1,1,6,5,unroll_2,pipeline_1,unroll_32,2,3.25,1,True
gemm_134.c,xczu7ev-ffvc1156-2-e,10,1.52129,38.5,1,1,6,5,unroll_2,pipeline_1,unroll_4,2,3.25,1,True
gemm_129.c,xczu7ev-ffvc1156-2-e,10,1.52129,40,1,1,6,5,unroll_2,pipeline_1,unroll_64,2,3.25,1,True
gemm_156.c,xczu7ev-ffvc1156-2-e,10,1.52129,37,1,1,6,5,unroll_2,pipeline_1,unroll_8,2,3.25,1,True
gemm_0.c,xczu7ev-ffvc1156-2-e,10,9.62913,38,1,1,2,3,unroll_2,unroll_16,pipeline_1,2,1.75,1,True
gemm_154.c,xczu7ev-ffvc1156-2-e,10,14.29857,108,1,1,1,8,unroll_2,unroll_16,unroll_16,1,2.75,0.341094628593,False
gemm_122.c,xczu7ev-ffvc1156-2-e,10,22.32673,34,1,1,1,3,unroll_2,unroll_16,unroll_2,1,1.5,0.105054823645,False
gemm_39.c,xczu7ev-ffvc1156-2-e,10,17.73921,43,1,1,1,3,unroll_2,unroll_16,unroll_4,1,1.5,0.196787783972,False
gemm_132.c,xczu7ev-ffvc1156-2-e,10,1.37057,311,1,2,4,14,unroll_2,unroll_16,unroll_64,1,5.25,1,True
gemm_218.c,xczu7ev-ffvc1156-2-e,10,15.44545,69,1,1,1,5,unroll_2,unroll_16,unroll_8,1,2,0.286091999024,False
gemm_211.c,xczu7ev-ffvc1156-2-e,10,9.64705,26.5,1,1,1,1,unroll_2,unroll_2,pipeline_1,2,1,0.637719343456,False
gemm_104.c,xczu7ev-ffvc1156-2-e,10,14.31649,34,1,1,1,2,unroll_2,unroll_2,unroll_16,1,1.25,0.340023152421,False
gemm_186.c,xczu7ev-ffvc1156-2-e,10,22.34465,24,1,1,1,1,unroll_2,unroll_2,unroll_2,1,1,0.104881341983,False
gemm_287.c,xczu7ev-ffvc1156-2-e,10,13.74305,40,1,1,1,3,unroll_2,unroll_2,unroll_32,1,1.5,0.370403585832,False
gemm_269.c,xczu7ev-ffvc1156-2-e,10,17.75713,26,1,1,1,1,unroll_2,unroll_2,unroll_4,1,1,0.195986018772,False
gemm_152.c,xczu7ev-ffvc1156-2-e,10,6.73889,50,1,1,2,5,unroll_2,unroll_2,unroll_64,1,2.25,1,True
gemm_79.c,xczu7ev-ffvc1156-2-e,10,15.46337,27,1,1,1,1,unroll_2,unroll_2,unroll_8,1,1,0.284664651824,False
gemm_121.c,xczu7ev-ffvc1156-2-e,10,9.62785,61.5,1,1,4,6,unroll_2,unroll_32,pipeline_1,2,3,0.616508165558,False
gemm_288.c,xczu7ev-ffvc1156-2-e,10,14.29729,246,1,1,2,10,unroll_2,unroll_32,unroll_16,1,3.5,0.339573236083,False
gemm_102.c,xczu7ev-ffvc1156-2-e,10,22.32545,48,1,1,1,4,unroll_2,unroll_32,unroll_2,1,1.75,0.105072230484,False
gemm_291.c,xczu7ev-ffvc1156-2-e,10,17.73793,66,1,1,1,6,unroll_2,unroll_32,unroll_4,1,2.25,0.197008238759,False
gemm_188.c,xczu7ev-ffvc1156-2-e,10,1.35137,856,1,3,5,20,unroll_2,unroll_32,unroll_64,1,7.25,1,True
gemm_272.c,xczu7ev-ffvc1156-2-e,10,15.44417,110,1,1,2,9,unroll_2,unroll_32,unroll_8,1,3.25,0.285281652108,False
gemm_212.c,xczu7ev-ffvc1156-2-e,10,9.63681,27.5,1,1,1,1,unroll_2,unroll_4,pipeline_1,2,1,1,True
gemm_286.c,xczu7ev-ffvc1156-2-e,10,14.30625,40,1,1,1,3,unroll_2,unroll_4,unroll_16,1,1.5,0.340672102177,False
gemm_277.c,xczu7ev-ffvc1156-2-e,10,22.33441,27,1,1,1,1,unroll_2,unroll_4,unroll_2,1,1,0.104956488306,False
gemm_270.c,xczu7ev-ffvc1156-2-e,10,13.73281,59,1,1,1,5,unroll_2,unroll_4,unroll_32,1,2,0.371424139695,False
gemm_254.c,xczu7ev-ffvc1156-2-e,10,17.74689,33,1,1,1,1,unroll_2,unroll_4,unroll_4,1,1,0.196318078754,False
gemm_233.c,xczu7ev-ffvc1156-2-e,10,3.40065,81,1,1,3,7,unroll_2,unroll_4,unroll_64,1,3,1,True
gemm_136.c,xczu7ev-ffvc1156-2-e,10,9.62593,128,1,1,8,13.5,unroll_2,unroll_64,pipeline_1,2,5.875,0.555279312192,False
gemm_19.c,xczu7ev-ffvc1156-2-e,10,14.29537,1006,1,1,4,25,unroll_2,unroll_64,unroll_16,1,7.75,0.310974724429,False
gemm_187.c,xczu7ev-ffvc1156-2-e,10,22.32353,79,1,1,3,9,unroll_2,unroll_64,unroll_2,1,3.5,0.105008045358,False
gemm_3.c,xczu7ev-ffvc1156-2-e,10,17.73601,142,1,1,3,13,unroll_2,unroll_64,unroll_4,1,4.5,0.194859533896,False
gemm_98.c,xczu7ev-ffvc1156-2-e,10,15.44225,294,1,1,3,17,unroll_2,unroll_64,unroll_8,1,5.5,0.277748233482,False
gemm_182.c,xczu7ev-ffvc1156-2-e,10,9.63169,32,1,1,1,1.5,unroll_2,unroll_8,pipeline_1,2,1.125,1,True
gemm_196.c,xczu7ev-ffvc1156-2-e,10,22.32929,29,1,1,1,1,unroll_2,unroll_8,unroll_2,1,1,0.104994276699,False
gemm_302.c,xczu7ev-ffvc1156-2-e,10,17.74177,33,1,1,1,2,unroll_2,unroll_8,unroll_4,1,1.25,0.196621926386,False
gemm_172.c,xczu7ev-ffvc1156-2-e,10,1.73153,124,1,1,3,10,unroll_2,unroll_8,unroll_64,1,3.75,0.966255449686,False
gemm_142.c,xczu7ev-ffvc1156-2-e,10,1.52069,314.5,1,1,92,65,unroll_32,pipeline_1,pipeline_1,4,39.75,0.100712730021,False
gemm_127.c,xczu7ev-ffvc1156-2-e,10,1.52069,332.5,1,1,92,65,unroll_32,pipeline_1,unroll_16,2,39.75,0.100712730021,False
gemm_173.c,xczu7ev-ffvc1156-2-e,10,1.52069,313,1,1,92,65,unroll_32,pipeline_1,unroll_2,2,39.75,0.100712730021,False
gemm_183.c,xczu7ev-ffvc1156-2-e,10,1.52069,332.5,1,1,92,65,unroll_32,pipeline_1,unroll_32,2,39.75,0.100712730021,False
gemm_234.c,xczu7ev-ffvc1156-2-e,10,1.52069,335,1,1,92,65,unroll_32,pipeline_1,unroll_4,2,39.75,0.100712730021,False
gemm_206.c,xczu7ev-ffvc1156-2-e,10,1.52069,364,1,1,92,65,unroll_32,pipeline_1,unroll_64,2,39.75,0.100712730021,False
gemm_160.c,xczu7ev-ffvc1156-2-e,10,1.52069,317,1,1,92,65,unroll_32,pipeline_1,unroll_8,2,39.75,0.100712730021,False
gemm_30.c,xczu7ev-ffvc1156-2-e,10,9.62883,1188,1,1,34.5,51,unroll_32,unroll_16,pipeline_1,2,21.875,0.219596610453,False
gemm_140.c,xczu7ev-ffvc1156-2-e,10,22.32643,478,1,1,12,22,unroll_32,unroll_16,unroll_2,1,9,0.102493876513,False
gemm_252.c,xczu7ev-ffvc1156-2-e,10,9.64675,67.5,1,1,4.5,7,unroll_32,unroll_2,pipeline_1,2,3.375,0.608210497495,False
gemm_279.c,xczu7ev-ffvc1156-2-e,10,14.31619,261,1,1,2,13,unroll_32,unroll_2,unroll_16,1,4.25,0.335871110026,False
gemm_204.c,xczu7ev-ffvc1156-2-e,10,22.34435,51,1,1,1,5,unroll_32,unroll_2,unroll_2,1,2,0.104943134449,False
gemm_278.c,xczu7ev-ffvc1156-2-e,10,17.75683,70,1,1,1,7,unroll_32,unroll_2,unroll_4,1,2.5,0.196365703364,False
gemm_237.c,xczu7ev-ffvc1156-2-e,10,6.73859,2034,1,1,34,32,unroll_32,unroll_2,unroll_64,1,17,0.399916649173,False
gemm_290.c,xczu7ev-ffvc1156-2-e,10,22.32515,1869,1,1,23,34,unroll_32,unroll_32,unroll_2,1,14.75,0.1,False
gemm_295.c,xczu7ev-ffvc1156-2-e,10,17.74659,133,1,1,3,11,unroll_32,unroll_4,unroll_4,1,4,0.195386622538,False
gemm_296.c,xczu7ev-ffvc1156-2-e,10,8.32067,315,1,1,19,30,unroll_32,unroll_8,pipeline_1,1,12.75,0.428261543131,False
gemm_244.c,xczu7ev-ffvc1156-2-e,10,22.32899,187,1,1,6,14,unroll_32,unroll_8,unroll_2,1,5.5,0.104390020599,False
gemm_117.c,xczu7ev-ffvc1156-2-e,10,1.52097,54.5,1,1,12,9,unroll_4,pipeline_1,pipeline_1,4,5.75,0.919226647337,False
gemm_128.c,xczu7ev-ffvc1156-2-e,10,1.52097,51.5,1,1,12,9,unroll_4,pipeline_1,unroll_16,2,5.75,0.919226647337,False
gemm_105.c,xczu7ev-ffvc1156-2-e,10,1.52097,56.5,1,1,12,9,unroll_4,pipeline_1,unroll_2,2,5.75,0.919226647337,False
gemm_51.c,xczu7ev-ffvc1156-2-e,10,1.52097,56.5,1,1,12,9,unroll_4,pipeline_1,unroll_32,2,5.75,0.919226647337,False
gemm_261.c,xczu7ev-ffvc1156-2-e,10,1.52097,50.5,1,1,12,9,unroll_4,pipeline_1,unroll_4,2,5.75,0.919226647337,False
gemm_59.c,xczu7ev-ffvc1156-2-e,10,1.52097,56,1,1,12,9,unroll_4,pipeline_1,unroll_64,2,5.75,0.919226647337,False
gemm_101.c,xczu7ev-ffvc1156-2-e,10,1.52097,55.5,1,1,12,9,unroll_4,pipeline_1,unroll_8,2,5.75,0.919226647337,False
gemm_215.c,xczu7ev-ffvc1156-2-e,10,9.62897,63,1,1,4,6,unroll_4,unroll_16,pipeline_1,2,3,0.616466069361,False
gemm_82.c,xczu7ev-ffvc1156-2-e,10,14.29841,246,1,1,2,10,unroll_4,unroll_16,unroll_16,1,3.5,0.339516405592,False
gemm_29.c,xczu7ev-ffvc1156-2-e,10,22.32657,49,1,1,1,4,unroll_4,unroll_16,unroll_2,1,1.75,0.105063885803,False
gemm_91.c,xczu7ev-ffvc1156-2-e,10,13.72497,856,1,1,3,13,unroll_4,unroll_16,unroll_32,1,4.5,0.364791168728,False
gemm_85.c,xczu7ev-ffvc1156-2-e,10,17.73905,65,1,1,1,6,unroll_4,unroll_16,unroll_4,1,2.25,0.196971730846,False
gemm_61.c,xczu7ev-ffvc1156-2-e,10,1.37041,811,1,2,7,21,unroll_4,unroll_16,unroll_64,1,7.75,0.870223065177,False
gemm_55.c,xczu7ev-ffvc1156-2-e,10,15.44529,122,1,1,2,9,unroll_4,unroll_16,unroll_8,1,3.25,0.28523141114,False
gemm_120.c,xczu7ev-ffvc1156-2-e,10,9.64689,25.5,1,1,1,1,unroll_4,unroll_2,pipeline_1,2,1,0.637731562534,False
gemm_168.c,xczu7ev-ffvc1156-2-e,10,14.31633,43,1,1,1,3,unroll_4,unroll_2,unroll_16,1,1.5,0.340155651247,False
gemm_195.c,xczu7ev-ffvc1156-2-e,10,22.34449,26,1,1,1,1,unroll_4,unroll_2,unroll_2,1,1,0.104882511731,False
gemm_107.c,xczu7ev-ffvc1156-2-e,10,13.74289,65,1,1,1,5,unroll_4,unroll_2,unroll_32,1,2,0.370875026744,False
gemm_178.c,xczu7ev-ffvc1156-2-e,10,6.73873,77,1,1,5,8,unroll_4,unroll_2,unroll_64,1,3.75,0.725087894076,False
gemm_90.c,xczu7ev-ffvc1156-2-e,10,15.46321,34,1,1,1,2,unroll_4,unroll_2,unroll_8,1,1.25,0.284887288526,False
gemm_12.c,xczu7ev-ffvc1156-2-e,10,9.62769,122,1,1,8,12.5,unroll_4,unroll_32,pipeline_1,2,5.625,0.560808678109,False
gemm_92.c,xczu7ev-ffvc1156-2-e,10,14.29713,912,1,1,5,15,unroll_4,unroll_32,unroll_16,1,5.5,0.329817014554,False
gemm_46.c,xczu7ev-ffvc1156-2-e,10,22.32529,79,1,1,3,7,unroll_4,unroll_32,unroll_2,1,3,0.10505926429,False
gemm_86.c,xczu7ev-ffvc1156-2-e,10,17.73777,128,1,1,3,10,unroll_4,unroll_32,unroll_4,1,3.75,0.196024940726,False
gemm_220.c,xczu7ev-ffvc1156-2-e,10,1.35121,2758,1,3,9,32,unroll_4,unroll_32,unroll_64,1,11.25,1,True
gemm_111.c,xczu7ev-ffvc1156-2-e,10,15.44401,300,1,1,3,12,unroll_4,unroll_32,unroll_8,1,4.25,0.282824963335,False
gemm_1.c,xczu7ev-ffvc1156-2-e,10,9.63665,33.5,1,1,1,1.5,unroll_4,unroll_4,pipeline_1,2,1.125,0.638693159077,False
gemm_197.c,xczu7ev-ffvc1156-2-e,10,3.40049,141,1,1,5,12,unroll_4,unroll_4,unroll_64,1,4.75,0.857349740983,False
gemm_161.c,xczu7ev-ffvc1156-2-e,10,9.62577,341.5,1,1,17,28,unroll_4,unroll_64,pipeline_1,2,11.75,0.416741832054,False
gemm_222.c,xczu7ev-ffvc1156-2-e,10,22.32337,201,1,1,5,17,unroll_4,unroll_64,unroll_2,1,6,0.104211395661,False
gemm_271.c,xczu7ev-ffvc1156-2-e,10,17.73585,356,1,1,6,21,unroll_4,unroll_64,unroll_4,1,7.25,0.18659366053,False
gemm_60.c,xczu7ev-ffvc1156-2-e,10,15.44209,1042,1,1,7,29,unroll_4,unroll_64,unroll_8,1,9.5,0.248885846342,False
gemm_151.c,xczu7ev-ffvc1156-2-e,10,9.63153,41.5,1,1,2,3.5,unroll_4,unroll_8,pipeline_1,2,1.875,0.638287005905,False
gemm_225.c,xczu7ev-ffvc1156-2-e,10,14.30097,124,1,1,1,8,unroll_4,unroll_8,unroll_16,1,2.75,0.340971658428,False
gemm_176.c,xczu7ev-ffvc1156-2-e,10,22.32913,35,1,1,1,3,unroll_4,unroll_8,unroll_2,1,1.5,0.105036981231,False
gemm_125.c,xczu7ev-ffvc1156-2-e,10,1.73137,271,1,1,5,15,unroll_4,unroll_8,unroll_64,1,5.5,0.921214692602,False
gemm_232.c,xczu7ev-ffvc1156-2-e,10,15.44785,67,1,1,1,5,unroll_4,unroll_8,unroll_8,1,2,0.285983670123,False
gemm_255.c,xczu7ev-ffvc1156-2-e,10,9.64672,145,1,1,8.5,14.5,unroll_64,unroll_2,pipeline_1,2,6.25,0.54609956598,False
gemm_94.c,xczu7ev-ffvc1156-2-e,10,22.34432,93,1,1,3,10,unroll_64,unroll_2,unroll_2,1,3.75,0.104811291647,False
gemm_112.c,xczu7ev-ffvc1156-2-e,10,10.9472,354,1,1,16,25,unroll_64,unroll_4,pipeline_1,1,10.75,0.399988477164,False
gemm_167.c,xczu7ev-ffvc1156-2-e,10,8.32064,1153,1,1,38,59,unroll_64,unroll_8,pipeline_1,1,24.75,0.209608164444,False
gemm_106.c,xczu7ev-ffvc1156-2-e,10,1.52081,81,1,1,23,18,unroll_8,pipeline_1,pipeline_1,4,10.75,0.79544873964,False
gemm_153.c,xczu7ev-ffvc1156-2-e,10,1.52081,87,1,1,23,18,unroll_8,pipeline_1,unroll_16,2,10.75,0.79544873964,False
gemm_171.c,xczu7ev-ffvc1156-2-e,10,1.52081,79,1,1,23,18,unroll_8,pipeline_1,unroll_2,2,10.75,0.79544873964,False
gemm_45.c,xczu7ev-ffvc1156-2-e,10,1.52081,92,1,1,23,18,unroll_8,pipeline_1,unroll_32,2,10.75,0.79544873964,False
gemm_163.c,xczu7ev-ffvc1156-2-e,10,1.52081,91,1,1,23,18,unroll_8,pipeline_1,unroll_4,2,10.75,0.79544873964,False
gemm_137.c,xczu7ev-ffvc1156-2-e,10,1.52081,99,1,1,23,18,unroll_8,pipeline_1,unroll_64,2,10.75,0.79544873964,False
gemm_124.c,xczu7ev-ffvc1156-2-e,10,1.52081,83.5,1,1,23,18,unroll_8,pipeline_1,unroll_8,2,10.75,0.79544873964,False
gemm_177.c,xczu7ev-ffvc1156-2-e,10,9.62889,117,1,1,8.5,13.5,unroll_8,unroll_16,pipeline_1,2,6,0.55236550367,False
gemm_34.c,xczu7ev-ffvc1156-2-e,10,14.29833,848,1,1,5,15,unroll_8,unroll_16,unroll_16,1,5.5,0.329759411405,False
gemm_110.c,xczu7ev-ffvc1156-2-e,10,22.32649,77,1,1,3,8,unroll_8,unroll_16,unroll_2,1,3.25,0.105022497531,False
gemm_116.c,xczu7ev-ffvc1156-2-e,10,13.72489,3532,1,1,7,21,unroll_8,unroll_16,unroll_32,1,7.5,0.338944493796,False
gemm_174.c,xczu7ev-ffvc1156-2-e,10,1.37033,2619,1,3,13,35,unroll_8,unroll_16,unroll_64,1,13,0.717018800535,False
gemm_44.c,xczu7ev-ffvc1156-2-e,10,15.44521,275,1,1,4,12,unroll_8,unroll_16,unroll_8,1,4.5,0.281920249104,False
gemm_165.c,xczu7ev-ffvc1156-2-e,10,9.64681,30.5,1,1,1,2,unroll_8,unroll_2,pipeline_1,2,1.25,0.636187964745,False
gemm_205.c,xczu7ev-ffvc1156-2-e,10,22.34441,30,1,1,1,2,unroll_8,unroll_2,unroll_2,1,1.25,0.104907844522,False
gemm_202.c,xczu7ev-ffvc1156-2-e,10,13.74281,106,1,1,1,9,unroll_8,unroll_2,unroll_32,1,3,0.369922500531,False
gemm_83.c,xczu7ev-ffvc1156-2-e,10,17.75689,32,1,1,1,2,unroll_8,unroll_2,unroll_4,1,1.25,0.196130937562,False
gemm_293.c,xczu7ev-ffvc1156-2-e,10,6.73865,160,1,1,9,15,unroll_8,unroll_2,unroll_64,1,6.5,0.653887464684,False
gemm_71.c,xczu7ev-ffvc1156-2-e,10,9.62761,345,1,1,17,26,unroll_8,unroll_32,pipeline_1,2,11.25,0.428641227885,False
gemm_36.c,xczu7ev-ffvc1156-2-e,10,22.32521,158,1,1,6,14,unroll_8,unroll_32,unroll_2,1,5.5,0.10441610053,False
gemm_264.c,xczu7ev-ffvc1156-2-e,10,17.73769,370,1,1,6,15,unroll_8,unroll_32,unroll_4,1,5.75,0.191748563869,False
gemm_126.c,xczu7ev-ffvc1156-2-e,10,9.63657,40.5,1,1,2,3.5,unroll_8,unroll_4,pipeline_1,2,1.875,0.638080194337,False
gemm_263.c,xczu7ev-ffvc1156-2-e,10,3.40041,364,1,1,9,18,unroll_8,unroll_4,unroll_64,1,7.25,0.772303965151,False
gemm_189.c,xczu7ev-ffvc1156-2-e,10,9.62569,1143.5,1,1,34,54,unroll_8,unroll_64,pipeline_1,2,22.5,0.211441910974,False
gemm_285.c,xczu7ev-ffvc1156-2-e,10,22.32329,567,1,1,11,28,unroll_8,unroll_64,unroll_2,1,10.25,0.101726248005,False
gemm_17.c,xczu7ev-ffvc1156-2-e,10,17.73577,1583,1,1,12,36,unroll_8,unroll_64,unroll_4,1,12.5,0.159060312398,False
gemm_144.c,xczu7ev-ffvc1156-2-e,10,9.63145,60.5,1,1,4,6.5,unroll_8,unroll_8,pipeline_1,2,3.125,0.613859478206,False
gemm_289.c,xczu7ev-ffvc1156-2-e,10,14.30089,253,1,1,2,11,unroll_8,unroll_8,unroll_16,1,3.75,0.338598893699,False
gemm_299.c,xczu7ev-ffvc1156-2-e,10,13.72745,809,1,1,3,14,unroll_8,unroll_8,unroll_32,1,4.75,0.363145559337,False
gemm_193.c,xczu7ev-ffvc1156-2-e,10,17.74153,66,1,1,1,6,unroll_8,unroll_8,unroll_4,1,2.25,0.196890916331,False
gemm_147.c,xczu7ev-ffvc1156-2-e,10,1.73129,811,1,1,10,23,unroll_8,unroll_8,unroll_64,1,8.75,0.817394280168,False
