Version,Device,Clock_Period_nsec,Latency_msec,Synthesis_Time_sec,BRAM_Utilization_percentage,DSP_Utilization_percentage,FF_Utilization_percentage,LUT_Utilization_percentage,OuterLoop_1,InnerLoop_1_1,InnerLoop_2_1,InnerLoop_3_1,Replicate_Count,Area,Weight,is_pareto
stencil_1217.c,xcu200-fsgd2104-2-e,3.33,0.04032297,55,1,1,1,1,pipeline_1,pipeline_1,pipeline_1,pipeline_1,12,1,0.999992320709,False
stencil_1209.c,xcu200-fsgd2104-2-e,3.33,0.04032297,51,1,1,1,1,pipeline_1,pipeline_1,pipeline_1,unroll_3,8,1,0.999992320709,False
stencil_1233.c,xcu200-fsgd2104-2-e,3.33,0.04037292,55,1,1,1,1,pipeline_1,pipeline_1,unroll_3,pipeline_1,5,1,0.999877135268,False
stencil_1246.c,xcu200-fsgd2104-2-e,3.33,0.04037292,56,1,1,1,1,pipeline_1,pipeline_1,unroll_3,unroll_3,4,1,0.999877135268,False
stencil_1218.c,xcu200-fsgd2104-2-e,3.33,0.04037292,58.5,1,1,1,1,pipeline_1,unroll_16,unroll_3,pipeline_1,2,1,0.999877135268,False
stencil_1210.c,xcu200-fsgd2104-2-e,3.33,0.04037292,57,1,1,1,1,pipeline_1,unroll_16,unroll_3,unroll_3,1,1,0.999877135268,False
stencil_1228.c,xcu200-fsgd2104-2-e,3.33,0.04032297,52,1,1,1,1,pipeline_1,unroll_2,pipeline_1,pipeline_1,2,1,0.999992320709,False
stencil_1216.c,xcu200-fsgd2104-2-e,3.33,0.04032297,55,1,1,1,1,pipeline_1,unroll_2,pipeline_1,unroll_3,2,1,0.999992320709,False
stencil_1234.c,xcu200-fsgd2104-2-e,3.33,0.04037292,53,1,1,1,1,pipeline_1,unroll_2,unroll_3,pipeline_1,1,1,0.999877135268,False
stencil_1411.c,xcu200-fsgd2104-2-e,3.33,0.04037292,50,1,1,1,1,pipeline_1,unroll_2,unroll_3,unroll_3,1,1,0.999877135268,False
stencil_1221.c,xcu200-fsgd2104-2-e,3.33,0.04032297,54.5,1,1,1,1,pipeline_1,unroll_4,pipeline_1,pipeline_1,2,1,0.999992320709,False
stencil_1248.c,xcu200-fsgd2104-2-e,3.33,0.04032297,53,1,1,1,1,pipeline_1,unroll_4,pipeline_1,unroll_3,1,1,0.999992320709,False
stencil_1260.c,xcu200-fsgd2104-2-e,3.33,0.04037292,52,1,1,1,1,pipeline_1,unroll_4,unroll_3,pipeline_1,1,1,0.999877135268,False
stencil_1272.c,xcu200-fsgd2104-2-e,3.33,0.04032297,61,1,1,1,1,pipeline_1,unroll_62,pipeline_1,pipeline_1,5,1,0.999992320709,False
stencil_1261.c,xcu200-fsgd2104-2-e,3.33,0.04031964,49,1,1,1,1,pipeline_1,unroll_62,pipeline_1,unroll_3,4,1,1,True
stencil_1229.c,xcu200-fsgd2104-2-e,3.33,0.04037292,58,1,1,1,1,pipeline_1,unroll_62,unroll_3,pipeline_1,3,1,0.999877135268,False
stencil_1227.c,xcu200-fsgd2104-2-e,3.33,0.04031964,50,1,1,1,1,pipeline_1,unroll_62,unroll_3,unroll_3,2,1,1,True
stencil_1326.c,xcu200-fsgd2104-2-e,3.33,0.04032297,55,1,1,1,1,pipeline_1,unroll_8,pipeline_1,pipeline_1,1,1,0.999992320709,False
stencil_1245.c,xcu200-fsgd2104-2-e,3.33,0.04032297,53.5,1,1,1,1,pipeline_1,unroll_8,pipeline_1,unroll_3,2,1,0.999992320709,False
stencil_1265.c,xcu200-fsgd2104-2-e,3.33,0.04037292,52,1,1,1,1,pipeline_1,unroll_8,unroll_3,pipeline_1,2,1,0.999877135268,False
stencil_1219.c,xcu200-fsgd2104-2-e,3.33,0.04037292,53,1,1,1,1,pipeline_1,unroll_8,unroll_3,unroll_3,1,1,0.999877135268,False
stencil_1284.c,xcu200-fsgd2104-2-e,3.33,0.11871117,41,1,1,1,1,unroll_16,pipeline_1,pipeline_1,pipeline_1,8,1,0.82829944159,False
stencil_1386.c,xcu200-fsgd2104-2-e,3.33,0.11871117,39.5,1,1,1,1,unroll_16,pipeline_1,pipeline_1,unroll_3,4,1,0.82829944159,False
stencil_1343.c,xcu200-fsgd2104-2-e,3.33,0.11871117,38,1,1,1,1,unroll_16,pipeline_1,unroll_3,pipeline_1,4,1,0.82829944159,False
stencil_1387.c,xcu200-fsgd2104-2-e,3.33,0.11871117,40.5,1,1,1,1,unroll_16,pipeline_1,unroll_3,unroll_3,2,1,0.82829944159,False
stencil_1278.c,xcu200-fsgd2104-2-e,3.33,0.65656611,2214,1,1,7,13,unroll_16,unroll_16,unroll_3,pipeline_1,1,5.5,0.118763111328,False
stencil_1257.c,xcu200-fsgd2104-2-e,3.33,0.36717579,46,1,1,1,1,unroll_16,unroll_2,pipeline_1,pipeline_1,1,1,0.404059164603,False
stencil_1431.c,xcu200-fsgd2104-2-e,3.33,0.36717579,42,1,1,1,1,unroll_16,unroll_2,pipeline_1,unroll_3,1,1,0.404059164603,False
stencil_1426.c,xcu200-fsgd2104-2-e,3.33,0.19789524,37,1,1,1,1,unroll_16,unroll_2,unroll_3,unroll_3,1,1,0.673295305813,False
stencil_1396.c,xcu200-fsgd2104-2-e,3.33,0.0391608,750,1,10,4,15,unroll_16,unroll_62,unroll_3,unroll_3,1,7.5,1,True
stencil_1236.c,xcu200-fsgd2104-2-e,3.33,0.33736563,149,1,1,2,5,unroll_16,unroll_8,pipeline_1,unroll_3,1,2.25,0.421105244907,False
stencil_1256.c,xcu200-fsgd2104-2-e,3.33,0.15224094,111,1,1,1,2,unroll_16,unroll_8,unroll_3,unroll_3,1,1.25,0.756712778739,False
stencil_1232.c,xcu200-fsgd2104-2-e,3.33,0.13365621,25,1,1,1,1,unroll_2,pipeline_1,pipeline_1,pipeline_1,3,1,0.797626038489,False
stencil_1399.c,xcu200-fsgd2104-2-e,3.33,0.13365621,25,1,1,1,1,unroll_2,pipeline_1,pipeline_1,unroll_3,1,1,0.797626038489,False
stencil_1203.c,xcu200-fsgd2104-2-e,3.33,0.13365621,27,1,1,1,1,unroll_2,pipeline_1,unroll_3,pipeline_1,3,1,0.797626038489,False
stencil_1250.c,xcu200-fsgd2104-2-e,3.33,0.29559744,47,1,1,1,1,unroll_2,unroll_16,pipeline_1,unroll_3,1,1,0.507571671353,False
stencil_1215.c,xcu200-fsgd2104-2-e,3.33,0.6425901,78,1,1,1,1,unroll_2,unroll_16,unroll_3,pipeline_1,1,1,0.146946484805,False
stencil_1202.c,xcu200-fsgd2104-2-e,3.33,0.36482814,24,1,1,1,1,unroll_2,unroll_2,pipeline_1,pipeline_1,1,1,0.407214105277,False
stencil_1214.c,xcu200-fsgd2104-2-e,3.33,0.36482814,27,1,1,1,1,unroll_2,unroll_2,pipeline_1,unroll_3,1,1,0.407214105277,False
stencil_1283.c,xcu200-fsgd2104-2-e,3.33,0.80706546,30,1,1,1,1,unroll_2,unroll_2,unroll_3,pipeline_1,1,1,0.100281052975,False
stencil_1208.c,xcu200-fsgd2104-2-e,3.33,0.36105192,26,1,1,1,1,unroll_2,unroll_4,pipeline_1,pipeline_1,1,1,0.412323022374,False
stencil_1237.c,xcu200-fsgd2104-2-e,3.33,0.7999326,562,1,1,3,6,unroll_2,unroll_62,unroll_3,pipeline_1,1,2.75,0.100081495864,False
stencil_1263.c,xcu200-fsgd2104-2-e,3.33,0.33755544,34,1,1,1,1,unroll_2,unroll_8,pipeline_1,unroll_3,1,1,0.445058478288,False
stencil_1212.c,xcu200-fsgd2104-2-e,3.33,0.10187469,59.5,1,1,1,2,unroll_32,pipeline_1,pipeline_1,pipeline_1,8,1.25,0.856568549427,False
stencil_1259.c,xcu200-fsgd2104-2-e,3.33,0.10187469,60.5,1,1,1,2,unroll_32,pipeline_1,pipeline_1,unroll_3,4,1.25,0.856568549427,False
stencil_1225.c,xcu200-fsgd2104-2-e,3.33,0.10187469,54,1,1,1,2,unroll_32,pipeline_1,unroll_3,pipeline_1,4,1.25,0.856568549427,False
stencil_1338.c,xcu200-fsgd2104-2-e,3.33,0.10187469,63,1,1,1,2,unroll_32,pipeline_1,unroll_3,unroll_3,2,1.25,0.856568549427,False
stencil_1239.c,xcu200-fsgd2104-2-e,3.33,0.29787183,1212,1,1,8,21,unroll_32,unroll_16,pipeline_1,pipeline_1,1,7.75,0.275767131159,False
stencil_1276.c,xcu200-fsgd2104-2-e,3.33,0.29787183,1405,1,1,8,21,unroll_32,unroll_16,pipeline_1,unroll_3,1,7.75,0.275767131159,False
stencil_1342.c,xcu200-fsgd2104-2-e,3.33,0.36721575,83,1,1,1,2,unroll_32,unroll_2,pipeline_1,pipeline_1,1,1.25,0.403141474335,False
stencil_1435.c,xcu200-fsgd2104-2-e,3.33,0.36721575,67,1,1,1,2,unroll_32,unroll_2,pipeline_1,unroll_3,1,1.25,0.403141474335,False
stencil_1231.c,xcu200-fsgd2104-2-e,3.33,0.81977607,196,1,1,1,3,unroll_32,unroll_2,unroll_3,pipeline_1,2,1.5,0.1,False
stencil_1224.c,xcu200-fsgd2104-2-e,3.33,0.36068895,149,1,1,2,5,unroll_32,unroll_4,pipeline_1,pipeline_1,1,2.25,0.39134743664,False
stencil_1254.c,xcu200-fsgd2104-2-e,3.33,0.36068895,152,1,1,2,5,unroll_32,unroll_4,pipeline_1,unroll_3,1,2.25,0.39134743664,False
stencil_1395.c,xcu200-fsgd2104-2-e,3.33,0.18622026,112,1,1,1,2,unroll_32,unroll_4,unroll_3,unroll_3,1,1.25,0.692288144547,False
stencil_1352.c,xcu200-fsgd2104-2-e,3.33,0.03893436,2772,1,10,5,26,unroll_32,unroll_62,unroll_3,unroll_3,1,10.5,1,True
stencil_1315.c,xcu200-fsgd2104-2-e,3.33,0.33804495,419,1,1,4,10,unroll_32,unroll_8,pipeline_1,pipeline_1,1,4,0.367835640838,False
stencil_1300.c,xcu200-fsgd2104-2-e,3.33,0.13133853,29,1,1,1,1,unroll_4,pipeline_1,pipeline_1,pipeline_1,8,1,0.80233964302,False
stencil_1320.c,xcu200-fsgd2104-2-e,3.33,0.13133853,26,1,1,1,1,unroll_4,pipeline_1,pipeline_1,unroll_3,2,1,0.80233964302,False
stencil_1213.c,xcu200-fsgd2104-2-e,3.33,0.13133853,26.5,1,1,1,1,unroll_4,pipeline_1,unroll_3,pipeline_1,4,1,0.80233964302,False
stencil_1400.c,xcu200-fsgd2104-2-e,3.33,0.13133853,25.5,1,1,1,1,unroll_4,pipeline_1,unroll_3,unroll_3,2,1,0.80233964302,False
stencil_1306.c,xcu200-fsgd2104-2-e,3.33,0.65324943,201,1,1,1,3,unroll_4,unroll_16,unroll_3,pipeline_1,1,1.5,0.140821417693,False
stencil_1274.c,xcu200-fsgd2104-2-e,3.33,0.33374592,353,1,1,3,9,unroll_4,unroll_62,pipeline_1,pipeline_1,1,3.5,0.376905968345,False
stencil_1277.c,xcu200-fsgd2104-2-e,3.33,0.78011244,1955,1,1,6,12,unroll_4,unroll_62,unroll_3,pipeline_1,1,5,0.100036052561,False
stencil_1412.c,xcu200-fsgd2104-2-e,3.33,0.04051944,110,1,9,2,5,unroll_4,unroll_62,unroll_3,unroll_3,1,4.25,0.624039268827,False
stencil_1206.c,xcu200-fsgd2104-2-e,3.33,0.33692607,43,1,1,1,1,unroll_4,unroll_8,pipeline_1,pipeline_1,1,1,0.445957751507,False
stencil_1235.c,xcu200-fsgd2104-2-e,3.33,0.06820173,108.5,1,1,1,4,unroll_64,pipeline_1,pipeline_1,pipeline_1,8,1.75,0.85073685135,False
stencil_1223.c,xcu200-fsgd2104-2-e,3.33,0.06820173,108.5,1,1,1,4,unroll_64,pipeline_1,pipeline_1,unroll_3,4,1.75,0.85073685135,False
stencil_1311.c,xcu200-fsgd2104-2-e,3.33,0.06820173,109.5,1,1,1,4,unroll_64,pipeline_1,unroll_3,pipeline_1,4,1.75,0.85073685135,False
stencil_1367.c,xcu200-fsgd2104-2-e,3.33,0.06820173,108.5,1,1,1,4,unroll_64,pipeline_1,unroll_3,unroll_3,2,1.75,0.85073685135,False
stencil_1312.c,xcu200-fsgd2104-2-e,3.33,0.36731565,176,1,1,2,4,unroll_64,unroll_2,pipeline_1,pipeline_1,1,2,0.390394278588,False
stencil_1226.c,xcu200-fsgd2104-2-e,3.33,0.36731565,148,1,1,2,4,unroll_64,unroll_2,pipeline_1,unroll_3,1,2,0.390394278588,False
stencil_1267.c,xcu200-fsgd2104-2-e,3.33,0.19865448,103,1,1,1,2,unroll_64,unroll_2,unroll_3,unroll_3,1,1.25,0.669460441301,False
stencil_1268.c,xcu200-fsgd2104-2-e,3.33,0.36121509,448,1,1,4,11,unroll_64,unroll_4,pipeline_1,pipeline_1,2,4.25,0.339878106955,False
stencil_1240.c,xcu200-fsgd2104-2-e,3.33,0.33942357,1335,1,1,8,21,unroll_64,unroll_8,pipeline_1,unroll_3,1,7.75,0.246493786028,False
stencil_1204.c,xcu200-fsgd2104-2-e,3.33,0.12712941,30,1,1,1,1,unroll_8,pipeline_1,pipeline_1,pipeline_1,8,1,0.810940565344,False
stencil_1330.c,xcu200-fsgd2104-2-e,3.33,0.12712941,32.5,1,1,1,1,unroll_8,pipeline_1,pipeline_1,unroll_3,4,1,0.810940565344,False
stencil_1282.c,xcu200-fsgd2104-2-e,3.33,0.12712941,31,1,1,1,1,unroll_8,pipeline_1,unroll_3,pipeline_1,4,1,0.810940565344,False
stencil_1211.c,xcu200-fsgd2104-2-e,3.33,0.12712941,31,1,1,1,1,unroll_8,pipeline_1,unroll_3,unroll_3,2,1,0.810940565344,False
stencil_1251.c,xcu200-fsgd2104-2-e,3.33,0.13511142,109,1,2,1,2,unroll_8,unroll_16,unroll_3,unroll_3,1,1.5,0.777509201359,False
stencil_1243.c,xcu200-fsgd2104-2-e,3.33,0.36717579,32.5,1,1,1,1,unroll_8,unroll_2,pipeline_1,pipeline_1,2,1,0.404059164603,False
stencil_1252.c,xcu200-fsgd2104-2-e,3.33,0.36717579,35,1,1,1,1,unroll_8,unroll_2,pipeline_1,unroll_3,1,1,0.404059164603,False
stencil_1207.c,xcu200-fsgd2104-2-e,3.33,0.36032931,43,1,1,1,1,unroll_8,unroll_4,pipeline_1,unroll_3,2,1,0.413305457041,False
stencil_1238.c,xcu200-fsgd2104-2-e,3.33,0.3246084,1228,1,1,7,18,unroll_8,unroll_62,pipeline_1,pipeline_1,3,6.75,0.290134881701,False
stencil_1378.c,xcu200-fsgd2104-2-e,3.33,0.3246084,1257.5,1,1,7,17,unroll_8,unroll_62,pipeline_1,unroll_3,2,6.5,0.297044350174,False
stencil_1351.c,xcu200-fsgd2104-2-e,3.33,0.03961368,247,1,9,3,9,unroll_8,unroll_62,unroll_3,unroll_3,1,5.5,1,True
stencil_1017.c,xcu200-fsgd2104-2-e,5,0.06053,47,1,1,1,1,pipeline_1,pipeline_1,pipeline_1,pipeline_1,15,1,1,True
stencil_1008.c,xcu200-fsgd2104-2-e,5,0.06053,47,1,1,1,1,pipeline_1,pipeline_1,pipeline_1,unroll_3,8,1,1,True
stencil_1033.c,xcu200-fsgd2104-2-e,5,0.06053,47.5,1,1,1,1,pipeline_1,pipeline_1,unroll_3,pipeline_1,8,1,1,True
stencil_1072.c,xcu200-fsgd2104-2-e,5,0.06053,48,1,1,1,1,pipeline_1,pipeline_1,unroll_3,unroll_3,4,1,1,True
stencil_1054.c,xcu200-fsgd2104-2-e,5,0.06053,47,1,1,1,1,pipeline_1,unroll_16,pipeline_1,pipeline_1,8,1,1,True
stencil_1141.c,xcu200-fsgd2104-2-e,5,0.06053,46,1,1,1,1,pipeline_1,unroll_16,pipeline_1,unroll_3,4,1,1,True
stencil_1018.c,xcu200-fsgd2104-2-e,5,0.06053,47.5,1,1,1,1,pipeline_1,unroll_16,unroll_3,pipeline_1,4,1,1,True
stencil_1006.c,xcu200-fsgd2104-2-e,5,0.06053,46.5,1,1,1,1,pipeline_1,unroll_16,unroll_3,unroll_3,2,1,1,True
stencil_1028.c,xcu200-fsgd2104-2-e,5,0.06053,47,1,1,1,1,pipeline_1,unroll_2,pipeline_1,pipeline_1,8,1,1,True
stencil_1014.c,xcu200-fsgd2104-2-e,5,0.06053,48,1,1,1,1,pipeline_1,unroll_2,pipeline_1,unroll_3,4,1,1,True
stencil_1034.c,xcu200-fsgd2104-2-e,5,0.06053,49,1,1,1,1,pipeline_1,unroll_2,unroll_3,pipeline_1,4,1,1,True
stencil_1110.c,xcu200-fsgd2104-2-e,5,0.06053,48,1,1,1,1,pipeline_1,unroll_2,unroll_3,unroll_3,2,1,1,True
stencil_1021.c,xcu200-fsgd2104-2-e,5,0.06053,46,1,1,1,1,pipeline_1,unroll_4,pipeline_1,pipeline_1,8,1,1,True
stencil_1047.c,xcu200-fsgd2104-2-e,5,0.06053,50,1,1,1,1,pipeline_1,unroll_4,pipeline_1,unroll_3,4,1,1,True
stencil_1101.c,xcu200-fsgd2104-2-e,5,0.06053,47,1,1,1,1,pipeline_1,unroll_4,unroll_3,pipeline_1,4,1,1,True
stencil_1145.c,xcu200-fsgd2104-2-e,5,0.06053,48,1,1,1,1,pipeline_1,unroll_4,unroll_3,unroll_3,2,1,1,True
stencil_1074.c,xcu200-fsgd2104-2-e,5,0.06053,49.5,1,1,1,1,pipeline_1,unroll_62,pipeline_1,pipeline_1,8,1,1,True
stencil_1129.c,xcu200-fsgd2104-2-e,5,0.06053,51,1,1,1,1,pipeline_1,unroll_62,pipeline_1,unroll_3,4,1,1,True
stencil_1030.c,xcu200-fsgd2104-2-e,5,0.06053,57,1,1,1,1,pipeline_1,unroll_62,unroll_3,pipeline_1,4,1,1,True
stencil_1027.c,xcu200-fsgd2104-2-e,5,0.06053,55,1,1,1,1,pipeline_1,unroll_62,unroll_3,unroll_3,2,1,1,True
stencil_1086.c,xcu200-fsgd2104-2-e,5,0.06053,45.5,1,1,1,1,pipeline_1,unroll_8,pipeline_1,pipeline_1,8,1,1,True
stencil_1052.c,xcu200-fsgd2104-2-e,5,0.06053,46.5,1,1,1,1,pipeline_1,unroll_8,pipeline_1,unroll_3,4,1,1,True
stencil_1070.c,xcu200-fsgd2104-2-e,5,0.06053,48,1,1,1,1,pipeline_1,unroll_8,unroll_3,pipeline_1,4,1,1,True
stencil_1019.c,xcu200-fsgd2104-2-e,5,0.06053,50,1,1,1,1,pipeline_1,unroll_8,unroll_3,unroll_3,2,1,1,True
stencil_1084.c,xcu200-fsgd2104-2-e,5,0.177125,39,1,6,1,1,unroll_16,pipeline_1,pipeline_1,pipeline_1,1,2.25,0.801388242067,False
stencil_1051.c,xcu200-fsgd2104-2-e,5,0.177125,42,1,6,1,1,unroll_16,pipeline_1,pipeline_1,unroll_3,1,2.25,0.801388242067,False
stencil_1117.c,xcu200-fsgd2104-2-e,5,0.391195,374,1,22,3,10,unroll_16,unroll_16,pipeline_1,pipeline_1,1,9,0.329591635099,False
stencil_1115.c,xcu200-fsgd2104-2-e,5,0.391195,385,1,22,3,10,unroll_16,unroll_16,pipeline_1,unroll_3,1,9,0.329591635099,False
stencil_1075.c,xcu200-fsgd2104-2-e,5,0.473995,77,1,5,1,2,unroll_16,unroll_4,pipeline_1,unroll_3,1,2.25,0.475320914529,False
stencil_1036.c,xcu200-fsgd2104-2-e,5,0.443835,151,1,11,1,5,unroll_16,unroll_8,pipeline_1,unroll_3,1,4.5,0.458051074289,False
stencil_1032.c,xcu200-fsgd2104-2-e,5,0.19911,25,1,1,1,1,unroll_2,pipeline_1,pipeline_1,pipeline_1,1,1,0.802074928379,False
stencil_1066.c,xcu200-fsgd2104-2-e,5,0.19911,26.5,1,1,1,1,unroll_2,pipeline_1,pipeline_1,unroll_3,2,1,0.802074928379,False
stencil_1002.c,xcu200-fsgd2104-2-e,5,0.19911,25,1,1,1,1,unroll_2,pipeline_1,unroll_3,pipeline_1,3,1,0.802074928379,False
stencil_1082.c,xcu200-fsgd2104-2-e,5,0.19911,26,1,1,1,1,unroll_2,pipeline_1,unroll_3,unroll_3,2,1,0.802074928379,False
stencil_1201.c,xcu200-fsgd2104-2-e,5,0.38336,39,1,2,1,1,unroll_2,unroll_16,pipeline_1,pipeline_1,1,1.25,0.576542396283,False
stencil_1063.c,xcu200-fsgd2104-2-e,5,0.38336,43,1,2,1,1,unroll_2,unroll_16,pipeline_1,unroll_3,1,1.25,0.576542396283,False
stencil_1016.c,xcu200-fsgd2104-2-e,5,0.87224,73,1,4,1,1,unroll_2,unroll_16,unroll_3,pipeline_1,1,1.75,0.189259844513,False
stencil_1058.c,xcu200-fsgd2104-2-e,5,0.1884,39,1,1,1,1,unroll_2,unroll_16,unroll_3,unroll_3,1,1,0.816496135204,False
stencil_1003.c,xcu200-fsgd2104-2-e,5,0.4892,25,1,1,1,1,unroll_2,unroll_2,pipeline_1,pipeline_1,1,1,0.467228968976,False
stencil_1015.c,xcu200-fsgd2104-2-e,5,0.4892,25.5,1,1,1,1,unroll_2,unroll_2,pipeline_1,unroll_3,2,1,0.467228968976,False
stencil_1060.c,xcu200-fsgd2104-2-e,5,1.0751,27.5,1,1,1,1,unroll_2,unroll_2,unroll_3,pipeline_1,2,1,0.118936968746,False
stencil_1010.c,xcu200-fsgd2104-2-e,5,0.46652,26,1,1,1,1,unroll_2,unroll_4,pipeline_1,pipeline_1,2,1,0.489532185156,False
stencil_1068.c,xcu200-fsgd2104-2-e,5,0.46652,28.5,1,1,1,1,unroll_2,unroll_4,pipeline_1,unroll_3,2,1,0.489532185156,False
stencil_1188.c,xcu200-fsgd2104-2-e,5,0.46904,133.5,1,10,1,4,unroll_2,unroll_62,pipeline_1,pipeline_1,2,4,0.44946700579,False
stencil_1198.c,xcu200-fsgd2104-2-e,5,0.46904,134,1,10,1,4,unroll_2,unroll_62,pipeline_1,unroll_3,1,4,0.44946700579,False
stencil_1037.c,xcu200-fsgd2104-2-e,5,1.05494,514,1,16,2,5,unroll_2,unroll_62,unroll_3,pipeline_1,1,6,0.113819284514,False
stencil_1199.c,xcu200-fsgd2104-2-e,5,0.9806,39,1,2,1,1,unroll_2,unroll_8,unroll_3,pipeline_1,1,1.25,0.145393402441,False
stencil_1140.c,xcu200-fsgd2104-2-e,5,0.20226,29,1,1,1,1,unroll_2,unroll_8,unroll_3,unroll_3,1,1,0.7978612985,False
stencil_1011.c,xcu200-fsgd2104-2-e,5,0.152005,58.5,1,12,1,2,unroll_32,pipeline_1,pipeline_1,pipeline_1,4,4,0.717521650445,False
stencil_1024.c,xcu200-fsgd2104-2-e,5,0.152005,62,1,12,1,2,unroll_32,pipeline_1,unroll_3,pipeline_1,3,4,0.717521650445,False
stencil_1039.c,xcu200-fsgd2104-2-e,5,0.393495,1245,1,44,6,21,unroll_32,unroll_16,pipeline_1,pipeline_1,2,18,0.106755540508,False
stencil_1119.c,xcu200-fsgd2104-2-e,5,0.393495,1205,1,44,6,21,unroll_32,unroll_16,pipeline_1,unroll_3,1,18,0.106755540508,False
stencil_1118.c,xcu200-fsgd2104-2-e,5,0.20189,731,1,1,1,6,unroll_32,unroll_16,unroll_3,unroll_3,1,2.25,0.77311941597,False
stencil_1059.c,xcu200-fsgd2104-2-e,5,0.496815,71,1,5,1,2,unroll_32,unroll_2,pipeline_1,pipeline_1,1,2.25,0.453639114214,False
stencil_1029.c,xcu200-fsgd2104-2-e,5,1.092015,194,1,8,1,3,unroll_32,unroll_2,unroll_3,pipeline_1,1,3.25,0.113665242201,False
stencil_1026.c,xcu200-fsgd2104-2-e,5,0.474375,168,1,11,1,5,unroll_32,unroll_4,pipeline_1,pipeline_1,1,4.5,0.432732393775,False
stencil_1078.c,xcu200-fsgd2104-2-e,5,0.444855,381,1,22,3,11,unroll_32,unroll_8,pipeline_1,pipeline_1,2,9.25,0.297288399876,False
stencil_1042.c,xcu200-fsgd2104-2-e,5,0.195965,27,1,1,1,1,unroll_4,pipeline_1,pipeline_1,pipeline_1,1,1,0.806294522294,False
stencil_1013.c,xcu200-fsgd2104-2-e,5,0.195965,25,1,1,1,1,unroll_4,pipeline_1,unroll_3,pipeline_1,1,1,0.806294522294,False
stencil_1183.c,xcu200-fsgd2104-2-e,5,0.473815,32,1,1,1,1,unroll_4,unroll_4,pipeline_1,pipeline_1,1,1,0.48228665121,False
stencil_1080.c,xcu200-fsgd2104-2-e,5,1.04176,1844,1,32,4,11,unroll_4,unroll_62,unroll_3,pipeline_1,1,12,0.1,False
stencil_1007.c,xcu200-fsgd2104-2-e,5,0.443175,45,1,2,1,1,unroll_4,unroll_8,pipeline_1,pipeline_1,1,1.25,0.512867194459,False
stencil_1035.c,xcu200-fsgd2104-2-e,5,0.101765,104,1,25,1,4,unroll_64,pipeline_1,pipeline_1,pipeline_1,3,7.75,0.48392369038,False
stencil_1023.c,xcu200-fsgd2104-2-e,5,0.101765,104,1,25,1,4,unroll_64,pipeline_1,pipeline_1,unroll_3,2,7.75,0.48392369038,False
stencil_1025.c,xcu200-fsgd2104-2-e,5,0.496965,147,1,11,1,5,unroll_64,unroll_2,pipeline_1,unroll_3,1,4.5,0.414356393744,False
stencil_1077.c,xcu200-fsgd2104-2-e,5,0.475165,398,1,22,3,11,unroll_64,unroll_4,pipeline_1,pipeline_1,1,9.25,0.284092541107,False
stencil_1076.c,xcu200-fsgd2104-2-e,5,0.24169,238,1,1,1,3,unroll_64,unroll_4,unroll_3,unroll_3,1,1.5,0.742952114405,False
stencil_1040.c,xcu200-fsgd2104-2-e,5,0.446925,1347,1,44,6,21,unroll_64,unroll_8,pipeline_1,unroll_3,1,18,0.104641995127,False
stencil_1004.c,xcu200-fsgd2104-2-e,5,0.189685,33,1,3,1,1,unroll_8,pipeline_1,pipeline_1,pipeline_1,2,1.5,0.810014380287,False
stencil_1012.c,xcu200-fsgd2104-2-e,5,0.189685,34,1,3,1,1,unroll_8,pipeline_1,unroll_3,unroll_3,1,1.5,0.810014380287,False
stencil_1067.c,xcu200-fsgd2104-2-e,5,0.496755,31,1,1,1,1,unroll_8,unroll_2,pipeline_1,unroll_3,1,1,0.45994546236,False
stencil_1044.c,xcu200-fsgd2104-2-e,5,1.091955,44,1,2,1,1,unroll_8,unroll_2,unroll_3,pipeline_1,1,1.25,0.115387956475,False
stencil_1061.c,xcu200-fsgd2104-2-e,5,0.473835,45,1,2,1,1,unroll_8,unroll_4,pipeline_1,pipeline_1,2,1.25,0.481991854436,False
stencil_1009.c,xcu200-fsgd2104-2-e,5,0.473835,46.5,1,2,1,1,unroll_8,unroll_4,pipeline_1,unroll_3,2,1.25,0.481991854436,False
stencil_1038.c,xcu200-fsgd2104-2-e,5,0.4502,1122,1,43,5,19,unroll_8,unroll_62,pipeline_1,pipeline_1,1,17,0.112636063614,False
stencil_780.c,xcu200-fsgd2104-2-e,10,0.12136,50,1,1,1,1,pipeline_1,pipeline_1,pipeline_1,pipeline_1,15,1,0.999664565028,False
stencil_772.c,xcu200-fsgd2104-2-e,10,0.12136,50,1,1,1,1,pipeline_1,pipeline_1,pipeline_1,unroll_3,7,1,0.999664565028,False
stencil_796.c,xcu200-fsgd2104-2-e,10,0.12104,51,1,1,1,1,pipeline_1,pipeline_1,unroll_3,pipeline_1,8,1,1,True
stencil_847.c,xcu200-fsgd2104-2-e,10,0.12104,48,1,1,1,1,pipeline_1,pipeline_1,unroll_3,unroll_3,4,1,1,True
stencil_872.c,xcu200-fsgd2104-2-e,10,0.12136,48,1,1,1,1,pipeline_1,unroll_16,pipeline_1,pipeline_1,5,1,0.999664565028,False
stencil_920.c,xcu200-fsgd2104-2-e,10,0.12136,48,1,1,1,1,pipeline_1,unroll_16,pipeline_1,unroll_3,2,1,0.999664565028,False
stencil_782.c,xcu200-fsgd2104-2-e,10,0.12104,51,1,1,1,1,pipeline_1,unroll_16,unroll_3,pipeline_1,4,1,1,True
stencil_773.c,xcu200-fsgd2104-2-e,10,0.12104,49,1,1,1,1,pipeline_1,unroll_16,unroll_3,unroll_3,2,1,1,True
stencil_791.c,xcu200-fsgd2104-2-e,10,0.12136,49.5,1,1,1,1,pipeline_1,unroll_2,pipeline_1,pipeline_1,4,1,0.999664565028,False
stencil_778.c,xcu200-fsgd2104-2-e,10,0.12136,48,1,1,1,1,pipeline_1,unroll_2,pipeline_1,unroll_3,3,1,0.999664565028,False
stencil_797.c,xcu200-fsgd2104-2-e,10,0.12104,52.5,1,1,1,1,pipeline_1,unroll_2,unroll_3,pipeline_1,4,1,1,True
stencil_850.c,xcu200-fsgd2104-2-e,10,0.12104,47.5,1,1,1,1,pipeline_1,unroll_2,unroll_3,unroll_3,2,1,1,True
stencil_784.c,xcu200-fsgd2104-2-e,10,0.12136,51,1,1,1,1,pipeline_1,unroll_4,pipeline_1,pipeline_1,6,1,0.999664565028,False
stencil_807.c,xcu200-fsgd2104-2-e,10,0.12136,46,1,1,1,1,pipeline_1,unroll_4,pipeline_1,unroll_3,3,1,0.999664565028,False
stencil_882.c,xcu200-fsgd2104-2-e,10,0.12104,48,1,1,1,1,pipeline_1,unroll_4,unroll_3,pipeline_1,4,1,1,True
stencil_859.c,xcu200-fsgd2104-2-e,10,0.12104,49.5,1,1,1,1,pipeline_1,unroll_4,unroll_3,unroll_3,2,1,1,True
stencil_833.c,xcu200-fsgd2104-2-e,10,0.12136,51,1,1,1,1,pipeline_1,unroll_62,pipeline_1,pipeline_1,5,1,0.999664565028,False
stencil_891.c,xcu200-fsgd2104-2-e,10,0.12136,56,1,1,1,1,pipeline_1,unroll_62,pipeline_1,unroll_3,3,1,0.999664565028,False
stencil_794.c,xcu200-fsgd2104-2-e,10,0.12104,57,1,1,1,1,pipeline_1,unroll_62,unroll_3,pipeline_1,4,1,1,True
stencil_792.c,xcu200-fsgd2104-2-e,10,0.12105,52,1,1,1,1,pipeline_1,unroll_62,unroll_3,unroll_3,2,1,0.999989516711,False
stencil_812.c,xcu200-fsgd2104-2-e,10,0.12136,48,1,1,1,1,pipeline_1,unroll_8,pipeline_1,pipeline_1,6,1,0.999664565028,False
stencil_823.c,xcu200-fsgd2104-2-e,10,0.12136,51,1,1,1,1,pipeline_1,unroll_8,pipeline_1,unroll_3,4,1,0.999664565028,False
stencil_809.c,xcu200-fsgd2104-2-e,10,0.12104,49.5,1,1,1,1,pipeline_1,unroll_8,unroll_3,pipeline_1,4,1,1,True
stencil_781.c,xcu200-fsgd2104-2-e,10,0.12104,47.5,1,1,1,1,pipeline_1,unroll_8,unroll_3,unroll_3,2,1,1,True
stencil_942.c,xcu200-fsgd2104-2-e,10,0.35201,38.5,1,6,1,1,unroll_16,pipeline_1,unroll_3,pipeline_1,4,2.25,0.758859186312,False
stencil_944.c,xcu200-fsgd2104-2-e,10,0.35201,42,1,6,1,1,unroll_16,pipeline_1,unroll_3,unroll_3,2,2.25,0.758859186312,False
stencil_958.c,xcu200-fsgd2104-2-e,10,0.38404,218,1,1,1,3,unroll_16,unroll_16,unroll_3,unroll_3,1,1.5,0.74127483604,False
stencil_968.c,xcu200-fsgd2104-2-e,10,1.70775,68,1,4,1,1,unroll_16,unroll_2,unroll_3,pipeline_1,2,1.75,0.105044849619,False
stencil_943.c,xcu200-fsgd2104-2-e,10,0.47524,41,1,1,1,1,unroll_16,unroll_2,unroll_3,unroll_3,1,1,0.666980241453,False
stencil_946.c,xcu200-fsgd2104-2-e,10,0.43696,52,1,1,1,1,unroll_16,unroll_4,unroll_3,unroll_3,1,1,0.699279345307,False
stencil_940.c,xcu200-fsgd2104-2-e,10,0.11715,534,1,8,1,8,unroll_16,unroll_62,unroll_3,unroll_3,1,4.5,1,True
stencil_839.c,xcu200-fsgd2104-2-e,10,0.74431,138,1,11,1,5,unroll_16,unroll_8,pipeline_1,pipeline_1,1,4.5,0.434326454123,False
stencil_799.c,xcu200-fsgd2104-2-e,10,0.74431,139,1,11,1,5,unroll_16,unroll_8,pipeline_1,unroll_3,1,4.5,0.434326454123,False
stencil_993.c,xcu200-fsgd2104-2-e,10,1.56687,484,1,16,1,6,unroll_16,unroll_8,unroll_3,pipeline_1,1,6,0.115661849373,False
stencil_984.c,xcu200-fsgd2104-2-e,10,0.39916,86,1,1,1,2,unroll_16,unroll_8,unroll_3,unroll_3,1,1.25,0.731077441762,False
stencil_795.c,xcu200-fsgd2104-2-e,10,0.3957,25,1,1,1,1,unroll_2,pipeline_1,pipeline_1,pipeline_1,3,1,0.735094718483,False
stencil_766.c,xcu200-fsgd2104-2-e,10,0.3957,26.5,1,1,1,1,unroll_2,pipeline_1,unroll_3,pipeline_1,4,1,0.735094718483,False
stencil_926.c,xcu200-fsgd2104-2-e,10,0.3957,25,1,1,1,1,unroll_2,pipeline_1,unroll_3,unroll_3,2,1,0.735094718483,False
stencil_819.c,xcu200-fsgd2104-2-e,10,0.64576,48,1,2,1,1,unroll_2,unroll_16,pipeline_1,unroll_3,1,1.25,0.533543282393,False
stencil_777.c,xcu200-fsgd2104-2-e,10,1.3816,73,1,4,1,1,unroll_2,unroll_16,unroll_3,pipeline_1,2,1.75,0.162991591406,False
stencil_855.c,xcu200-fsgd2104-2-e,10,0.36798,38,1,1,1,1,unroll_2,unroll_16,unroll_3,unroll_3,1,1,0.759740545439,False
stencil_765.c,xcu200-fsgd2104-2-e,10,0.82216,25.5,1,1,1,1,unroll_2,unroll_2,pipeline_1,pipeline_1,2,1,0.415058645562,False
stencil_779.c,xcu200-fsgd2104-2-e,10,0.82216,26.5,1,1,1,1,unroll_2,unroll_2,pipeline_1,unroll_3,2,1,0.415058645562,False
stencil_818.c,xcu200-fsgd2104-2-e,10,1.68148,28,1,1,1,1,unroll_2,unroll_2,unroll_3,pipeline_1,2,1,0.107483949838,False
stencil_963.c,xcu200-fsgd2104-2-e,10,0.45114,27,1,1,1,1,unroll_2,unroll_2,unroll_3,unroll_3,1,1,0.687210514218,False
stencil_771.c,xcu200-fsgd2104-2-e,10,0.78184,26,1,1,1,1,unroll_2,unroll_4,pipeline_1,pipeline_1,1,1,0.440563790972,False
stencil_965.c,xcu200-fsgd2104-2-e,10,1.62352,28,1,1,1,1,unroll_2,unroll_4,unroll_3,pipeline_1,2,1,0.114050274366,False
stencil_953.c,xcu200-fsgd2104-2-e,10,0.4209,29,1,1,1,1,unroll_2,unroll_4,unroll_3,unroll_3,1,1,0.713096534785,False
stencil_800.c,xcu200-fsgd2104-2-e,10,1.64116,517,1,16,1,5,unroll_2,unroll_62,unroll_3,pipeline_1,2,5.75,0.107666459026,False
stencil_982.c,xcu200-fsgd2104-2-e,10,0.12228,67,1,2,1,1,unroll_2,unroll_62,unroll_3,unroll_3,1,1.25,0.974093269688,False
stencil_918.c,xcu200-fsgd2104-2-e,10,1.53784,44.5,1,2,1,1,unroll_2,unroll_8,unroll_3,pipeline_1,2,1.25,0.127474125077,False
stencil_917.c,xcu200-fsgd2104-2-e,10,0.38562,31,1,1,1,1,unroll_2,unroll_8,unroll_3,unroll_3,1,1,0.744002555572,False
stencil_775.c,xcu200-fsgd2104-2-e,10,0.30209,61.5,1,12,1,2,unroll_32,pipeline_1,pipeline_1,pipeline_1,4,4,0.738989436234,False
stencil_860.c,xcu200-fsgd2104-2-e,10,0.30209,61,1,12,1,2,unroll_32,pipeline_1,pipeline_1,unroll_3,1,4,0.738989436234,False
stencil_786.c,xcu200-fsgd2104-2-e,10,0.30209,59.5,1,12,1,2,unroll_32,pipeline_1,unroll_3,pipeline_1,2,4,0.738989436234,False
stencil_981.c,xcu200-fsgd2104-2-e,10,0.30209,53.5,1,12,1,2,unroll_32,pipeline_1,unroll_3,unroll_3,2,4,0.738989436234,False
stencil_803.c,xcu200-fsgd2104-2-e,10,0.66411,1284,1,44,2,20,unroll_32,unroll_16,pipeline_1,pipeline_1,1,16.75,0.119722558833,False
stencil_840.c,xcu200-fsgd2104-2-e,10,0.66411,1264,1,44,2,20,unroll_32,unroll_16,pipeline_1,unroll_3,1,16.75,0.119722558833,False
stencil_996.c,xcu200-fsgd2104-2-e,10,0.39452,586,1,1,1,5,unroll_32,unroll_16,unroll_3,unroll_3,1,2,0.725936887351,False
stencil_835.c,xcu200-fsgd2104-2-e,10,0.83491,77,1,5,1,2,unroll_32,unroll_2,pipeline_1,pipeline_1,1,2.25,0.403406904588,False
stencil_790.c,xcu200-fsgd2104-2-e,10,1.70787,161,1,8,1,3,unroll_32,unroll_2,unroll_3,pipeline_1,2,3.25,0.104457316212,False
stencil_971.c,xcu200-fsgd2104-2-e,10,0.4766,61,1,1,1,1,unroll_32,unroll_2,unroll_3,unroll_3,1,1,0.665849186527,False
stencil_789.c,xcu200-fsgd2104-2-e,10,0.79515,163,1,11,1,5,unroll_32,unroll_4,pipeline_1,pipeline_1,1,4.5,0.404472510653,False
stencil_827.c,xcu200-fsgd2104-2-e,10,0.79515,157,1,11,1,5,unroll_32,unroll_4,pipeline_1,unroll_3,1,4.5,0.404472510653,False
stencil_1001.c,xcu200-fsgd2104-2-e,10,1.65259,471,1,16,1,6,unroll_32,unroll_4,unroll_3,pipeline_1,1,6,0.106246609655,False
stencil_999.c,xcu200-fsgd2104-2-e,10,0.43928,90,1,1,1,2,unroll_32,unroll_4,unroll_3,unroll_3,1,1.25,0.696468520339,False
stencil_960.c,xcu200-fsgd2104-2-e,10,0.11671,1896,1,8,1,11,unroll_32,unroll_62,unroll_3,unroll_3,1,5.25,1,True
stencil_974.c,xcu200-fsgd2104-2-e,10,0.74635,350,1,22,1,10,unroll_32,unroll_8,pipeline_1,unroll_3,1,8.5,0.334524385802,False
stencil_997.c,xcu200-fsgd2104-2-e,10,1.57275,1860,1,33,1,12,unroll_32,unroll_8,unroll_3,pipeline_1,1,11.75,0.100110643809,False
stencil_973.c,xcu200-fsgd2104-2-e,10,0.40404,217,1,1,1,3,unroll_32,unroll_8,unroll_3,unroll_3,1,1.5,0.723981617105,False
stencil_805.c,xcu200-fsgd2104-2-e,10,0.38945,25.5,1,1,1,1,unroll_4,pipeline_1,pipeline_1,pipeline_1,2,1,0.740610623377,False
stencil_776.c,xcu200-fsgd2104-2-e,10,0.38945,26,1,1,1,1,unroll_4,pipeline_1,unroll_3,pipeline_1,3,1,0.740610623377,False
stencil_977.c,xcu200-fsgd2104-2-e,10,0.38945,26,1,1,1,1,unroll_4,pipeline_1,unroll_3,unroll_3,2,1,0.740610623377,False
stencil_1000.c,xcu200-fsgd2104-2-e,10,1.40491,153,1,8,1,3,unroll_4,unroll_16,unroll_3,pipeline_1,1,3.25,0.154355299109,False
stencil_989.c,xcu200-fsgd2104-2-e,10,0.37576,49,1,1,1,1,unroll_4,unroll_16,unroll_3,unroll_3,1,1,0.752775995752,False
stencil_966.c,xcu200-fsgd2104-2-e,10,1.70787,28.5,1,1,1,1,unroll_4,unroll_2,unroll_3,pipeline_1,2,1,0.10517375751,False
stencil_986.c,xcu200-fsgd2104-2-e,10,0.46792,28,1,1,1,1,unroll_4,unroll_2,unroll_3,unroll_3,1,1,0.673087374874,False
stencil_863.c,xcu200-fsgd2104-2-e,10,0.79403,33,1,1,1,1,unroll_4,unroll_4,pipeline_1,pipeline_1,1,1,0.43274810477,False
stencil_980.c,xcu200-fsgd2104-2-e,10,0.43228,30,1,1,1,1,unroll_4,unroll_4,unroll_3,unroll_3,1,1,0.703289515516,False
stencil_841.c,xcu200-fsgd2104-2-e,10,1.62224,1887,1,32,1,11,unroll_4,unroll_62,unroll_3,pipeline_1,2,11.25,0.1,False
stencil_972.c,xcu200-fsgd2104-2-e,10,0.11979,96,1,6,1,2,unroll_4,unroll_62,unroll_3,unroll_3,1,2.5,1,True
stencil_770.c,xcu200-fsgd2104-2-e,10,0.74299,45,1,2,1,1,unroll_4,unroll_8,pipeline_1,pipeline_1,1,1.25,0.46574599266,False
stencil_970.c,xcu200-fsgd2104-2-e,10,1.56267,79,1,4,1,1,unroll_4,unroll_8,unroll_3,pipeline_1,1,1.75,0.122827986772,False
stencil_798.c,xcu200-fsgd2104-2-e,10,0.20225,106,1,25,1,4,unroll_64,pipeline_1,pipeline_1,pipeline_1,2,7.75,0.575067111984,False
stencil_787.c,xcu200-fsgd2104-2-e,10,0.20225,104.5,1,25,1,4,unroll_64,pipeline_1,pipeline_1,unroll_3,2,7.75,0.575067111984,False
stencil_822.c,xcu200-fsgd2104-2-e,10,0.83521,163,1,11,1,4,unroll_64,unroll_2,pipeline_1,pipeline_1,1,4.25,0.384764444267,False
stencil_788.c,xcu200-fsgd2104-2-e,10,0.83521,140,1,11,1,4,unroll_64,unroll_2,pipeline_1,unroll_3,1,4.25,0.384764444267,False
stencil_832.c,xcu200-fsgd2104-2-e,10,0.79673,402,1,22,1,11,unroll_64,unroll_4,pipeline_1,pipeline_1,1,8.75,0.306556067268,False
stencil_802.c,xcu200-fsgd2104-2-e,10,0.75049,1250,1,44,3,20,unroll_64,unroll_8,pipeline_1,unroll_3,1,17,0.111821602589,False
stencil_767.c,xcu200-fsgd2104-2-e,10,0.37697,30.5,1,3,1,1,unroll_8,pipeline_1,pipeline_1,pipeline_1,2,1.5,0.747434043783,False
stencil_892.c,xcu200-fsgd2104-2-e,10,0.37697,30,1,3,1,1,unroll_8,pipeline_1,pipeline_1,unroll_3,1,1.5,0.747434043783,False
stencil_948.c,xcu200-fsgd2104-2-e,10,0.37697,30.5,1,3,1,1,unroll_8,pipeline_1,unroll_3,pipeline_1,2,1.5,0.747434043783,False
stencil_774.c,xcu200-fsgd2104-2-e,10,0.37697,32,1,3,1,1,unroll_8,pipeline_1,unroll_3,unroll_3,2,1.5,0.747434043783,False
stencil_834.c,xcu200-fsgd2104-2-e,10,0.65727,151,1,11,1,5,unroll_8,unroll_16,pipeline_1,pipeline_1,1,4.5,0.487954064179,False
stencil_950.c,xcu200-fsgd2104-2-e,10,0.37868,84,1,1,1,2,unroll_8,unroll_16,unroll_3,unroll_3,1,1.25,0.74910565552,False
stencil_806.c,xcu200-fsgd2104-2-e,10,0.83479,34,1,1,1,1,unroll_8,unroll_2,pipeline_1,pipeline_1,2,1,0.407273467675,False
stencil_907.c,xcu200-fsgd2104-2-e,10,1.70775,45,1,2,1,1,unroll_8,unroll_2,unroll_3,pipeline_1,1,1.25,0.10516781649,False
stencil_967.c,xcu200-fsgd2104-2-e,10,0.47276,34,1,1,1,1,unroll_8,unroll_2,unroll_3,unroll_3,1,1,0.669045660597,False
stencil_769.c,xcu200-fsgd2104-2-e,10,0.79407,47,1,2,1,1,unroll_8,unroll_4,pipeline_1,unroll_3,2,1.25,0.432430072442,False
stencil_969.c,xcu200-fsgd2104-2-e,10,1.64959,72.5,1,4,1,1,unroll_8,unroll_4,unroll_3,pipeline_1,2,1.75,0.110634734066,False
stencil_951.c,xcu200-fsgd2104-2-e,10,0.43496,35,1,1,1,1,unroll_8,unroll_4,unroll_3,unroll_3,1,1,0.700991456971,False
stencil_801.c,xcu200-fsgd2104-2-e,10,0.7516,1132,1,43,2,18,unroll_8,unroll_62,pipeline_1,pipeline_1,1,16,0.124895824578,False
stencil_916.c,xcu200-fsgd2104-2-e,10,0.7516,1017,1,43,2,17,unroll_8,unroll_62,pipeline_1,unroll_3,1,15.75,0.128896455125,False
stencil_826.c,xcu200-fsgd2104-2-e,10,0.11803,220,1,7,1,4,unroll_8,unroll_62,unroll_3,unroll_3,1,3.25,1,True
stencil_862.c,xcu200-fsgd2104-2-e,10,0.74335,75,1,5,1,2,unroll_8,unroll_8,pipeline_1,pipeline_1,1,2.25,0.46116050561,False
stencil_957.c,xcu200-fsgd2104-2-e,10,1.56399,169,1,8,1,3,unroll_8,unroll_8,unroll_3,pipeline_1,1,3.25,0.121266233946,False
stencil_991.c,xcu200-fsgd2104-2-e,10,0.39636,55,1,1,1,1,unroll_8,unroll_8,unroll_3,unroll_3,1,1,0.734513631176,False
stencil_494.c,xczu7ev-ffvc1156-2-e,3.33,0.13010976,85,1,1,1,1,pipeline_1,pipeline_1,pipeline_1,pipeline_1,13,1,1,True
stencil_491.c,xczu7ev-ffvc1156-2-e,3.33,0.13010976,79,1,1,1,1,pipeline_1,pipeline_1,pipeline_1,unroll_3,7,1,1,True
stencil_570.c,xczu7ev-ffvc1156-2-e,3.33,0.13010976,77.5,1,1,1,1,pipeline_1,pipeline_1,unroll_3,pipeline_1,2,1,1,True
stencil_675.c,xczu7ev-ffvc1156-2-e,3.33,0.13010976,71,1,1,1,1,pipeline_1,pipeline_1,unroll_3,unroll_3,1,1,1,True
stencil_522.c,xczu7ev-ffvc1156-2-e,3.33,0.29580723,117.5,1,1,1,3,pipeline_1,unroll_16,pipeline_1,pipeline_1,6,1.5,0.674649285316,False
stencil_520.c,xczu7ev-ffvc1156-2-e,3.33,0.29580723,119.5,1,1,1,3,pipeline_1,unroll_16,pipeline_1,unroll_3,4,1.5,0.674649285316,False
stencil_565.c,xczu7ev-ffvc1156-2-e,3.33,0.64279989,193,1,1,2,4,pipeline_1,unroll_16,unroll_3,pipeline_1,1,2,0.24679438152,False
stencil_504.c,xczu7ev-ffvc1156-2-e,3.33,0.36419877,70,1,1,1,1,pipeline_1,unroll_2,pipeline_1,pipeline_1,5,1,0.588209269108,False
stencil_538.c,xczu7ev-ffvc1156-2-e,3.33,0.36419877,89,1,1,1,1,pipeline_1,unroll_2,pipeline_1,unroll_3,4,1,0.588209269108,False
stencil_511.c,xczu7ev-ffvc1156-2-e,3.33,0.80643609,93.5,1,1,1,1,pipeline_1,unroll_2,unroll_3,pipeline_1,2,1,0.151298833618,False
stencil_650.c,xczu7ev-ffvc1156-2-e,3.33,0.18295686,70,1,3,1,1,pipeline_1,unroll_2,unroll_3,unroll_3,1,1.5,0.83622101257,False
stencil_545.c,xczu7ev-ffvc1156-2-e,3.33,0.36126171,81,1,1,1,1,pipeline_1,unroll_4,pipeline_1,pipeline_1,2,1,0.592601802664,False
stencil_757.c,xczu7ev-ffvc1156-2-e,3.33,0.36126171,65,1,1,1,1,pipeline_1,unroll_4,pipeline_1,unroll_3,1,1,0.592601802664,False
stencil_505.c,xczu7ev-ffvc1156-2-e,3.33,0.17624358,87,1,3,1,1,pipeline_1,unroll_4,unroll_3,unroll_3,1,1.5,0.843584289339,False
stencil_569.c,xczu7ev-ffvc1156-2-e,3.33,0.33902397,274.5,1,1,4,11,pipeline_1,unroll_62,pipeline_1,pipeline_1,2,4.25,0.330322783831,False
stencil_638.c,xczu7ev-ffvc1156-2-e,3.33,0.33902397,240,1,1,4,11,pipeline_1,unroll_62,pipeline_1,unroll_3,2,4.25,0.330322783831,False
stencil_529.c,xczu7ev-ffvc1156-2-e,3.33,0.80014239,552,1,1,8,17,pipeline_1,unroll_62,unroll_3,pipeline_1,2,6.75,0.1,False
stencil_637.c,xczu7ev-ffvc1156-2-e,3.33,0.04239756,155,1,13,4,7,pipeline_1,unroll_62,unroll_3,unroll_3,1,6.25,1,True
stencil_514.c,xczu7ev-ffvc1156-2-e,3.33,0.33776523,105.5,1,1,1,1,pipeline_1,unroll_8,pipeline_1,pipeline_1,6,1,0.628450260627,False
stencil_629.c,xczu7ev-ffvc1156-2-e,3.33,0.33776523,88,1,1,1,1,pipeline_1,unroll_8,pipeline_1,unroll_3,3,1,0.628450260627,False
stencil_562.c,xczu7ev-ffvc1156-2-e,3.33,0.72671589,140,1,1,1,2,pipeline_1,unroll_8,unroll_3,pipeline_1,1,1.25,0.196492268006,False
stencil_571.c,xczu7ev-ffvc1156-2-e,3.33,0.13010976,80.5,1,1,1,1,unroll_16,pipeline_1,pipeline_1,pipeline_1,8,1,1,True
stencil_580.c,xczu7ev-ffvc1156-2-e,3.33,0.13010976,71.5,1,1,1,1,unroll_16,pipeline_1,pipeline_1,unroll_3,4,1,1,True
stencil_717.c,xczu7ev-ffvc1156-2-e,3.33,0.13010976,67,1,1,1,1,unroll_16,pipeline_1,unroll_3,pipeline_1,1,1,1,True
stencil_525.c,xczu7ev-ffvc1156-2-e,3.33,0.29580723,110,1,1,1,3,unroll_16,unroll_16,pipeline_1,pipeline_1,3,1.5,0.674649285316,False
stencil_634.c,xczu7ev-ffvc1156-2-e,3.33,0.29580723,112.5,1,1,1,3,unroll_16,unroll_16,pipeline_1,unroll_3,2,1.5,0.674649285316,False
stencil_563.c,xczu7ev-ffvc1156-2-e,3.33,0.64279989,191,1,1,2,4,unroll_16,unroll_16,unroll_3,pipeline_1,1,2,0.24679438152,False
stencil_553.c,xczu7ev-ffvc1156-2-e,3.33,0.13092894,99,1,6,2,3,unroll_16,unroll_16,unroll_3,unroll_3,1,3,0.542102156246,False
stencil_620.c,xczu7ev-ffvc1156-2-e,3.33,0.36419877,71.5,1,1,1,1,unroll_16,unroll_2,pipeline_1,pipeline_1,4,1,0.588209269108,False
stencil_669.c,xczu7ev-ffvc1156-2-e,3.33,0.36419877,66.5,1,1,1,1,unroll_16,unroll_2,pipeline_1,unroll_3,2,1,0.588209269108,False
stencil_552.c,xczu7ev-ffvc1156-2-e,3.33,0.80643609,96,1,1,1,1,unroll_16,unroll_2,unroll_3,pipeline_1,1,1,0.151298833618,False
stencil_547.c,xczu7ev-ffvc1156-2-e,3.33,0.36126171,92,1,1,1,1,unroll_16,unroll_4,pipeline_1,pipeline_1,3,1,0.592601802664,False
stencil_512.c,xczu7ev-ffvc1156-2-e,3.33,0.36126171,94,1,1,1,1,unroll_16,unroll_4,pipeline_1,unroll_3,1,1,0.592601802664,False
stencil_605.c,xczu7ev-ffvc1156-2-e,3.33,0.33902397,238,1,1,4,11,unroll_16,unroll_62,pipeline_1,pipeline_1,2,4.25,0.330322783831,False
stencil_604.c,xczu7ev-ffvc1156-2-e,3.33,0.33902397,259,1,1,4,11,unroll_16,unroll_62,pipeline_1,unroll_3,1,4.25,0.330322783831,False
stencil_686.c,xczu7ev-ffvc1156-2-e,3.33,0.04239756,139,1,13,4,7,unroll_16,unroll_62,unroll_3,unroll_3,1,6.25,1,True
stencil_556.c,xczu7ev-ffvc1156-2-e,3.33,0.33776523,105,1,1,1,1,unroll_16,unroll_8,pipeline_1,pipeline_1,3,1,0.628450260627,False
stencil_516.c,xczu7ev-ffvc1156-2-e,3.33,0.33776523,99,1,1,1,1,unroll_16,unroll_8,pipeline_1,unroll_3,2,1,0.628450260627,False
stencil_603.c,xczu7ev-ffvc1156-2-e,3.33,0.72671589,138,1,1,1,2,unroll_16,unroll_8,unroll_3,pipeline_1,1,1.25,0.196492268006,False
stencil_661.c,xczu7ev-ffvc1156-2-e,3.33,0.14603382,78,1,5,1,1,unroll_16,unroll_8,unroll_3,unroll_3,1,2,0.749282832427,False
stencil_578.c,xczu7ev-ffvc1156-2-e,3.33,0.13010976,73,1,1,1,1,unroll_2,pipeline_1,pipeline_1,pipeline_1,7,1,1,True
stencil_497.c,xczu7ev-ffvc1156-2-e,3.33,0.13010976,68,1,1,1,1,unroll_2,pipeline_1,pipeline_1,unroll_3,4,1,1,True
stencil_533.c,xczu7ev-ffvc1156-2-e,3.33,0.13010976,85,1,1,1,1,unroll_2,pipeline_1,unroll_3,pipeline_1,1,1,1,True
stencil_633.c,xczu7ev-ffvc1156-2-e,3.33,0.29580723,128,1,1,1,3,unroll_2,unroll_16,pipeline_1,pipeline_1,3,1.5,0.674649285316,False
stencil_523.c,xczu7ev-ffvc1156-2-e,3.33,0.29580723,134.5,1,1,1,3,unroll_2,unroll_16,pipeline_1,unroll_3,2,1.5,0.674649285316,False
stencil_667.c,xczu7ev-ffvc1156-2-e,3.33,0.36419877,68,1,1,1,1,unroll_2,unroll_2,pipeline_1,pipeline_1,3,1,0.588209269108,False
stencil_676.c,xczu7ev-ffvc1156-2-e,3.33,0.36419877,73,1,1,1,1,unroll_2,unroll_2,pipeline_1,unroll_3,2,1,0.588209269108,False
stencil_509.c,xczu7ev-ffvc1156-2-e,3.33,0.80643609,93,1,1,1,1,unroll_2,unroll_2,unroll_3,pipeline_1,1,1,0.151298833618,False
stencil_548.c,xczu7ev-ffvc1156-2-e,3.33,0.36126171,79,1,1,1,1,unroll_2,unroll_4,pipeline_1,unroll_3,2,1,0.592601802664,False
stencil_711.c,xczu7ev-ffvc1156-2-e,3.33,0.33902397,223,1,1,4,11,unroll_2,unroll_62,pipeline_1,unroll_3,2,4.25,0.330322783831,False
stencil_710.c,xczu7ev-ffvc1156-2-e,3.33,0.04239756,144,1,13,4,7,unroll_2,unroll_62,unroll_3,unroll_3,1,6.25,1,True
stencil_631.c,xczu7ev-ffvc1156-2-e,3.33,0.33776523,79,1,1,1,1,unroll_2,unroll_8,pipeline_1,pipeline_1,4,1,0.628450260627,False
stencil_739.c,xczu7ev-ffvc1156-2-e,3.33,0.33776523,78,1,1,1,1,unroll_2,unroll_8,pipeline_1,unroll_3,1,1,0.628450260627,False
stencil_581.c,xczu7ev-ffvc1156-2-e,3.33,0.13010976,75,1,1,1,1,unroll_32,pipeline_1,pipeline_1,pipeline_1,5,1,1,True
stencil_532.c,xczu7ev-ffvc1156-2-e,3.33,0.13010976,84.5,1,1,1,1,unroll_32,pipeline_1,pipeline_1,unroll_3,4,1,1,True
stencil_608.c,xczu7ev-ffvc1156-2-e,3.33,0.13010976,77.5,1,1,1,1,unroll_32,pipeline_1,unroll_3,pipeline_1,2,1,1,True
stencil_534.c,xczu7ev-ffvc1156-2-e,3.33,0.13010976,87,1,1,1,1,unroll_32,pipeline_1,unroll_3,unroll_3,2,1,1,True
stencil_599.c,xczu7ev-ffvc1156-2-e,3.33,0.29580723,106,1,1,1,3,unroll_32,unroll_16,pipeline_1,pipeline_1,3,1.5,0.674649285316,False
stencil_524.c,xczu7ev-ffvc1156-2-e,3.33,0.29580723,134,1,1,1,3,unroll_32,unroll_16,pipeline_1,unroll_3,2,1.5,0.674649285316,False
stencil_528.c,xczu7ev-ffvc1156-2-e,3.33,0.64279989,176,1,1,2,4,unroll_32,unroll_16,unroll_3,pipeline_1,1,2,0.24679438152,False
stencil_626.c,xczu7ev-ffvc1156-2-e,3.33,0.13092894,98,1,6,2,3,unroll_32,unroll_16,unroll_3,unroll_3,1,3,0.542102156246,False
stencil_621.c,xczu7ev-ffvc1156-2-e,3.33,0.36419877,72,1,1,1,1,unroll_32,unroll_2,pipeline_1,pipeline_1,4,1,0.588209269108,False
stencil_506.c,xczu7ev-ffvc1156-2-e,3.33,0.36419877,76.5,1,1,1,1,unroll_32,unroll_2,pipeline_1,unroll_3,2,1,0.588209269108,False
stencil_721.c,xczu7ev-ffvc1156-2-e,3.33,0.80643609,72,1,1,1,1,unroll_32,unroll_2,unroll_3,pipeline_1,1,1,0.151298833618,False
stencil_537.c,xczu7ev-ffvc1156-2-e,3.33,0.18295686,89,1,3,1,1,unroll_32,unroll_2,unroll_3,unroll_3,1,1.5,0.83622101257,False
stencil_589.c,xczu7ev-ffvc1156-2-e,3.33,0.36126171,90,1,1,1,1,unroll_32,unroll_4,pipeline_1,pipeline_1,1,1,0.592601802664,False
stencil_557.c,xczu7ev-ffvc1156-2-e,3.33,0.77370885,113,1,1,1,1,unroll_32,unroll_4,unroll_3,pipeline_1,1,1,0.168350386729,False
stencil_566.c,xczu7ev-ffvc1156-2-e,3.33,0.33902397,279,1,1,4,11,unroll_32,unroll_62,pipeline_1,unroll_3,1,4.25,0.330322783831,False
stencil_527.c,xczu7ev-ffvc1156-2-e,3.33,0.04239756,169,1,13,4,7,unroll_32,unroll_62,unroll_3,unroll_3,1,6.25,1,True
stencil_554.c,xczu7ev-ffvc1156-2-e,3.33,0.33776523,85,1,1,1,1,unroll_32,unroll_8,pipeline_1,pipeline_1,3,1,0.628450260627,False
stencil_632.c,xczu7ev-ffvc1156-2-e,3.33,0.33776523,91.5,1,1,1,1,unroll_32,unroll_8,pipeline_1,unroll_3,2,1,0.628450260627,False
stencil_572.c,xczu7ev-ffvc1156-2-e,3.33,0.13010976,70.5,1,1,1,1,unroll_4,pipeline_1,pipeline_1,pipeline_1,6,1,1,True
stencil_573.c,xczu7ev-ffvc1156-2-e,3.33,0.13010976,85,1,1,1,1,unroll_4,pipeline_1,pipeline_1,unroll_3,4,1,1,True
stencil_585.c,xczu7ev-ffvc1156-2-e,3.33,0.13010976,89,1,1,1,1,unroll_4,pipeline_1,unroll_3,pipeline_1,1,1,1,True
stencil_576.c,xczu7ev-ffvc1156-2-e,3.33,0.13010976,86,1,1,1,1,unroll_4,pipeline_1,unroll_3,unroll_3,1,1,1,True
stencil_561.c,xczu7ev-ffvc1156-2-e,3.33,0.29580723,110,1,1,1,3,unroll_4,unroll_16,pipeline_1,pipeline_1,3,1.5,0.674649285316,False
stencil_709.c,xczu7ev-ffvc1156-2-e,3.33,0.29580723,102.5,1,1,1,3,unroll_4,unroll_16,pipeline_1,unroll_3,2,1.5,0.674649285316,False
stencil_500.c,xczu7ev-ffvc1156-2-e,3.33,0.36419877,68,1,1,1,1,unroll_4,unroll_2,pipeline_1,pipeline_1,4,1,0.588209269108,False
stencil_503.c,xczu7ev-ffvc1156-2-e,3.33,0.36419877,79.5,1,1,1,1,unroll_4,unroll_2,pipeline_1,unroll_3,2,1,0.588209269108,False
stencil_531.c,xczu7ev-ffvc1156-2-e,3.33,0.18295686,83,1,3,1,1,unroll_4,unroll_2,unroll_3,unroll_3,1,1.5,0.83622101257,False
stencil_510.c,xczu7ev-ffvc1156-2-e,3.33,0.36126171,93,1,1,1,1,unroll_4,unroll_4,pipeline_1,pipeline_1,1,1,0.592601802664,False
stencil_558.c,xczu7ev-ffvc1156-2-e,3.33,0.77370885,115,1,1,1,1,unroll_4,unroll_4,unroll_3,pipeline_1,1,1,0.168350386729,False
stencil_764.c,xczu7ev-ffvc1156-2-e,3.33,0.33902397,217,1,1,4,11,unroll_4,unroll_62,pipeline_1,pipeline_1,1,4.25,0.330322783831,False
stencil_752.c,xczu7ev-ffvc1156-2-e,3.33,0.33902397,217,1,1,4,11,unroll_4,unroll_62,pipeline_1,unroll_3,1,4.25,0.330322783831,False
stencil_641.c,xczu7ev-ffvc1156-2-e,3.33,0.80014239,563,1,1,8,17,unroll_4,unroll_62,unroll_3,pipeline_1,1,6.75,0.1,False
stencil_750.c,xczu7ev-ffvc1156-2-e,3.33,0.04239756,130,1,13,4,7,unroll_4,unroll_62,unroll_3,unroll_3,1,6.25,1,True
stencil_517.c,xczu7ev-ffvc1156-2-e,3.33,0.33776523,98.5,1,1,1,1,unroll_4,unroll_8,pipeline_1,pipeline_1,4,1,0.628450260627,False
stencil_595.c,xczu7ev-ffvc1156-2-e,3.33,0.33776523,96,1,1,1,1,unroll_4,unroll_8,pipeline_1,unroll_3,2,1,0.628450260627,False
stencil_614.c,xczu7ev-ffvc1156-2-e,3.33,0.13010976,73,1,1,1,1,unroll_64,pipeline_1,pipeline_1,pipeline_1,3,1,1,True
stencil_615.c,xczu7ev-ffvc1156-2-e,3.33,0.13010976,85,1,1,1,1,unroll_64,pipeline_1,pipeline_1,unroll_3,3,1,1,True
stencil_541.c,xczu7ev-ffvc1156-2-e,3.33,0.13010976,78.5,1,1,1,1,unroll_64,pipeline_1,unroll_3,pipeline_1,2,1,1,True
stencil_579.c,xczu7ev-ffvc1156-2-e,3.33,0.13010976,89,1,1,1,1,unroll_64,pipeline_1,unroll_3,unroll_3,1,1,1,True
stencil_521.c,xczu7ev-ffvc1156-2-e,3.33,0.29580723,132,1,1,1,3,unroll_64,unroll_16,pipeline_1,pipeline_1,2,1.5,0.674649285316,False
stencil_560.c,xczu7ev-ffvc1156-2-e,3.33,0.29580723,119.5,1,1,1,3,unroll_64,unroll_16,pipeline_1,unroll_3,2,1.5,0.674649285316,False
stencil_564.c,xczu7ev-ffvc1156-2-e,3.33,0.64279989,192,1,1,2,4,unroll_64,unroll_16,unroll_3,pipeline_1,1,2,0.24679438152,False
stencil_590.c,xczu7ev-ffvc1156-2-e,3.33,0.13092894,96,1,6,2,3,unroll_64,unroll_16,unroll_3,unroll_3,1,3,0.542102156246,False
stencil_536.c,xczu7ev-ffvc1156-2-e,3.33,0.36419877,88,1,1,1,1,unroll_64,unroll_2,pipeline_1,pipeline_1,3,1,0.588209269108,False
stencil_584.c,xczu7ev-ffvc1156-2-e,3.33,0.36419877,89,1,1,1,1,unroll_64,unroll_2,pipeline_1,unroll_3,1,1,0.588209269108,False
stencil_513.c,xczu7ev-ffvc1156-2-e,3.33,0.80643609,95,1,1,1,1,unroll_64,unroll_2,unroll_3,pipeline_1,1,1,0.151298833618,False
stencil_507.c,xczu7ev-ffvc1156-2-e,3.33,0.36126171,91,1,1,1,1,unroll_64,unroll_4,pipeline_1,pipeline_1,4,1,0.592601802664,False
stencil_508.c,xczu7ev-ffvc1156-2-e,3.33,0.36126171,92,1,1,1,1,unroll_64,unroll_4,pipeline_1,unroll_3,1,1,0.592601802664,False
stencil_518.c,xczu7ev-ffvc1156-2-e,3.33,0.77370885,111.5,1,1,1,1,unroll_64,unroll_4,unroll_3,pipeline_1,2,1,0.168350386729,False
stencil_568.c,xczu7ev-ffvc1156-2-e,3.33,0.33902397,284,1,1,4,11,unroll_64,unroll_62,pipeline_1,pipeline_1,1,4.25,0.330322783831,False
stencil_663.c,xczu7ev-ffvc1156-2-e,3.33,0.80014239,506,1,1,8,17,unroll_64,unroll_62,unroll_3,pipeline_1,1,6.75,0.1,False
stencil_526.c,xczu7ev-ffvc1156-2-e,3.33,0.04239756,163,1,13,4,7,unroll_64,unroll_62,unroll_3,unroll_3,1,6.25,1,True
stencil_555.c,xczu7ev-ffvc1156-2-e,3.33,0.33776523,110,1,1,1,1,unroll_64,unroll_8,pipeline_1,pipeline_1,1,1,0.628450260627,False
stencil_515.c,xczu7ev-ffvc1156-2-e,3.33,0.33776523,106.5,1,1,1,1,unroll_64,unroll_8,pipeline_1,unroll_3,2,1,0.628450260627,False
stencil_659.c,xczu7ev-ffvc1156-2-e,3.33,0.14603382,74,1,5,1,1,unroll_64,unroll_8,unroll_3,unroll_3,1,2,0.749282832427,False
stencil_498.c,xczu7ev-ffvc1156-2-e,3.33,0.13010976,86,1,1,1,1,unroll_8,pipeline_1,pipeline_1,pipeline_1,6,1,1,True
stencil_493.c,xczu7ev-ffvc1156-2-e,3.33,0.13010976,83,1,1,1,1,unroll_8,pipeline_1,pipeline_1,unroll_3,4,1,1,True
stencil_499.c,xczu7ev-ffvc1156-2-e,3.33,0.13010976,85,1,1,1,1,unroll_8,pipeline_1,unroll_3,pipeline_1,1,1,1,True
stencil_596.c,xczu7ev-ffvc1156-2-e,3.33,0.29580723,112,1,1,1,3,unroll_8,unroll_16,pipeline_1,pipeline_1,2,1.5,0.674649285316,False
stencil_705.c,xczu7ev-ffvc1156-2-e,3.33,0.29580723,107,1,1,1,3,unroll_8,unroll_16,pipeline_1,unroll_3,1,1.5,0.674649285316,False
stencil_698.c,xczu7ev-ffvc1156-2-e,3.33,0.36419877,71,1,1,1,1,unroll_8,unroll_2,pipeline_1,pipeline_1,2,1,0.588209269108,False
stencil_732.c,xczu7ev-ffvc1156-2-e,3.33,0.36419877,63,1,1,1,1,unroll_8,unroll_2,pipeline_1,unroll_3,2,1,0.588209269108,False
stencil_559.c,xczu7ev-ffvc1156-2-e,3.33,0.77370885,116,1,1,1,1,unroll_8,unroll_4,unroll_3,pipeline_1,1,1,0.168350386729,False
stencil_639.c,xczu7ev-ffvc1156-2-e,3.33,0.33902397,262,1,1,4,11,unroll_8,unroll_62,pipeline_1,pipeline_1,1,4.25,0.330322783831,False
stencil_567.c,xczu7ev-ffvc1156-2-e,3.33,0.33902397,280,1,1,4,11,unroll_8,unroll_62,pipeline_1,unroll_3,1,4.25,0.330322783831,False
stencil_681.c,xczu7ev-ffvc1156-2-e,3.33,0.33776523,89.5,1,1,1,1,unroll_8,unroll_8,pipeline_1,pipeline_1,2,1,0.628450260627,False
stencil_630.c,xczu7ev-ffvc1156-2-e,3.33,0.33776523,91,1,1,1,1,unroll_8,unroll_8,pipeline_1,unroll_3,2,1,0.628450260627,False
stencil_272.c,xczu7ev-ffvc1156-2-e,5,0.06053,45.5,1,3,1,2,pipeline_1,pipeline_1,pipeline_1,pipeline_1,16,1.75,1,True
stencil_261.c,xczu7ev-ffvc1156-2-e,5,0.06053,45,1,3,1,2,pipeline_1,pipeline_1,pipeline_1,unroll_3,8,1.75,1,True
stencil_288.c,xczu7ev-ffvc1156-2-e,5,0.06053,45.5,1,3,1,2,pipeline_1,pipeline_1,unroll_3,pipeline_1,8,1.75,1,True
stencil_302.c,xczu7ev-ffvc1156-2-e,5,0.06053,46.5,1,3,1,2,pipeline_1,pipeline_1,unroll_3,unroll_3,4,1.75,1,True
stencil_303.c,xczu7ev-ffvc1156-2-e,5,0.06053,45.5,1,3,1,2,pipeline_1,unroll_16,pipeline_1,pipeline_1,6,1.75,1,True
stencil_359.c,xczu7ev-ffvc1156-2-e,5,0.06053,45.5,1,3,1,2,pipeline_1,unroll_16,pipeline_1,unroll_3,2,1.75,1,True
stencil_273.c,xczu7ev-ffvc1156-2-e,5,0.06053,48,1,3,1,2,pipeline_1,unroll_16,unroll_3,pipeline_1,3,1.75,1,True
stencil_262.c,xczu7ev-ffvc1156-2-e,5,0.06053,45,1,3,1,2,pipeline_1,unroll_16,unroll_3,unroll_3,1,1.75,1,True
stencil_282.c,xczu7ev-ffvc1156-2-e,5,0.06053,45,1,3,1,2,pipeline_1,unroll_2,pipeline_1,pipeline_1,8,1.75,1,True
stencil_269.c,xczu7ev-ffvc1156-2-e,5,0.06053,46.5,1,3,1,2,pipeline_1,unroll_2,pipeline_1,unroll_3,4,1.75,1,True
stencil_289.c,xczu7ev-ffvc1156-2-e,5,0.06053,46.5,1,3,1,2,pipeline_1,unroll_2,unroll_3,pipeline_1,4,1.75,1,True
stencil_340.c,xczu7ev-ffvc1156-2-e,5,0.06053,46,1,3,1,2,pipeline_1,unroll_2,unroll_3,unroll_3,2,1.75,1,True
stencil_276.c,xczu7ev-ffvc1156-2-e,5,0.06053,44.5,1,3,1,2,pipeline_1,unroll_4,pipeline_1,pipeline_1,8,1.75,1,True
stencil_400.c,xczu7ev-ffvc1156-2-e,5,0.06053,43,1,3,1,2,pipeline_1,unroll_4,pipeline_1,unroll_3,4,1.75,1,True
stencil_312.c,xczu7ev-ffvc1156-2-e,5,0.06053,45,1,3,1,2,pipeline_1,unroll_4,unroll_3,pipeline_1,3,1.75,1,True
stencil_411.c,xczu7ev-ffvc1156-2-e,5,0.06053,46,1,3,1,2,pipeline_1,unroll_4,unroll_3,unroll_3,1,1.75,1,True
stencil_314.c,xczu7ev-ffvc1156-2-e,5,0.06053,46,1,3,1,2,pipeline_1,unroll_62,pipeline_1,pipeline_1,8,1.75,1,True
stencil_454.c,xczu7ev-ffvc1156-2-e,5,0.06053,46,1,3,1,2,pipeline_1,unroll_62,pipeline_1,unroll_3,3,1.75,1,True
stencil_285.c,xczu7ev-ffvc1156-2-e,5,0.06053,51.5,1,3,1,2,pipeline_1,unroll_62,unroll_3,pipeline_1,4,1.75,1,True
stencil_283.c,xczu7ev-ffvc1156-2-e,5,0.06053,48.5,1,3,1,2,pipeline_1,unroll_62,unroll_3,unroll_3,2,1.75,1,True
stencil_371.c,xczu7ev-ffvc1156-2-e,5,0.06053,43,1,3,1,2,pipeline_1,unroll_8,pipeline_1,pipeline_1,5,1.75,1,True
stencil_308.c,xczu7ev-ffvc1156-2-e,5,0.06053,47,1,3,1,2,pipeline_1,unroll_8,pipeline_1,unroll_3,2,1.75,1,True
stencil_401.c,xczu7ev-ffvc1156-2-e,5,0.06053,43,1,3,1,2,pipeline_1,unroll_8,unroll_3,pipeline_1,2,1.75,1,True
stencil_274.c,xczu7ev-ffvc1156-2-e,5,0.06053,47,1,3,1,2,pipeline_1,unroll_8,unroll_3,unroll_3,2,1.75,1,True
stencil_307.c,xczu7ev-ffvc1156-2-e,5,0.177125,39,1,25,1,5,unroll_16,pipeline_1,pipeline_1,pipeline_1,1,8,0.717153017182,False
stencil_310.c,xczu7ev-ffvc1156-2-e,5,1.091955,73,1,16,3,8,unroll_16,unroll_2,unroll_3,pipeline_1,1,7,0.141905904676,False
stencil_291.c,xczu7ev-ffvc1156-2-e,5,0.443835,139,1,44,8,28,unroll_16,unroll_8,pipeline_1,unroll_3,1,20.25,0.311511083394,False
stencil_287.c,xczu7ev-ffvc1156-2-e,5,0.19911,25,1,3,1,1,unroll_2,pipeline_1,pipeline_1,pipeline_1,8,1.5,1,True
stencil_376.c,xczu7ev-ffvc1156-2-e,5,0.19911,24,1,3,1,1,unroll_2,pipeline_1,pipeline_1,unroll_3,4,1.5,1,True
stencil_258.c,xczu7ev-ffvc1156-2-e,5,0.19911,24,1,3,1,1,unroll_2,pipeline_1,unroll_3,pipeline_1,4,1.5,1,True
stencil_375.c,xczu7ev-ffvc1156-2-e,5,0.19911,25,1,3,1,1,unroll_2,pipeline_1,unroll_3,unroll_3,2,1.5,1,True
stencil_343.c,xczu7ev-ffvc1156-2-e,5,0.38336,45,1,11,2,6,unroll_2,unroll_16,pipeline_1,pipeline_1,1,5,0.651744081707,False
stencil_271.c,xczu7ev-ffvc1156-2-e,5,0.87224,73,1,16,3,8,unroll_2,unroll_16,unroll_3,pipeline_1,1,7,0.256649730333,False
stencil_257.c,xczu7ev-ffvc1156-2-e,5,0.4892,25,1,1,1,1,unroll_2,unroll_2,pipeline_1,pipeline_1,4,1,1,True
stencil_268.c,xczu7ev-ffvc1156-2-e,5,0.4892,26,1,1,1,1,unroll_2,unroll_2,pipeline_1,unroll_3,2,1,1,True
stencil_327.c,xczu7ev-ffvc1156-2-e,5,1.0751,28,1,2,1,1,unroll_2,unroll_2,unroll_3,pipeline_1,2,1.25,0.15389337916,False
stencil_266.c,xczu7ev-ffvc1156-2-e,5,0.46652,27.5,1,2,1,1,unroll_2,unroll_4,pipeline_1,pipeline_1,2,1.25,1,True
stencil_306.c,xczu7ev-ffvc1156-2-e,5,0.46652,27,1,2,1,1,unroll_2,unroll_4,pipeline_1,unroll_3,2,1.25,1,True
stencil_427.c,xczu7ev-ffvc1156-2-e,5,1.03856,29,1,4,1,2,unroll_2,unroll_4,unroll_3,pipeline_1,1,2,0.170035938382,False
stencil_470.c,xczu7ev-ffvc1156-2-e,5,0.46904,128,1,43,7,24,unroll_2,unroll_62,pipeline_1,pipeline_1,4,18.75,0.332969240887,False
stencil_403.c,xczu7ev-ffvc1156-2-e,5,0.46904,139,1,43,7,24,unroll_2,unroll_62,pipeline_1,unroll_3,1,18.75,0.332969240887,False
stencil_292.c,xczu7ev-ffvc1156-2-e,5,1.05494,563.5,1,64,11,30,unroll_2,unroll_62,unroll_3,pipeline_1,2,26.5,0.101298095275,False
stencil_399.c,xczu7ev-ffvc1156-2-e,5,0.061455,68,1,11,1,9,unroll_2,unroll_62,unroll_3,unroll_3,1,5.5,0.84505770589,False
stencil_441.c,xczu7ev-ffvc1156-2-e,5,0.43628,28,1,5,1,3,unroll_2,unroll_8,pipeline_1,pipeline_1,1,2.5,0.678508364682,False
stencil_385.c,xczu7ev-ffvc1156-2-e,5,0.43628,32,1,5,1,3,unroll_2,unroll_8,pipeline_1,unroll_3,1,2.5,0.678508364682,False
stencil_395.c,xczu7ev-ffvc1156-2-e,5,0.20226,27,1,4,1,2,unroll_2,unroll_8,unroll_3,unroll_3,1,2,0.873165672271,False
stencil_265.c,xczu7ev-ffvc1156-2-e,5,0.152005,57,1,50,3,11,unroll_32,pipeline_1,pipeline_1,pipeline_1,3,16.25,0.470726548689,False
stencil_317.c,xczu7ev-ffvc1156-2-e,5,0.152005,57,1,50,3,11,unroll_32,pipeline_1,pipeline_1,unroll_3,1,16.25,0.470726548689,False
stencil_279.c,xczu7ev-ffvc1156-2-e,5,0.152005,56,1,50,3,11,unroll_32,pipeline_1,unroll_3,pipeline_1,1,16.25,0.470726548689,False
stencil_324.c,xczu7ev-ffvc1156-2-e,5,0.496815,68,1,22,4,12,unroll_32,unroll_2,pipeline_1,pipeline_1,1,9.75,0.503560991001,False
stencil_284.c,xczu7ev-ffvc1156-2-e,5,1.092015,188,1,33,6,16,unroll_32,unroll_2,unroll_3,pipeline_1,1,14,0.125080923136,False
stencil_280.c,xczu7ev-ffvc1156-2-e,5,0.474375,155,1,44,9,29,unroll_32,unroll_4,pipeline_1,pipeline_1,1,20.75,0.294724826278,False
stencil_372.c,xczu7ev-ffvc1156-2-e,5,0.474375,134,1,44,9,29,unroll_32,unroll_4,pipeline_1,unroll_3,1,20.75,0.294724826278,False
stencil_322.c,xczu7ev-ffvc1156-2-e,5,1.056695,603,1,66,13,35,unroll_32,unroll_4,unroll_3,pipeline_1,1,28.75,0.100001058038,False
stencil_316.c,xczu7ev-ffvc1156-2-e,5,0.444855,401,1,88,17,57,unroll_32,unroll_8,pipeline_1,pipeline_1,1,40.75,0.100459160048,False
stencil_305.c,xczu7ev-ffvc1156-2-e,5,0.195965,26,1,6,1,1,unroll_4,pipeline_1,pipeline_1,pipeline_1,7,2.25,0.872850821235,False
stencil_339.c,xczu7ev-ffvc1156-2-e,5,0.195965,24.5,1,6,1,1,unroll_4,pipeline_1,pipeline_1,unroll_3,4,2.25,0.872850821235,False
stencil_270.c,xczu7ev-ffvc1156-2-e,5,0.195965,26,1,6,1,1,unroll_4,pipeline_1,unroll_3,pipeline_1,4,2.25,0.872850821235,False
stencil_297.c,xczu7ev-ffvc1156-2-e,5,0.195965,26,1,6,1,1,unroll_4,pipeline_1,unroll_3,unroll_3,2,2.25,0.872850821235,False
stencil_459.c,xczu7ev-ffvc1156-2-e,5,0.496815,26,1,2,1,1,unroll_4,unroll_2,pipeline_1,pipeline_1,2,1.25,0.660768398068,False
stencil_448.c,xczu7ev-ffvc1156-2-e,5,0.496815,26,1,2,1,1,unroll_4,unroll_2,pipeline_1,unroll_3,1,1.25,0.660768398068,False
stencil_460.c,xczu7ev-ffvc1156-2-e,5,1.092015,33,1,4,1,2,unroll_4,unroll_2,unroll_3,pipeline_1,1,2,0.147005063783,False
stencil_386.c,xczu7ev-ffvc1156-2-e,5,0.473815,29,1,5,1,3,unroll_4,unroll_4,pipeline_1,pipeline_1,3,2.5,0.660774932676,False
stencil_370.c,xczu7ev-ffvc1156-2-e,5,1.055015,41,1,8,1,4,unroll_4,unroll_4,unroll_3,pipeline_1,2,3.5,0.161572467953,False
stencil_373.c,xczu7ev-ffvc1156-2-e,5,0.46268,306,1,86,15,49,unroll_4,unroll_62,pipeline_1,pipeline_1,3,37.75,0.107109434241,False
stencil_475.c,xczu7ev-ffvc1156-2-e,5,0.46268,302,1,86,15,49,unroll_4,unroll_62,pipeline_1,unroll_3,2,37.75,0.107109434241,False
stencil_263.c,xczu7ev-ffvc1156-2-e,5,0.443175,43,1,11,2,7,unroll_4,unroll_8,pipeline_1,pipeline_1,2,5.25,0.627089459683,False
stencil_281.c,xczu7ev-ffvc1156-2-e,5,0.496965,153,1,44,8,26,unroll_64,unroll_2,pipeline_1,unroll_3,1,19.75,0.306075727728,False
stencil_318.c,xczu7ev-ffvc1156-2-e,5,0.475165,413,1,88,18,59,unroll_64,unroll_4,pipeline_1,pipeline_1,1,41.5,0.1,False
stencil_313.c,xczu7ev-ffvc1156-2-e,5,0.475165,413,1,88,18,59,unroll_64,unroll_4,pipeline_1,unroll_3,1,41.5,0.1,False
stencil_259.c,xczu7ev-ffvc1156-2-e,5,0.189685,29,1,12,1,3,unroll_8,pipeline_1,pipeline_1,pipeline_1,5,4.25,0.826897997957,False
stencil_408.c,xczu7ev-ffvc1156-2-e,5,0.189685,29,1,12,1,2,unroll_8,pipeline_1,unroll_3,pipeline_1,2,4,0.83378797851,False
stencil_267.c,xczu7ev-ffvc1156-2-e,5,0.189685,29,1,12,1,2,unroll_8,pipeline_1,unroll_3,unroll_3,1,4,0.83378797851,False
stencil_311.c,xczu7ev-ffvc1156-2-e,5,0.390075,139,1,44,8,27,unroll_8,unroll_16,pipeline_1,unroll_3,1,20,0.327634089638,False
stencil_315.c,xczu7ev-ffvc1156-2-e,5,0.496755,34,1,5,1,3,unroll_8,unroll_2,pipeline_1,pipeline_1,1,2.5,0.64136875663,False
stencil_264.c,xczu7ev-ffvc1156-2-e,5,0.473835,44,1,11,2,7,unroll_8,unroll_4,pipeline_1,unroll_3,2,5.25,0.609340157283,False
stencil_420.c,xczu7ev-ffvc1156-2-e,5,0.20781,47,1,5,1,6,unroll_8,unroll_8,unroll_3,unroll_3,1,3.25,0.840011257311,False
stencil_114.c,xczu7ev-ffvc1156-2-e,10,0.12105,45,1,3,1,2,pipeline_1,pipeline_1,pipeline_1,pipeline_1,16,1.75,1,True
stencil_111.c,xczu7ev-ffvc1156-2-e,10,0.12105,44.5,1,3,1,2,pipeline_1,pipeline_1,pipeline_1,unroll_3,8,1.75,1,True
stencil_131.c,xczu7ev-ffvc1156-2-e,10,0.12105,45,1,3,1,2,pipeline_1,pipeline_1,unroll_3,pipeline_1,7,1.75,1,True
stencil_116.c,xczu7ev-ffvc1156-2-e,10,0.12105,46.5,1,3,1,2,pipeline_1,pipeline_1,unroll_3,unroll_3,4,1.75,1,True
stencil_143.c,xczu7ev-ffvc1156-2-e,10,0.12105,44,1,3,1,2,pipeline_1,unroll_16,pipeline_1,pipeline_1,7,1.75,1,True
stencil_133.c,xczu7ev-ffvc1156-2-e,10,0.12105,45.5,1,3,1,2,pipeline_1,unroll_16,pipeline_1,unroll_3,4,1.75,1,True
stencil_16.c,xczu7ev-ffvc1156-2-e,10,0.12105,44.5,1,3,1,2,pipeline_1,unroll_16,unroll_3,pipeline_1,4,1.75,1,True
stencil_4.c,xczu7ev-ffvc1156-2-e,10,0.12105,44,1,3,1,2,pipeline_1,unroll_16,unroll_3,unroll_3,2,1.75,1,True
stencil_112.c,xczu7ev-ffvc1156-2-e,10,0.12105,45,1,3,1,2,pipeline_1,unroll_2,pipeline_1,pipeline_1,8,1.75,1,True
stencil_13.c,xczu7ev-ffvc1156-2-e,10,0.12105,46,1,3,1,2,pipeline_1,unroll_2,pipeline_1,unroll_3,4,1.75,1,True
stencil_128.c,xczu7ev-ffvc1156-2-e,10,0.12105,46,1,3,1,2,pipeline_1,unroll_2,unroll_3,pipeline_1,4,1.75,1,True
stencil_108.c,xczu7ev-ffvc1156-2-e,10,0.12105,45,1,3,1,2,pipeline_1,unroll_2,unroll_3,unroll_3,2,1.75,1,True
stencil_109.c,xczu7ev-ffvc1156-2-e,10,0.12105,45,1,3,1,2,pipeline_1,unroll_4,pipeline_1,pipeline_1,8,1.75,1,True
stencil_181.c,xczu7ev-ffvc1156-2-e,10,0.12105,46,1,3,1,2,pipeline_1,unroll_4,pipeline_1,unroll_3,4,1.75,1,True
stencil_142.c,xczu7ev-ffvc1156-2-e,10,0.12105,47,1,3,1,2,pipeline_1,unroll_4,unroll_3,pipeline_1,3,1.75,1,True
stencil_252.c,xczu7ev-ffvc1156-2-e,10,0.12105,45,1,3,1,2,pipeline_1,unroll_4,unroll_3,unroll_3,2,1.75,1,True
stencil_110.c,xczu7ev-ffvc1156-2-e,10,0.12105,48,1,3,1,2,pipeline_1,unroll_62,pipeline_1,pipeline_1,8,1.75,1,True
stencil_119.c,xczu7ev-ffvc1156-2-e,10,0.12105,48.5,1,3,1,2,pipeline_1,unroll_62,pipeline_1,unroll_3,4,1.75,1,True
stencil_102.c,xczu7ev-ffvc1156-2-e,10,0.12105,52,1,3,1,2,pipeline_1,unroll_62,unroll_3,pipeline_1,4,1.75,1,True
stencil_26.c,xczu7ev-ffvc1156-2-e,10,0.12105,48.5,1,3,1,2,pipeline_1,unroll_62,unroll_3,unroll_3,2,1.75,1,True
stencil_162.c,xczu7ev-ffvc1156-2-e,10,0.12105,43.5,1,3,1,2,pipeline_1,unroll_8,pipeline_1,pipeline_1,6,1.75,1,True
stencil_127.c,xczu7ev-ffvc1156-2-e,10,0.12105,44.5,1,3,1,2,pipeline_1,unroll_8,pipeline_1,unroll_3,4,1.75,1,True
stencil_104.c,xczu7ev-ffvc1156-2-e,10,0.12105,47.5,1,3,1,2,pipeline_1,unroll_8,unroll_3,pipeline_1,4,1.75,1,True
stencil_17.c,xczu7ev-ffvc1156-2-e,10,0.12105,44,1,3,1,2,pipeline_1,unroll_8,unroll_3,unroll_3,2,1.75,1,True
stencil_68.c,xczu7ev-ffvc1156-2-e,10,0.35313,39,1,25,1,5,unroll_16,pipeline_1,pipeline_1,unroll_3,1,8,0.678480171671,False
stencil_62.c,xczu7ev-ffvc1156-2-e,10,0.74431,140,1,44,3,27,unroll_16,unroll_8,pipeline_1,pipeline_1,1,18.75,0.291435183655,False
stencil_34.c,xczu7ev-ffvc1156-2-e,10,0.74431,138,1,44,3,27,unroll_16,unroll_8,pipeline_1,unroll_3,1,18.75,0.291435183655,False
stencil_120.c,xczu7ev-ffvc1156-2-e,10,0.39696,24.5,1,3,1,1,unroll_2,pipeline_1,pipeline_1,pipeline_1,8,1.5,1,True
stencil_157.c,xczu7ev-ffvc1156-2-e,10,0.39696,25,1,3,1,1,unroll_2,pipeline_1,pipeline_1,unroll_3,4,1.5,1,True
stencil_0.c,xczu7ev-ffvc1156-2-e,10,0.39696,25.5,1,3,1,1,unroll_2,pipeline_1,unroll_3,pipeline_1,4,1.5,1,True
stencil_221.c,xczu7ev-ffvc1156-2-e,10,0.39696,24.5,1,3,1,1,unroll_2,pipeline_1,unroll_3,unroll_3,2,1.5,1,True
stencil_125.c,xczu7ev-ffvc1156-2-e,10,0.64576,42,1,11,1,6,unroll_2,unroll_16,pipeline_1,pipeline_1,3,4.75,0.627508748431,False
stencil_209.c,xczu7ev-ffvc1156-2-e,10,0.64576,43,1,11,1,6,unroll_2,unroll_16,pipeline_1,unroll_3,2,4.75,0.627508748431,False
stencil_14.c,xczu7ev-ffvc1156-2-e,10,1.3816,72,1,16,1,8,unroll_2,unroll_16,unroll_3,pipeline_1,2,6.5,0.252839946889,False
stencil_59.c,xczu7ev-ffvc1156-2-e,10,0.36798,35,1,3,1,3,unroll_2,unroll_16,unroll_3,unroll_3,1,2,0.848216057553,False
stencil_1.c,xczu7ev-ffvc1156-2-e,10,0.82216,25.5,1,1,1,1,unroll_2,unroll_2,pipeline_1,pipeline_1,4,1,1,True
stencil_11.c,xczu7ev-ffvc1156-2-e,10,0.82216,23.5,1,1,1,1,unroll_2,unroll_2,pipeline_1,unroll_3,2,1,1,True
stencil_164.c,xczu7ev-ffvc1156-2-e,10,1.68148,26.5,1,2,1,1,unroll_2,unroll_2,unroll_3,pipeline_1,2,1.25,0.155992589774,False
stencil_226.c,xczu7ev-ffvc1156-2-e,10,0.45114,26,1,3,1,1,unroll_2,unroll_2,unroll_3,unroll_3,1,1.5,0.798153713949,False
stencil_100.c,xczu7ev-ffvc1156-2-e,10,0.78184,27,1,2,1,1,unroll_2,unroll_4,pipeline_1,pipeline_1,4,1.25,1,True
stencil_130.c,xczu7ev-ffvc1156-2-e,10,0.78184,27,1,2,1,1,unroll_2,unroll_4,pipeline_1,unroll_3,2,1.25,1,True
stencil_107.c,xczu7ev-ffvc1156-2-e,10,1.62352,32,1,4,1,2,unroll_2,unroll_4,unroll_3,pipeline_1,2,2,0.173114409914,False
stencil_217.c,xczu7ev-ffvc1156-2-e,10,0.4209,24,1,3,1,1,unroll_2,unroll_4,unroll_3,unroll_3,1,1.5,0.828198180258,False
stencil_106.c,xczu7ev-ffvc1156-2-e,10,0.78184,139,1,43,2,23,unroll_2,unroll_62,pipeline_1,pipeline_1,4,17.25,0.298886028823,False
stencil_172.c,xczu7ev-ffvc1156-2-e,10,0.78184,134,1,43,3,23,unroll_2,unroll_62,pipeline_1,unroll_3,2,17.5,0.295332766324,False
stencil_35.c,xczu7ev-ffvc1156-2-e,10,1.64116,580.5,1,64,3,30,unroll_2,unroll_62,unroll_3,pipeline_1,2,24.5,0.1,False
stencil_160.c,xczu7ev-ffvc1156-2-e,10,0.12228,70,1,8,1,5,unroll_2,unroll_62,unroll_3,unroll_3,1,3.75,0.898709145506,False
stencil_201.c,xczu7ev-ffvc1156-2-e,10,0.73144,32,1,5,1,3,unroll_2,unroll_8,pipeline_1,pipeline_1,2,2.5,0.656655829454,False
stencil_251.c,xczu7ev-ffvc1156-2-e,10,0.73144,31,1,5,1,3,unroll_2,unroll_8,pipeline_1,unroll_3,2,2.5,0.656655829454,False
stencil_210.c,xczu7ev-ffvc1156-2-e,10,1.53784,43,1,8,1,4,unroll_2,unroll_8,unroll_3,pipeline_1,1,3.5,0.200967013334,False
stencil_18.c,xczu7ev-ffvc1156-2-e,10,0.30305,52.5,1,50,2,11,unroll_32,pipeline_1,pipeline_1,pipeline_1,2,16,0.529780341732,False
stencil_58.c,xczu7ev-ffvc1156-2-e,10,0.30305,58,1,50,2,11,unroll_32,pipeline_1,pipeline_1,unroll_3,1,16,0.529780341732,False
stencil_21.c,xczu7ev-ffvc1156-2-e,10,0.30305,58,1,50,2,11,unroll_32,pipeline_1,unroll_3,pipeline_1,2,16,0.529780341732,False
stencil_73.c,xczu7ev-ffvc1156-2-e,10,0.39452,653,1,3,5,29,unroll_32,unroll_16,unroll_3,unroll_3,1,9.5,0.636635012773,False
stencil_55.c,xczu7ev-ffvc1156-2-e,10,0.83491,66,1,22,1,12,unroll_32,unroll_2,pipeline_1,pipeline_1,1,9,0.470339116918,False
stencil_28.c,xczu7ev-ffvc1156-2-e,10,1.70787,185,1,33,2,16,unroll_32,unroll_2,unroll_3,pipeline_1,1,13,0.122034300629,False
stencil_22.c,xczu7ev-ffvc1156-2-e,10,0.79515,134,1,44,4,28,unroll_32,unroll_4,pipeline_1,pipeline_1,1,19.25,0.265184368271,False
stencil_122.c,xczu7ev-ffvc1156-2-e,10,0.39069,25,1,6,1,1,unroll_4,pipeline_1,pipeline_1,pipeline_1,8,2.25,0.83715413686,False
stencil_101.c,xczu7ev-ffvc1156-2-e,10,0.39069,25,1,6,1,1,unroll_4,pipeline_1,pipeline_1,unroll_3,3,2.25,0.83715413686,False
stencil_12.c,xczu7ev-ffvc1156-2-e,10,0.39069,28,1,6,1,1,unroll_4,pipeline_1,unroll_3,pipeline_1,4,2.25,0.83715413686,False
stencil_40.c,xczu7ev-ffvc1156-2-e,10,0.39069,28,1,6,1,1,unroll_4,pipeline_1,unroll_3,unroll_3,1,2.25,0.83715413686,False
stencil_256.c,xczu7ev-ffvc1156-2-e,10,0.65627,64,1,22,1,13,unroll_4,unroll_16,pipeline_1,unroll_3,1,9.25,0.5153540419,False
stencil_121.c,xczu7ev-ffvc1156-2-e,10,0.83491,26,1,2,1,1,unroll_4,unroll_2,pipeline_1,pipeline_1,3,1.25,0.637933456796,False
stencil_222.c,xczu7ev-ffvc1156-2-e,10,0.83491,25,1,2,1,1,unroll_4,unroll_2,pipeline_1,unroll_3,1,1.25,0.637933456796,False
stencil_140.c,xczu7ev-ffvc1156-2-e,10,1.70787,32,1,4,1,2,unroll_4,unroll_2,unroll_3,pipeline_1,1,2,0.148751613726,False
stencil_177.c,xczu7ev-ffvc1156-2-e,10,0.46792,26,1,3,1,1,unroll_4,unroll_2,unroll_3,unroll_3,1,1.5,0.781754497928,False
stencil_250.c,xczu7ev-ffvc1156-2-e,10,0.79403,31,1,5,1,3,unroll_4,unroll_4,pipeline_1,pipeline_1,1,2.5,0.637068729473,False
stencil_147.c,xczu7ev-ffvc1156-2-e,10,0.79403,30,1,5,1,3,unroll_4,unroll_4,pipeline_1,unroll_3,2,2.5,0.637068729473,False
stencil_229.c,xczu7ev-ffvc1156-2-e,10,1.64923,39.5,1,8,1,4,unroll_4,unroll_4,unroll_3,pipeline_1,2,3.5,0.163819072606,False
stencil_183.c,xczu7ev-ffvc1156-2-e,10,0.43228,29,1,3,1,2,unroll_4,unroll_4,unroll_3,unroll_3,1,1.75,0.815990281611,False
stencil_215.c,xczu7ev-ffvc1156-2-e,10,0.7716,307,1,86,6,47,unroll_4,unroll_62,pipeline_1,pipeline_1,1,35,0.104723565027,False
stencil_189.c,xczu7ev-ffvc1156-2-e,10,0.7716,304,1,86,6,46,unroll_4,unroll_62,pipeline_1,unroll_3,2,34.75,0.105605447526,False
stencil_163.c,xczu7ev-ffvc1156-2-e,10,0.11979,94,1,27,1,14,unroll_4,unroll_62,unroll_3,unroll_3,1,10.75,1,True
stencil_6.c,xczu7ev-ffvc1156-2-e,10,0.74299,42,1,11,1,6,unroll_4,unroll_8,pipeline_1,pipeline_1,1,4.75,0.606455615625,False
stencil_234.c,xczu7ev-ffvc1156-2-e,10,0.74299,40,1,11,1,6,unroll_4,unroll_8,pipeline_1,unroll_3,1,4.75,0.606455615625,False
stencil_69.c,xczu7ev-ffvc1156-2-e,10,1.56267,72,1,16,1,8,unroll_4,unroll_8,unroll_3,pipeline_1,1,6.5,0.183455156057,False
stencil_24.c,xczu7ev-ffvc1156-2-e,10,0.83521,150,1,44,3,24,unroll_64,unroll_2,pipeline_1,unroll_3,1,18,0.26916962381,False
stencil_2.c,xczu7ev-ffvc1156-2-e,10,0.37817,31,1,12,1,2,unroll_8,pipeline_1,pipeline_1,pipeline_1,6,4,0.792478865686,False
stencil_134.c,xczu7ev-ffvc1156-2-e,10,0.37817,29,1,12,1,2,unroll_8,pipeline_1,pipeline_1,unroll_3,1,4,0.792478865686,False
stencil_228.c,xczu7ev-ffvc1156-2-e,10,0.37817,29,1,12,1,2,unroll_8,pipeline_1,unroll_3,pipeline_1,1,4,0.792478865686,False
stencil_10.c,xczu7ev-ffvc1156-2-e,10,0.37817,34,1,12,1,2,unroll_8,pipeline_1,unroll_3,unroll_3,1,4,0.792478865686,False
stencil_64.c,xczu7ev-ffvc1156-2-e,10,0.83479,34,1,5,1,3,unroll_8,unroll_2,pipeline_1,pipeline_1,1,2.5,0.614769278312,False
stencil_41.c,xczu7ev-ffvc1156-2-e,10,0.83479,31,1,5,1,3,unroll_8,unroll_2,pipeline_1,unroll_3,1,2.5,0.614769278312,False
stencil_207.c,xczu7ev-ffvc1156-2-e,10,0.79407,43,1,11,1,7,unroll_8,unroll_4,pipeline_1,pipeline_1,1,5,0.581660944175,False
stencil_30.c,xczu7ev-ffvc1156-2-e,10,0.79407,43,1,11,1,7,unroll_8,unroll_4,pipeline_1,unroll_3,2,5,0.581660944175,False
stencil_60.c,xczu7ev-ffvc1156-2-e,10,1.64959,74,1,16,1,8,unroll_8,unroll_4,unroll_3,pipeline_1,1,6.5,0.157260476944,False
