Version,Device,Clock_Period_nsec,Latency_msec,Synthesis_Time_sec,BRAM_Utilization_percentage,DSP_Utilization_percentage,FF_Utilization_percentage,LUT_Utilization_percentage,Array_1,OuterLoop_1,InnerLoop_1_1,InnerLoop_2_1,InnerLoop_3_1,Replicate_Count,Area,Weight,is_pareto
workload_3243.cpp,xcu200-fsgd2104-2-e,3.33,46.15391322,82.5,0,0,0,1,block_2_1,unroll_2,unroll_2,unroll_2,pipeline_1,6,0.25,0.965434107832,False
workload_3447.cpp,xcu200-fsgd2104-2-e,3.33,38.69471322,188,0,0,1,1,block_2_1,unroll_2,unroll_2,unroll_4,pipeline_1,2,0.5,0.973037065265,False
workload_3326.cpp,xcu200-fsgd2104-2-e,3.33,40.7511747,920,0,0,2,5,block_2_1,unroll_2,unroll_2,unroll_8,pipeline_1,1,1.75,0.844129644387,False
workload_3322.cpp,xcu200-fsgd2104-2-e,3.33,46.0326879,190.5,0,0,1,2,block_2_1,unroll_4,unroll_2,unroll_2,pipeline_1,6,0.75,0.936877997679,False
workload_3405.cpp,xcu200-fsgd2104-2-e,3.33,374.8715199,226,0,0,1,2,block_2_1,unroll_4,unroll_2,unroll_2,unroll_2,1,0.75,0.117862883447,False
workload_3198.cpp,xcu200-fsgd2104-2-e,3.33,98.1351999,3010,0,1,5,6,block_2_1,unroll_4,unroll_2,unroll_2,unroll_32,1,3,0.640381443982,False
workload_3465.cpp,xcu200-fsgd2104-2-e,3.33,214.4987199,312,0,0,1,2,block_2_1,unroll_4,unroll_2,unroll_2,unroll_4,1,0.75,0.372073404681,False
workload_3427.cpp,xcu200-fsgd2104-2-e,3.33,38.6434179,833,0,0,1,3,block_2_1,unroll_4,unroll_2,unroll_4,pipeline_1,2,1,0.920361193497,False
workload_3504.cpp,xcu200-fsgd2104-2-e,3.33,38.61909558,957,0,0,2,3,block_2_1,unroll_4,unroll_4,unroll_2,pipeline_1,1,1.25,0.894635455195,False
workload_3365.cpp,xcu200-fsgd2104-2-e,3.33,38.73200922,87,0,0,0,1,block_4_1,unroll_2,unroll_2,unroll_2,pipeline_1,2,0.25,0.999201701448,False
workload_3433.cpp,xcu200-fsgd2104-2-e,3.33,38.69471322,190,0,0,1,1,block_4_1,unroll_2,unroll_2,unroll_4,pipeline_1,1,0.5,0.973037065265,False
workload_3438.cpp,xcu200-fsgd2104-2-e,3.33,40.7511747,938,0,0,2,5,block_4_1,unroll_2,unroll_2,unroll_8,pipeline_1,1,1.75,0.844129644387,False
workload_3307.cpp,xcu200-fsgd2104-2-e,3.33,242.40430638,1115,0,0,3,7,block_4_1,unroll_2,unroll_2,unroll_8,unroll_4,1,2.5,0.292237114587,False
workload_3393.cpp,xcu200-fsgd2104-2-e,3.33,38.6107839,197.5,0,0,1,2,block_4_1,unroll_4,unroll_2,unroll_2,pipeline_1,4,0.75,0.946497704273,False
workload_3442.cpp,xcu200-fsgd2104-2-e,3.33,374.8715199,233,0,0,1,2,block_4_1,unroll_4,unroll_2,unroll_2,unroll_2,1,0.75,0.117862883447,False
workload_3441.cpp,xcu200-fsgd2104-2-e,3.33,38.6434179,888,0,0,1,3,block_4_1,unroll_4,unroll_2,unroll_4,pipeline_1,1,1,0.920361193497,False
workload_3437.cpp,xcu200-fsgd2104-2-e,3.33,38.67947514,78.5,0,0,0,1,block_8_1,unroll_2,unroll_2,unroll_2,pipeline_1,4,0.25,0.999443020128,False
workload_3425.cpp,xcu200-fsgd2104-2-e,3.33,38.63751714,179,0,0,0,1,block_8_1,unroll_2,unroll_2,unroll_4,pipeline_1,4,0.25,0.99963578016,False
workload_3493.cpp,xcu200-fsgd2104-2-e,3.33,40.69864062,839,0,0,2,5,block_8_1,unroll_2,unroll_2,unroll_8,pipeline_1,1,1.75,0.844143030715,False
workload_3608.cpp,xcu200-fsgd2104-2-e,3.33,38.68882578,191,0,0,1,1,block_8_1,unroll_2,unroll_4,unroll_2,pipeline_1,1,0.5,0.97303766705,False
workload_3466.cpp,xcu200-fsgd2104-2-e,3.33,38.65619178,825,0,0,1,2,block_8_1,unroll_2,unroll_4,unroll_4,pipeline_1,1,0.75,0.946496416303,False
workload_3470.cpp,xcu200-fsgd2104-2-e,3.33,38.55824982,181.5,0,0,0,1,block_8_1,unroll_4,unroll_2,unroll_2,pipeline_1,4,0.25,1,True
workload_3567.cpp,xcu200-fsgd2104-2-e,3.33,374.81898582,214,0,0,1,1,block_8_1,unroll_4,unroll_2,unroll_2,unroll_2,1,0.5,0.117997976027,False
workload_3426.cpp,xcu200-fsgd2104-2-e,3.33,38.58622182,843,0,0,1,2,block_8_1,unroll_4,unroll_2,unroll_4,pipeline_1,3,0.75,0.946498077015,False
workload_3535.cpp,xcu200-fsgd2104-2-e,3.33,38.56293846,864,0,0,1,2,block_8_1,unroll_4,unroll_4,unroll_2,pipeline_1,3,0.75,0.946498220362,False
workload_3492.cpp,xcu200-fsgd2104-2-e,3.33,45.98557173,836,0,0,1,2,block_8_1,unroll_8,unroll_2,unroll_2,pipeline_1,2,0.75,0.936989328317,False
workload_3148.cpp,xcu200-fsgd2104-2-e,3.33,38.6874405,83,0,0,0,1,complete_1,unroll_2,unroll_2,unroll_2,pipeline_1,5,0.25,0.999406428652,False
workload_3323.cpp,xcu200-fsgd2104-2-e,3.33,46.0534005,181.5,0,0,0,1,complete_1,unroll_2,unroll_2,unroll_4,pipeline_1,6,0.25,0.965887096109,False
workload_3342.cpp,xcu200-fsgd2104-2-e,3.33,48.41606214,766,0,0,2,4.5,complete_1,unroll_2,unroll_2,unroll_8,pipeline_1,6,1.625,0.850667460541,False
workload_3508.cpp,xcu200-fsgd2104-2-e,3.33,38.69192934,189,0,0,1,2,complete_1,unroll_2,unroll_4,unroll_2,pipeline_1,1,0.75,0.946494856036,False
workload_3414.cpp,xcu200-fsgd2104-2-e,3.33,46.07187534,849,0,0,1,2,complete_1,unroll_2,unroll_4,unroll_4,pipeline_1,2,0.75,0.936785024608,False
workload_3064.cpp,xcu200-fsgd2104-2-e,3.33,45.97946784,185,0,0,0,1.5,complete_1,unroll_4,unroll_2,unroll_2,pipeline_1,6,0.375,0.963667072911,False
workload_3518.cpp,xcu200-fsgd2104-2-e,3.33,374.81829984,221,0,0,1,1,complete_1,unroll_4,unroll_2,unroll_2,unroll_2,1,0.5,0.117998421736,False
workload_3285.cpp,xcu200-fsgd2104-2-e,3.33,38.58786684,849,0,0,1,2,complete_1,unroll_4,unroll_2,unroll_4,pipeline_1,5,0.75,0.946498059158,False
workload_3471.cpp,xcu200-fsgd2104-2-e,3.33,38.56195278,904,0,0,1,3,complete_1,unroll_4,unroll_4,unroll_2,pipeline_1,4,1,0.920362089161,False
workload_3611.cpp,xcu200-fsgd2104-2-e,3.33,374.82268878,1054,0,0,1,3,complete_1,unroll_4,unroll_4,unroll_2,unroll_2,1,1,0.117726761147,False
workload_3474.cpp,xcu200-fsgd2104-2-e,3.33,38.56322151,898,0,0,1,3,complete_1,unroll_8,unroll_2,unroll_2,pipeline_1,3,1,0.920362087799,False
workload_3306.cpp,xcu200-fsgd2104-2-e,3.33,38.67947514,79,0,0,0,1,complete_2,unroll_2,unroll_2,unroll_2,pipeline_1,5,0.25,0.999443020128,False
workload_3360.cpp,xcu200-fsgd2104-2-e,3.33,382.26887514,90,0,0,0,1,complete_2,unroll_2,unroll_2,unroll_2,unroll_2,1,0.25,0.113511552153,False
workload_3247.cpp,xcu200-fsgd2104-2-e,3.33,38.63751714,178,0,0,0,1,complete_2,unroll_2,unroll_2,unroll_4,pipeline_1,5,0.25,0.99963578016,False
workload_3287.cpp,xcu200-fsgd2104-2-e,3.33,48.41742078,784,0,0,2,4.5,complete_2,unroll_2,unroll_2,unroll_8,pipeline_1,4,1.625,0.850665805782,False
workload_3431.cpp,xcu200-fsgd2104-2-e,3.33,428.6546163,765,0,0,2,5,complete_2,unroll_2,unroll_2,unroll_8,unroll_2,1,1.75,0.1,False
workload_3450.cpp,xcu200-fsgd2104-2-e,3.33,38.68882578,178,0,0,1,1,complete_2,unroll_2,unroll_4,unroll_2,pipeline_1,1,0.5,0.97303766705,False
workload_3616.cpp,xcu200-fsgd2104-2-e,3.33,38.65619178,808,0,0,1,2,complete_2,unroll_2,unroll_4,unroll_4,pipeline_1,1,0.75,0.946496416303,False
workload_3336.cpp,xcu200-fsgd2104-2-e,3.33,45.98015382,181,0,0,0,1,complete_2,unroll_4,unroll_2,unroll_2,pipeline_1,6,0.25,0.966217277117,False
workload_3519.cpp,xcu200-fsgd2104-2-e,3.33,374.81898582,217,0,0,1,1,complete_2,unroll_4,unroll_2,unroll_2,unroll_2,1,0.5,0.117997976027,False
workload_3381.cpp,xcu200-fsgd2104-2-e,3.33,211.53709782,530,0,0,2,2,complete_2,unroll_4,unroll_2,unroll_2,unroll_8,1,1,0.37830350127,False
workload_3408.cpp,xcu200-fsgd2104-2-e,3.33,38.58622182,829.5,0,0,1,2,complete_2,unroll_4,unroll_2,unroll_4,pipeline_1,4,0.75,0.946498077015,False
workload_3468.cpp,xcu200-fsgd2104-2-e,3.33,374.84695782,977,0,0,1,2,complete_2,unroll_4,unroll_2,unroll_4,unroll_2,1,0.75,0.117878778482,False
workload_3577.cpp,xcu200-fsgd2104-2-e,3.33,38.56293846,856,0,0,1,2,complete_2,unroll_4,unroll_4,unroll_2,pipeline_1,5,0.75,0.946498220362,False
workload_3612.cpp,xcu200-fsgd2104-2-e,3.33,374.82367446,997,0,0,1,2,complete_2,unroll_4,unroll_4,unroll_2,unroll_2,1,0.75,0.117893852535,False
workload_3462.cpp,xcu200-fsgd2104-2-e,3.33,38.56366773,862,0,0,1,2,complete_2,unroll_8,unroll_2,unroll_2,pipeline_1,2,0.75,0.946498218972,False
workload_3509.cpp,xcu200-fsgd2104-2-e,3.33,38.67947514,79,0,0,0,1,cyclic_2_1,unroll_2,unroll_2,unroll_2,pipeline_1,3,0.25,0.999443020128,False
workload_3423.cpp,xcu200-fsgd2104-2-e,3.33,38.63751714,175.5,0,0,0,1,cyclic_2_1,unroll_2,unroll_2,unroll_4,pipeline_1,4,0.25,0.99963578016,False
workload_3338.cpp,xcu200-fsgd2104-2-e,3.33,216.32498514,299,0,0,1,2,cyclic_2_1,unroll_2,unroll_2,unroll_4,unroll_4,1,0.75,0.367488927243,False
workload_3328.cpp,xcu200-fsgd2104-2-e,3.33,40.69864062,902,0,0,2,5,cyclic_2_1,unroll_2,unroll_2,unroll_8,pipeline_1,3,1.75,0.844143030715,False
workload_3272.cpp,xcu200-fsgd2104-2-e,3.33,242.3517723,1101,0,0,3,7,cyclic_2_1,unroll_2,unroll_2,unroll_8,unroll_4,1,2.5,0.292345084723,False
workload_3566.cpp,xcu200-fsgd2104-2-e,3.33,38.68882578,182.5,0,0,1,1,cyclic_2_1,unroll_2,unroll_4,unroll_2,pipeline_1,2,0.5,0.97303766705,False
workload_3537.cpp,xcu200-fsgd2104-2-e,3.33,38.65619178,856,0,0,1,2,cyclic_2_1,unroll_2,unroll_4,unroll_4,pipeline_1,1,0.75,0.946496416303,False
workload_3487.cpp,xcu200-fsgd2104-2-e,3.33,38.55824982,185.5,0,0,0,1,cyclic_2_1,unroll_4,unroll_2,unroll_2,pipeline_1,4,0.25,1,True
workload_3514.cpp,xcu200-fsgd2104-2-e,3.33,38.58622182,844,0,0,1,2,cyclic_2_1,unroll_4,unroll_2,unroll_4,pipeline_1,3,0.75,0.946498077015,False
workload_3549.cpp,xcu200-fsgd2104-2-e,3.33,38.56293846,873,0,0,1,2,cyclic_2_1,unroll_4,unroll_4,unroll_2,pipeline_1,3,0.75,0.946498220362,False
workload_3555.cpp,xcu200-fsgd2104-2-e,3.33,38.56366773,865,0,0,1,2,cyclic_2_1,unroll_8,unroll_2,unroll_2,pipeline_1,2,0.75,0.946498218972,False
workload_3290.cpp,xcu200-fsgd2104-2-e,3.33,38.67947514,81,0,0,0,1,cyclic_4_1,unroll_2,unroll_2,unroll_2,pipeline_1,4,0.25,0.999443020128,False
workload_3354.cpp,xcu200-fsgd2104-2-e,3.33,138.15723114,327,0,1,2,4,cyclic_4_1,unroll_2,unroll_2,unroll_2,unroll_16,1,1.75,0.579731344126,False
workload_3377.cpp,xcu200-fsgd2104-2-e,3.33,382.26887514,92,0,0,0,1,cyclic_4_1,unroll_2,unroll_2,unroll_2,unroll_2,1,0.25,0.113511552153,False
workload_3317.cpp,xcu200-fsgd2104-2-e,3.33,218.40889914,117,0,0,0,1,cyclic_4_1,unroll_2,unroll_2,unroll_2,unroll_4,1,0.25,0.363268614235,False
workload_3292.cpp,xcu200-fsgd2104-2-e,3.33,215.86344714,197,0,1,1,2,cyclic_4_1,unroll_2,unroll_2,unroll_2,unroll_8,1,1,0.367413049195,False
workload_3282.cpp,xcu200-fsgd2104-2-e,3.33,38.63751714,181,0,0,0,1,cyclic_4_1,unroll_2,unroll_2,unroll_4,pipeline_1,5,0.25,0.99963578016,False
workload_3384.cpp,xcu200-fsgd2104-2-e,3.33,378.56258514,213,0,0,1,1,cyclic_4_1,unroll_2,unroll_2,unroll_4,unroll_2,1,0.5,0.115647801765,False
workload_3208.cpp,xcu200-fsgd2104-2-e,3.33,216.32498514,317.5,0,0,1,2,cyclic_4_1,unroll_2,unroll_2,unroll_4,unroll_4,2,0.75,0.367488927243,False
workload_3094.cpp,xcu200-fsgd2104-2-e,3.33,48.41742078,1231.5,0,0,2,4.5,cyclic_4_1,unroll_2,unroll_2,unroll_8,pipeline_1,4,1.625,0.850665805782,False
workload_3191.cpp,xcu200-fsgd2104-2-e,3.33,428.6546163,840,0,0,2,5,cyclic_4_1,unroll_2,unroll_2,unroll_8,unroll_2,2,1.75,0.1,False
workload_3076.cpp,xcu200-fsgd2104-2-e,3.33,242.3517723,1228,0,0,3,7,cyclic_4_1,unroll_2,unroll_2,unroll_8,unroll_4,2,2.5,0.292345084723,False
workload_3478.cpp,xcu200-fsgd2104-2-e,3.33,38.68882578,182,0,0,1,1,cyclic_4_1,unroll_2,unroll_4,unroll_2,pipeline_1,3,0.5,0.97303766705,False
workload_3477.cpp,xcu200-fsgd2104-2-e,3.33,38.65619178,854.5,0,0,1,2,cyclic_4_1,unroll_2,unroll_4,unroll_4,pipeline_1,2,0.75,0.946496416303,False
workload_3401.cpp,xcu200-fsgd2104-2-e,3.33,38.55824982,184,0,0,0,1,cyclic_4_1,unroll_4,unroll_2,unroll_2,pipeline_1,4,0.25,1,True
workload_3541.cpp,xcu200-fsgd2104-2-e,3.33,374.81898582,220,0,0,1,1,cyclic_4_1,unroll_4,unroll_2,unroll_2,unroll_2,1,0.5,0.117997976027,False
workload_3366.cpp,xcu200-fsgd2104-2-e,3.33,38.58622182,831,0,0,1,2,cyclic_4_1,unroll_4,unroll_2,unroll_4,pipeline_1,5,0.75,0.946498077015,False
workload_3520.cpp,xcu200-fsgd2104-2-e,3.33,38.56293846,870,0,0,1,2,cyclic_4_1,unroll_4,unroll_4,unroll_2,pipeline_1,3,0.75,0.946498220362,False
workload_3495.cpp,xcu200-fsgd2104-2-e,3.33,38.56444029,874,0,0,1,2,cyclic_4_1,unroll_8,unroll_2,unroll_2,pipeline_1,3,0.75,0.946498217282,False
workload_3368.cpp,xcu200-fsgd2104-2-e,3.33,214.45237629,1374,0,0,2,3,cyclic_4_1,unroll_8,unroll_2,unroll_2,unroll_4,1,1.25,0.369203815368,False
workload_3540.cpp,xcu200-fsgd2104-2-e,3.33,60.10081902,2241,0,27,17,23,cyclic_8_1,unroll_2,unroll_2,pipeline_1,pipeline_1,1,16.75,0.100006034412,False
workload_3297.cpp,xcu200-fsgd2104-2-e,3.33,38.67947514,83,0,0,0,1,cyclic_8_1,unroll_2,unroll_2,unroll_2,pipeline_1,5,0.25,0.999443020128,False
workload_3284.cpp,xcu200-fsgd2104-2-e,3.33,138.15723114,350,0,1,2,4,cyclic_8_1,unroll_2,unroll_2,unroll_2,unroll_16,3,1.75,0.579731344126,False
workload_3289.cpp,xcu200-fsgd2104-2-e,3.33,382.26887514,97.5,0,0,0,1,cyclic_8_1,unroll_2,unroll_2,unroll_2,unroll_2,2,0.25,0.113511552153,False
workload_3346.cpp,xcu200-fsgd2104-2-e,3.33,215.86344714,195,0,1,1,2,cyclic_8_1,unroll_2,unroll_2,unroll_2,unroll_8,1,1,0.367413049195,False
workload_3158.cpp,xcu200-fsgd2104-2-e,3.33,46.05942114,184.5,0,0,0,1,cyclic_8_1,unroll_2,unroll_2,unroll_4,pipeline_1,6,0.25,0.965859959099,False
workload_3407.cpp,xcu200-fsgd2104-2-e,3.33,378.56258514,213,0,0,1,1,cyclic_8_1,unroll_2,unroll_2,unroll_4,unroll_2,2,0.5,0.115647801765,False
workload_3361.cpp,xcu200-fsgd2104-2-e,3.33,216.32498514,295,0,0,1,2,cyclic_8_1,unroll_2,unroll_2,unroll_4,unroll_4,1,0.75,0.367488927243,False
workload_3293.cpp,xcu200-fsgd2104-2-e,3.33,48.41742078,787,0,0,2,4.5,cyclic_8_1,unroll_2,unroll_2,unroll_8,pipeline_1,4,1.625,0.850665805782,False
workload_3367.cpp,xcu200-fsgd2104-2-e,3.33,46.11072978,185,0,0,0.5,1,cyclic_8_1,unroll_2,unroll_4,unroll_2,pipeline_1,2,0.375,0.963117545096,False
workload_3320.cpp,xcu200-fsgd2104-2-e,3.33,216.03596778,543,0,1,2,3,cyclic_8_1,unroll_2,unroll_4,unroll_2,unroll_8,1,1.5,0.363092832634,False
workload_3302.cpp,xcu200-fsgd2104-2-e,3.33,53.49999978,824,0,0,1,2,cyclic_8_1,unroll_2,unroll_4,unroll_4,pipeline_1,3,0.75,0.914577796298,False
workload_3334.cpp,xcu200-fsgd2104-2-e,3.33,216.46254078,1390,0,0,2,3,cyclic_8_1,unroll_2,unroll_4,unroll_4,unroll_4,1,1.25,0.36421961493,False
workload_3273.cpp,xcu200-fsgd2104-2-e,3.33,38.55824982,190,0,0,0,1,cyclic_8_1,unroll_4,unroll_2,unroll_2,pipeline_1,4,0.25,1,True
workload_3092.cpp,xcu200-fsgd2104-2-e,3.33,135.90080982,1106,0,1,3,4,cyclic_8_1,unroll_4,unroll_2,unroll_2,unroll_16,2,2,0.579576422256,False
workload_3579.cpp,xcu200-fsgd2104-2-e,3.33,374.81898582,223,0,0,1,1,cyclic_8_1,unroll_4,unroll_2,unroll_2,unroll_2,1,0.5,0.117997976027,False
workload_3373.cpp,xcu200-fsgd2104-2-e,3.33,214.44618582,300,0,0,1,2,cyclic_8_1,unroll_4,unroll_2,unroll_2,unroll_4,1,0.75,0.372205854326,False
workload_3209.cpp,xcu200-fsgd2104-2-e,3.33,211.53709782,570,0,0,1,2,cyclic_8_1,unroll_4,unroll_2,unroll_2,unroll_8,2,0.75,0.379590310892,False
workload_3271.cpp,xcu200-fsgd2104-2-e,3.33,38.58622182,844.5,0,0,1,2,cyclic_8_1,unroll_4,unroll_2,unroll_4,pipeline_1,4,0.75,0.946498077015,False
workload_3347.cpp,xcu200-fsgd2104-2-e,3.33,211.56506982,2523,0,0,3,4,cyclic_8_1,unroll_4,unroll_2,unroll_4,unroll_8,1,1.75,0.371399343777,False
workload_3472.cpp,xcu200-fsgd2104-2-e,3.33,38.56293846,872,0,0,1,2,cyclic_8_1,unroll_4,unroll_4,unroll_2,pipeline_1,3,0.75,0.946498220362,False
workload_3435.cpp,xcu200-fsgd2104-2-e,3.33,38.56444029,898,0,0,1,3,cyclic_8_1,unroll_8,unroll_2,unroll_2,pipeline_1,2,1,0.920362086116,False
workload_2651.cpp,xcu200-fsgd2104-2-e,5,65.79001,2078,0,29,15,25,block_2_1,unroll_2,unroll_2,pipeline_1,pipeline_1,1,17.25,0.10004232868,False
workload_2858.cpp,xcu200-fsgd2104-2-e,5,55.91383,83,0,0,0,1,block_2_1,unroll_2,unroll_2,unroll_2,pipeline_1,1,0.25,0.999416459203,False
workload_2822.cpp,xcu200-fsgd2104-2-e,5,55.85783,181.5,0,0,1,1,block_2_1,unroll_2,unroll_2,unroll_4,pipeline_1,4,0.5,0.980310732059,False
workload_2760.cpp,xcu200-fsgd2104-2-e,5,439.69583,207,0,0,1,1,block_2_1,unroll_2,unroll_2,unroll_4,unroll_2,1,0.5,0.12222819167,False
workload_2631.cpp,xcu200-fsgd2104-2-e,5,58.85601,1018,0,0,2,5,block_2_1,unroll_2,unroll_2,unroll_8,pipeline_1,3,1.75,0.854241553945,False
workload_2721.cpp,xcu200-fsgd2104-2-e,5,55.73182,191,0,0,1,2,block_2_1,unroll_4,unroll_2,unroll_2,pipeline_1,6,0.75,0.954427169025,False
workload_2698.cpp,xcu200-fsgd2104-2-e,5,434.06782,223,0,0,1,2,block_2_1,unroll_4,unroll_2,unroll_2,unroll_2,1,0.75,0.125741284883,False
workload_2780.cpp,xcu200-fsgd2104-2-e,5,246.46782,299,0,1,1,2,block_2_1,unroll_4,unroll_2,unroll_2,unroll_4,2,1,0.402071663713,False
workload_2763.cpp,xcu200-fsgd2104-2-e,5,55.78082,833,0,0,1,3,block_2_1,unroll_4,unroll_2,unroll_4,pipeline_1,3,1,0.92891724843,False
workload_2998.cpp,xcu200-fsgd2104-2-e,5,55.73182,217,0,0,1,2,block_4_1,unroll_4,unroll_2,unroll_2,pipeline_1,2,0.75,0.954427169025,False
workload_3025.cpp,xcu200-fsgd2104-2-e,5,55.83611,96,0,0,0,1,block_8_1,unroll_2,unroll_2,unroll_2,pipeline_1,1,0.25,0.999723454234,False
workload_2981.cpp,xcu200-fsgd2104-2-e,5,55.76611,196,0,0,0,1,block_8_1,unroll_2,unroll_2,unroll_4,pipeline_1,1,0.25,1,True
workload_2782.cpp,xcu200-fsgd2104-2-e,5,58.77829,862,0,0,2,4,block_8_1,unroll_2,unroll_2,unroll_8,pipeline_1,1,1.5,0.878511738811,False
workload_2982.cpp,xcu200-fsgd2104-2-e,5,55.6541,203,0,0,0.5,1,block_8_1,unroll_4,unroll_2,unroll_2,pipeline_1,6,0.375,1,True
workload_2963.cpp,xcu200-fsgd2104-2-e,5,433.9901,222,0,0,1,1,block_8_1,unroll_4,unroll_2,unroll_2,unroll_2,2,0.5,0.125911550378,False
workload_2849.cpp,xcu200-fsgd2104-2-e,5,55.6996,836,0,0,1,2,block_8_1,unroll_4,unroll_2,unroll_4,pipeline_1,2,0.75,0.95442731646,False
workload_3001.cpp,xcu200-fsgd2104-2-e,5,55.66106,938,0,0,1,2,block_8_1,unroll_4,unroll_4,unroll_2,pipeline_1,1,0.75,0.954427034224,False
workload_2745.cpp,xcu200-fsgd2104-2-e,5,65.71025,2029,0,28,14,23,complete_1,unroll_2,unroll_2,pipeline_1,pipeline_1,1,16.25,0.103857427283,False
workload_2583.cpp,xcu200-fsgd2104-2-e,5,65.65225,2812,0,26,13,20,complete_1,unroll_2,unroll_2,pipeline_1,unroll_2,2,14.75,0.121171776638,False
workload_2765.cpp,xcu200-fsgd2104-2-e,5,55.83407,80.5,0,0,0,1,complete_1,unroll_2,unroll_2,unroll_2,pipeline_1,6,0.25,0.999731512967,False
workload_2768.cpp,xcu200-fsgd2104-2-e,5,445.18807,90.5,0,0,0,1,complete_1,unroll_2,unroll_2,unroll_2,unroll_2,2,0.25,0.118982062455,False
workload_2758.cpp,xcu200-fsgd2104-2-e,5,251.98807,112,0,1,0,1,complete_1,unroll_2,unroll_2,unroll_2,unroll_4,2,0.5,0.391434256004,False
workload_2759.cpp,xcu200-fsgd2104-2-e,5,55.75707,178.5,0,0,0.5,1,complete_1,unroll_2,unroll_2,unroll_4,pipeline_1,6,0.375,0.993214520887,False
workload_2845.cpp,xcu200-fsgd2104-2-e,5,249.20207,285,0,1,1,2,complete_1,unroll_2,unroll_2,unroll_4,unroll_4,1,1,0.395873844465,False
workload_2701.cpp,xcu200-fsgd2104-2-e,5,58.77625,812,0,0,2,4.5,complete_1,unroll_2,unroll_2,unroll_8,pipeline_1,4,1.625,0.866345228215,False
workload_2742.cpp,xcu200-fsgd2104-2-e,5,509.67033,776,0,0,2,5,complete_1,unroll_2,unroll_2,unroll_8,unroll_2,1,1.75,0.100000000018,False
workload_2819.cpp,xcu200-fsgd2104-2-e,5,55.86173,183.5,0,0,0.5,2,complete_1,unroll_2,unroll_4,unroll_2,pipeline_1,2,0.625,0.967320496285,False
workload_2779.cpp,xcu200-fsgd2104-2-e,5,55.78123,840,0,0,1,2,complete_1,unroll_2,unroll_4,unroll_4,pipeline_1,3,0.75,0.954426264701,False
workload_2836.cpp,xcu200-fsgd2104-2-e,5,249.23323,1282,0,1,2,3,complete_1,unroll_2,unroll_4,unroll_4,unroll_4,1,1.5,0.391937945522,False
workload_2582.cpp,xcu200-fsgd2104-2-e,5,55.66007,182.5,0,0,0.5,1,complete_1,unroll_4,unroll_2,unroll_2,pipeline_1,6,0.375,0.993402138975,False
workload_2709.cpp,xcu200-fsgd2104-2-e,5,153.99607,899,0,1,3,4,complete_1,unroll_4,unroll_2,unroll_2,unroll_16,1,2,0.623460086682,False
workload_2733.cpp,xcu200-fsgd2104-2-e,5,433.99607,222,0,0,1,2,complete_1,unroll_4,unroll_2,unroll_2,unroll_2,3,0.75,0.125789219548,False
workload_2649.cpp,xcu200-fsgd2104-2-e,5,246.39607,288.5,0,1,1,2,complete_1,unroll_4,unroll_2,unroll_2,unroll_4,2,1,0.402235155979,False
workload_2645.cpp,xcu200-fsgd2104-2-e,5,55.69507,848,0,0,1,2,complete_1,unroll_4,unroll_2,unroll_4,pipeline_1,6,0.75,0.954427309194,False
workload_2789.cpp,xcu200-fsgd2104-2-e,5,434.03107,1036,0,0,1,2,complete_1,unroll_4,unroll_2,unroll_4,unroll_2,1,0.75,0.125765831215,False
workload_2871.cpp,xcu200-fsgd2104-2-e,5,55.66308,906,0,0,1,3,complete_1,unroll_4,unroll_4,unroll_2,pipeline_1,5,1,0.92891766365,False
workload_2906.cpp,xcu200-fsgd2104-2-e,5,433.99908,1025,0,0,1,3,complete_1,unroll_4,unroll_4,unroll_2,unroll_2,1,1,0.125607372141,False
workload_2907.cpp,xcu200-fsgd2104-2-e,5,55.662735,1002,0,0,1,3,complete_1,unroll_8,unroll_2,unroll_2,pipeline_1,2,1,0.928917660625,False
workload_2689.cpp,xcu200-fsgd2104-2-e,5,55.83611,79.5,0,0,0,1,complete_2,unroll_2,unroll_2,unroll_2,pipeline_1,4,0.25,0.999723454234,False
workload_2812.cpp,xcu200-fsgd2104-2-e,5,445.19011,87,0,0,0,1,complete_2,unroll_2,unroll_2,unroll_2,unroll_2,1,0.25,0.118980891942,False
workload_2869.cpp,xcu200-fsgd2104-2-e,5,251.99011,116,0,1,0,1,complete_2,unroll_2,unroll_2,unroll_2,unroll_4,1,0.5,0.391429672173,False
workload_2767.cpp,xcu200-fsgd2104-2-e,5,55.76611,175.5,0,0,0,1,complete_2,unroll_2,unroll_2,unroll_4,pipeline_1,4,0.25,1,True
workload_2771.cpp,xcu200-fsgd2104-2-e,5,439.60411,205,0,0,0,1,complete_2,unroll_2,unroll_2,unroll_4,unroll_2,1,0.25,0.12232128459,False
workload_2719.cpp,xcu200-fsgd2104-2-e,5,58.77829,1049,0,0,2,4,complete_2,unroll_2,unroll_2,unroll_8,pipeline_1,1,1.5,0.878511738811,False
workload_2823.cpp,xcu200-fsgd2104-2-e,5,439.64257,945,0,0,1,2,complete_2,unroll_2,unroll_4,unroll_4,unroll_2,1,0.75,0.122153202131,False
workload_2830.cpp,xcu200-fsgd2104-2-e,5,55.6541,175.5,0,0,0.5,1,complete_2,unroll_4,unroll_2,unroll_2,pipeline_1,6,0.375,1,True
workload_3031.cpp,xcu200-fsgd2104-2-e,5,433.9901,250,0,0,1,1,complete_2,unroll_4,unroll_2,unroll_2,unroll_2,1,0.5,0.125911550378,False
workload_2811.cpp,xcu200-fsgd2104-2-e,5,55.6996,829,0,0,1,2,complete_2,unroll_4,unroll_2,unroll_4,pipeline_1,5,0.75,0.95442731646,False
workload_2961.cpp,xcu200-fsgd2104-2-e,5,55.66106,903,0,0,1,2,complete_2,unroll_4,unroll_4,unroll_2,pipeline_1,4,0.75,0.954427034224,False
workload_2976.cpp,xcu200-fsgd2104-2-e,5,433.99706,1038,0,0,1,2,complete_2,unroll_4,unroll_4,unroll_2,unroll_2,1,0.75,0.125788557846,False
workload_3038.cpp,xcu200-fsgd2104-2-e,5,55.663405,848,0,0,1,2,complete_2,unroll_8,unroll_2,unroll_2,pipeline_1,1,0.75,0.95442706567,False
workload_2613.cpp,xcu200-fsgd2104-2-e,5,65.71229,2003,0,29,15,24,cyclic_2_1,unroll_2,unroll_2,pipeline_1,pipeline_1,1,17,0.100416544249,False
workload_2773.cpp,xcu200-fsgd2104-2-e,5,55.83611,79,0,0,0,1,cyclic_2_1,unroll_2,unroll_2,unroll_2,pipeline_1,6,0.25,0.999723454234,False
workload_2738.cpp,xcu200-fsgd2104-2-e,5,248.33611,174,0,1,1,2,cyclic_2_1,unroll_2,unroll_2,unroll_2,unroll_8,1,1,0.397829881428,False
workload_2679.cpp,xcu200-fsgd2104-2-e,5,55.76611,175,0,0,0.5,1,cyclic_2_1,unroll_2,unroll_2,unroll_4,pipeline_1,6,0.375,0.993196754184,False
workload_2803.cpp,xcu200-fsgd2104-2-e,5,439.60411,206,0,0,1,1,cyclic_2_1,unroll_2,unroll_2,unroll_4,unroll_2,1,0.5,0.12228516998,False
workload_2762.cpp,xcu200-fsgd2104-2-e,5,249.20411,278,0,1,1,2,cyclic_2_1,unroll_2,unroll_2,unroll_4,unroll_4,1,1,0.395869244013,False
workload_2775.cpp,xcu200-fsgd2104-2-e,5,245.19311,520,0,1,2,3,cyclic_2_1,unroll_2,unroll_2,unroll_4,unroll_8,1,1.5,0.400975529585,False
workload_2654.cpp,xcu200-fsgd2104-2-e,5,58.77829,886,0,0,2,4,cyclic_2_1,unroll_2,unroll_2,unroll_8,pipeline_1,3,1.5,0.878511738811,False
workload_2750.cpp,xcu200-fsgd2104-2-e,5,288.17837,1045,0,1,3,7,cyclic_2_1,unroll_2,unroll_2,unroll_8,unroll_4,1,2.75,0.298891741292,False
workload_2777.cpp,xcu200-fsgd2104-2-e,5,55.79057,791.5,0,0,1,2,cyclic_2_1,unroll_2,unroll_4,unroll_4,pipeline_1,4,0.75,0.954426001489,False
workload_2807.cpp,xcu200-fsgd2104-2-e,5,55.6541,178.5,0,0,0.5,1,cyclic_2_1,unroll_4,unroll_2,unroll_2,pipeline_1,6,0.375,1,True
workload_2946.cpp,xcu200-fsgd2104-2-e,5,433.9901,207,0,0,1,1,cyclic_2_1,unroll_4,unroll_2,unroll_2,unroll_2,1,0.5,0.125911550378,False
workload_2728.cpp,xcu200-fsgd2104-2-e,5,55.6996,808,0,0,1,2,cyclic_2_1,unroll_4,unroll_2,unroll_4,pipeline_1,6,0.75,0.95442731646,False
workload_2770.cpp,xcu200-fsgd2104-2-e,5,55.66106,830,0,0,1,2,cyclic_2_1,unroll_4,unroll_4,unroll_2,pipeline_1,6,0.75,0.954427034224,False
workload_2974.cpp,xcu200-fsgd2104-2-e,5,246.39706,1462,0,1,2,3,cyclic_2_1,unroll_4,unroll_4,unroll_2,unroll_4,1,1.5,0.398268470067,False
workload_2797.cpp,xcu200-fsgd2104-2-e,5,65.71229,1895,0,28,15,24,cyclic_4_1,unroll_2,unroll_2,pipeline_1,pipeline_1,1,16.75,0.10117711334,False
workload_2734.cpp,xcu200-fsgd2104-2-e,5,65.65429,2846,0,25,13,20,cyclic_4_1,unroll_2,unroll_2,pipeline_1,unroll_2,1,14.5,0.125409525685,False
workload_2722.cpp,xcu200-fsgd2104-2-e,5,55.83611,80,0,0,0,1,cyclic_4_1,unroll_2,unroll_2,unroll_2,pipeline_1,5,0.25,0.999723454234,False
workload_2761.cpp,xcu200-fsgd2104-2-e,5,445.19011,90.5,0,0,0,1,cyclic_4_1,unroll_2,unroll_2,unroll_2,unroll_2,2,0.25,0.118980891942,False
workload_2793.cpp,xcu200-fsgd2104-2-e,5,251.99011,113.5,0,1,0,1,cyclic_4_1,unroll_2,unroll_2,unroll_2,unroll_4,2,0.5,0.391429672173,False
workload_2625.cpp,xcu200-fsgd2104-2-e,5,248.33611,177,0,1,1,2,cyclic_4_1,unroll_2,unroll_2,unroll_2,unroll_8,1,1,0.397829881428,False
workload_2743.cpp,xcu200-fsgd2104-2-e,5,55.76611,174.5,0,0,0,1,cyclic_4_1,unroll_2,unroll_2,unroll_4,pipeline_1,6,0.25,1,True
workload_2666.cpp,xcu200-fsgd2104-2-e,5,439.60411,206,0,0,1,1,cyclic_4_1,unroll_2,unroll_2,unroll_4,unroll_2,3,0.5,0.12228516998,False
workload_2805.cpp,xcu200-fsgd2104-2-e,5,249.20411,279,0,1,1,2,cyclic_4_1,unroll_2,unroll_2,unroll_4,unroll_4,1,1,0.395869244013,False
workload_2687.cpp,xcu200-fsgd2104-2-e,5,58.77829,822,0,0,2,4.5,cyclic_4_1,unroll_2,unroll_2,unroll_8,pipeline_1,4,1.625,0.866344577917,False
workload_2628.cpp,xcu200-fsgd2104-2-e,5,509.67237,758,0,0,2,5,cyclic_4_1,unroll_2,unroll_2,unroll_8,unroll_2,1,1.75,0.1,False
workload_2596.cpp,xcu200-fsgd2104-2-e,5,288.17837,1044,0,1,3,7,cyclic_4_1,unroll_2,unroll_2,unroll_8,unroll_4,2,2.75,0.298891741292,False
workload_2769.cpp,xcu200-fsgd2104-2-e,5,285.83949,2590,0,1,6,12,cyclic_4_1,unroll_2,unroll_2,unroll_8,unroll_8,1,4.75,0.26781782646,False
workload_2927.cpp,xcu200-fsgd2104-2-e,5,55.85007,169,0,0,1,1,cyclic_4_1,unroll_2,unroll_4,unroll_2,pipeline_1,1,0.5,0.980311837494,False
workload_2882.cpp,xcu200-fsgd2104-2-e,5,55.79057,798,0,0,1,2,cyclic_4_1,unroll_2,unroll_4,unroll_4,pipeline_1,3,0.75,0.954426001489,False
workload_2788.cpp,xcu200-fsgd2104-2-e,5,439.64257,964,0,0,1,2,cyclic_4_1,unroll_2,unroll_4,unroll_4,unroll_2,1,0.75,0.122153202131,False
workload_2766.cpp,xcu200-fsgd2104-2-e,5,55.6541,181,0,0,0.5,1,cyclic_4_1,unroll_4,unroll_2,unroll_2,pipeline_1,6,0.375,1,True
workload_2925.cpp,xcu200-fsgd2104-2-e,5,433.9901,220,0,0,1,1,cyclic_4_1,unroll_4,unroll_2,unroll_2,unroll_2,3,0.5,0.125911550378,False
workload_2820.cpp,xcu200-fsgd2104-2-e,5,246.3901,278,0,1,1,2,cyclic_4_1,unroll_4,unroll_2,unroll_2,unroll_4,1,1,0.402248761415,False
workload_2831.cpp,xcu200-fsgd2104-2-e,5,55.6996,823,0,0,1,2,cyclic_4_1,unroll_4,unroll_2,unroll_4,pipeline_1,5,0.75,0.95442731646,False
workload_2864.cpp,xcu200-fsgd2104-2-e,5,55.66106,865.5,0,0,1,2,cyclic_4_1,unroll_4,unroll_4,unroll_2,pipeline_1,6,0.75,0.954427034224,False
workload_2723.cpp,xcu200-fsgd2104-2-e,5,65.71229,2024,0,28,15,24,cyclic_8_1,unroll_2,unroll_2,pipeline_1,unroll_64,1,16.75,0.10117711334,False
workload_2695.cpp,xcu200-fsgd2104-2-e,5,65.71229,2016,0,28,15,24,cyclic_8_1,unroll_2,unroll_2,pipeline_1,unroll_8,1,16.75,0.10117711334,False
workload_2786.cpp,xcu200-fsgd2104-2-e,5,55.83611,84,0,0,0,1,cyclic_8_1,unroll_2,unroll_2,unroll_2,pipeline_1,5,0.25,0.999723454234,False
workload_2818.cpp,xcu200-fsgd2104-2-e,5,445.19011,92,0,0,0,1,cyclic_8_1,unroll_2,unroll_2,unroll_2,unroll_2,1,0.25,0.118980891942,False
workload_2612.cpp,xcu200-fsgd2104-2-e,5,55.76611,180.5,0,0,0.5,1,cyclic_8_1,unroll_2,unroll_2,unroll_4,pipeline_1,4,0.375,0.993196754184,False
workload_2643.cpp,xcu200-fsgd2104-2-e,5,58.77829,780,0,0,2,5,cyclic_8_1,unroll_2,unroll_2,unroll_8,pipeline_1,2,1.75,0.854264289638,False
workload_2662.cpp,xcu200-fsgd2104-2-e,5,509.67237,748,0,0,2,5,cyclic_8_1,unroll_2,unroll_2,unroll_8,unroll_2,1,1.75,0.1,False
workload_2732.cpp,xcu200-fsgd2104-2-e,5,288.17837,1058.5,0,1,3,7,cyclic_8_1,unroll_2,unroll_2,unroll_8,unroll_4,2,2.75,0.298891741292,False
workload_2909.cpp,xcu200-fsgd2104-2-e,5,55.79057,808,0,0,1,2,cyclic_8_1,unroll_2,unroll_4,unroll_4,pipeline_1,3,0.75,0.954426001489,False
workload_2841.cpp,xcu200-fsgd2104-2-e,5,55.6541,187,0,0,0.5,1,cyclic_8_1,unroll_4,unroll_2,unroll_2,pipeline_1,6,0.375,1,True
workload_2740.cpp,xcu200-fsgd2104-2-e,5,433.9901,244,0,0,1,1,cyclic_8_1,unroll_4,unroll_2,unroll_2,unroll_2,3,0.5,0.125911550378,False
workload_2725.cpp,xcu200-fsgd2104-2-e,5,55.6996,846,0,0,1,2,cyclic_8_1,unroll_4,unroll_2,unroll_4,pipeline_1,5,0.75,0.95442731646,False
workload_2781.cpp,xcu200-fsgd2104-2-e,5,434.0356,987,0,0,1,2,cyclic_8_1,unroll_4,unroll_2,unroll_4,unroll_2,1,0.75,0.125762804872,False
workload_2897.cpp,xcu200-fsgd2104-2-e,5,55.66106,896,0,0,1,2,cyclic_8_1,unroll_4,unroll_4,unroll_2,pipeline_1,3,0.75,0.954427034224,False
workload_2091.cpp,xcu200-fsgd2104-2-e,10,80.5057,1964.5,0,28,13,24,block_2_1,unroll_2,unroll_2,pipeline_1,pipeline_1,4,16.25,0.23732673274,False
workload_2296.cpp,xcu200-fsgd2104-2-e,10,80.5017,2337.5,0,28,12,21,block_2_1,unroll_2,unroll_2,pipeline_1,unroll_2,2,15.25,0.286766845991,False
workload_2233.cpp,xcu200-fsgd2104-2-e,10,86.0437,2445,0,22,10,16,block_2_1,unroll_2,unroll_2,pipeline_1,unroll_4,2,12,1,True
workload_2517.cpp,xcu200-fsgd2104-2-e,10,80.5057,1742,0,28,13,24,block_2_1,unroll_2,unroll_2,pipeline_1,unroll_8,1,16.25,0.23732673274,False
workload_2111.cpp,xcu200-fsgd2104-2-e,10,105.55334,79.5,0,0,0,1,block_2_1,unroll_2,unroll_2,unroll_2,pipeline_1,4,0.25,0.998380961032,False
workload_2328.cpp,xcu200-fsgd2104-2-e,10,320.70534,106,0,0,0,1,block_2_1,unroll_2,unroll_2,unroll_2,unroll_4,3,0.25,0.441582247339,False
workload_2106.cpp,xcu200-fsgd2104-2-e,10,105.44134,182,0,0,1,1,block_2_1,unroll_2,unroll_2,unroll_4,pipeline_1,3,0.5,0.970982437155,False
workload_1990.cpp,xcu200-fsgd2104-2-e,10,111.1969,2621,0,0,2,4,block_2_1,unroll_2,unroll_2,unroll_8,pipeline_1,1,1.5,0.858577307216,False
workload_2399.cpp,xcu200-fsgd2104-2-e,10,321.44382,281,0,0,1,2,block_2_1,unroll_2,unroll_4,unroll_2,unroll_4,1,0.75,0.438615592689,False
workload_2144.cpp,xcu200-fsgd2104-2-e,10,105.30132,195,0,0,1,2,block_2_1,unroll_4,unroll_2,unroll_2,pipeline_1,2,0.75,0.942487500852,False
workload_2115.cpp,xcu200-fsgd2104-2-e,10,308.13332,273,0,0,1,2,block_2_1,unroll_4,unroll_2,unroll_2,unroll_4,1,0.75,0.46518198401,False
workload_2184.cpp,xcu200-fsgd2104-2-e,10,105.28732,890,0,0,1,2,block_2_1,unroll_4,unroll_2,unroll_4,pipeline_1,3,0.75,0.942488087207,False
workload_2211.cpp,xcu200-fsgd2104-2-e,10,80.5057,1888,0,28,13,24,block_4_1,unroll_2,unroll_2,pipeline_1,pipeline_1,3,16.25,0.23732673274,False
workload_2476.cpp,xcu200-fsgd2104-2-e,10,80.5017,2342,0,24,11,20,block_4_1,unroll_2,unroll_2,pipeline_1,unroll_2,1,13.75,0.375142411482,False
workload_2422.cpp,xcu200-fsgd2104-2-e,10,86.0437,2358,0,24,10,18,block_4_1,unroll_2,unroll_2,pipeline_1,unroll_4,1,13,0.390952944098,False
workload_2250.cpp,xcu200-fsgd2104-2-e,10,80.5057,1865,0,28,13,24,block_4_1,unroll_2,unroll_2,pipeline_1,unroll_8,1,16.25,0.23732673274,False
workload_2139.cpp,xcu200-fsgd2104-2-e,10,105.66534,85.5,0,0,0,1,block_4_1,unroll_2,unroll_2,unroll_2,pipeline_1,2,0.25,0.998022411091,False
workload_2155.cpp,xcu200-fsgd2104-2-e,10,105.66534,181,0,0,1,1,block_4_1,unroll_2,unroll_2,unroll_4,pipeline_1,1,0.5,0.970943366925,False
workload_2128.cpp,xcu200-fsgd2104-2-e,10,105.30132,191.5,0,0,1,2,block_4_1,unroll_4,unroll_2,unroll_2,pipeline_1,4,0.75,0.942487500852,False
workload_2042.cpp,xcu200-fsgd2104-2-e,10,105.39932,876,0,0,1,2,block_4_1,unroll_4,unroll_2,unroll_4,pipeline_1,2,0.75,0.942482463934,False
workload_2392.cpp,xcu200-fsgd2104-2-e,10,80.35026,1732,0,25,12,23,block_8_1,unroll_2,unroll_2,pipeline_1,pipeline_1,3,15,0.300306662298,False
workload_2299.cpp,xcu200-fsgd2104-2-e,10,80.34626,2419.5,0,23,11,19,block_8_1,unroll_2,unroll_2,pipeline_1,unroll_2,2,13.25,0.391512821698,False
workload_2338.cpp,xcu200-fsgd2104-2-e,10,85.88826,2714,0,24,10,18,block_8_1,unroll_2,unroll_2,pipeline_1,unroll_4,3,13,0.390988832449,False
workload_2228.cpp,xcu200-fsgd2104-2-e,10,80.35026,1752,0,25,12,23,block_8_1,unroll_2,unroll_2,pipeline_1,unroll_8,1,15,0.300306662298,False
workload_2423.cpp,xcu200-fsgd2104-2-e,10,105.4259,73,0,0,0,1,block_8_1,unroll_2,unroll_2,unroll_2,pipeline_1,3,0.25,0.998789026687,False
workload_2426.cpp,xcu200-fsgd2104-2-e,10,543.2059,84,0,0,0,1,block_8_1,unroll_2,unroll_2,unroll_2,unroll_2,1,0.25,0.143538939197,False
workload_2366.cpp,xcu200-fsgd2104-2-e,10,319.2059,102,0,0,0,1,block_8_1,unroll_2,unroll_2,unroll_2,unroll_4,3,0.25,0.444548863359,False
workload_2308.cpp,xcu200-fsgd2104-2-e,10,310.4419,151,0,0,1,2,block_8_1,unroll_2,unroll_2,unroll_2,unroll_8,1,0.75,0.460503327752,False
workload_2269.cpp,xcu200-fsgd2104-2-e,10,105.2579,173,0,0,0,1,block_8_1,unroll_2,unroll_2,unroll_4,pipeline_1,2,0.25,0.999327107926,False
workload_2369.cpp,xcu200-fsgd2104-2-e,10,532.0199,194,0,0,0,1,block_8_1,unroll_2,unroll_2,unroll_4,unroll_2,1,0.25,0.151780080544,False
workload_2475.cpp,xcu200-fsgd2104-2-e,10,105.43966,169.5,0,0,1,1,block_8_1,unroll_2,unroll_4,unroll_2,pipeline_1,2,0.5,0.970982664924,False
workload_2344.cpp,xcu200-fsgd2104-2-e,10,105.15988,174,0,0,0,1,block_8_1,unroll_4,unroll_2,unroll_2,pipeline_1,6,0.25,0.999641127087,False
workload_2481.cpp,xcu200-fsgd2104-2-e,10,520.79188,190.5,0,0,0,1,block_8_1,unroll_4,unroll_2,unroll_2,unroll_2,2,0.25,0.160770060398,False
workload_2377.cpp,xcu200-fsgd2104-2-e,10,307.99188,267,0,0,1,2,block_8_1,unroll_4,unroll_2,unroll_2,unroll_4,3,0.75,0.465469598629,False
workload_2247.cpp,xcu200-fsgd2104-2-e,10,105.11788,843.5,0,0,1,2,block_8_1,unroll_4,unroll_2,unroll_4,pipeline_1,2,0.75,0.942492542788,False
workload_2415.cpp,xcu200-fsgd2104-2-e,10,105.05464,831,0,0,1,2,block_8_1,unroll_4,unroll_4,unroll_2,pipeline_1,4,0.75,0.94249295532,False
workload_2389.cpp,xcu200-fsgd2104-2-e,10,307.99864,1333,0,0,2,3,block_8_1,unroll_4,unroll_4,unroll_2,unroll_4,1,1.25,0.460500452065,False
workload_2162.cpp,xcu200-fsgd2104-2-e,10,80.3485,1749.5,0,29,13,23,complete_1,unroll_2,unroll_2,pipeline_1,pipeline_1,6,16.25,0.237322667615,False
workload_2208.cpp,xcu200-fsgd2104-2-e,10,80.3485,1831,0,29,13,23,complete_1,unroll_2,unroll_2,pipeline_1,unroll_16,1,16.25,0.237322667615,False
workload_1941.cpp,xcu200-fsgd2104-2-e,10,80.3445,2554,0,24,11,19,complete_1,unroll_2,unroll_2,pipeline_1,unroll_2,3,13.5,1,True
workload_2276.cpp,xcu200-fsgd2104-2-e,10,85.8865,2735,0,25,10,18,complete_1,unroll_2,unroll_2,pipeline_1,unroll_4,2,13.25,0.390332382733,False
workload_2197.cpp,xcu200-fsgd2104-2-e,10,80.3485,1769,0,29,13,23,complete_1,unroll_2,unroll_2,pipeline_1,unroll_8,2,16.25,0.237322667615,False
workload_2084.cpp,xcu200-fsgd2104-2-e,10,105.50814,82.5,0,0,0,1,complete_1,unroll_2,unroll_2,unroll_2,pipeline_1,6,0.25,0.998525681813,False
workload_2433.cpp,xcu200-fsgd2104-2-e,10,543.17614,84,0,0,0,1,complete_1,unroll_2,unroll_2,unroll_2,unroll_2,3,0.25,0.143559917427,False
workload_2293.cpp,xcu200-fsgd2104-2-e,10,319.17614,102.5,0,0,0,1,complete_1,unroll_2,unroll_2,unroll_2,unroll_4,2,0.25,0.444607872818,False
workload_2057.cpp,xcu200-fsgd2104-2-e,10,105.24214,186,0,0,0,1,complete_1,unroll_2,unroll_2,unroll_4,pipeline_1,4,0.25,0.999377593332,False
workload_2121.cpp,xcu200-fsgd2104-2-e,10,204.32014,834,0,1,3,5,complete_1,unroll_2,unroll_2,unroll_4,unroll_16,1,2.25,0.648487737033,False
workload_2297.cpp,xcu200-fsgd2104-2-e,10,532.00414,200.5,0,0,0,1,complete_1,unroll_2,unroll_2,unroll_4,unroll_2,2,0.25,0.151792195105,False
workload_2397.cpp,xcu200-fsgd2104-2-e,10,313.60414,261.5,0,0,1,2,complete_1,unroll_2,unroll_2,unroll_4,unroll_4,2,0.75,0.454142912501,False
workload_2305.cpp,xcu200-fsgd2104-2-e,10,111.02962,874.5,0,0,2,4,complete_1,unroll_2,unroll_2,unroll_8,pipeline_1,2,1.5,0.858642191978,False
workload_2131.cpp,xcu200-fsgd2104-2-e,10,664.07666,757,0,0,2,5,complete_1,unroll_2,unroll_2,unroll_8,unroll_2,1,1.75,0.100000000009,False
workload_2072.cpp,xcu200-fsgd2104-2-e,10,387.07266,1154,0,0,3,7,complete_1,unroll_2,unroll_2,unroll_8,unroll_4,1,2.5,0.304840579668,False
workload_2256.cpp,xcu200-fsgd2104-2-e,10,105.45146,184,0,0,1,1,complete_1,unroll_2,unroll_4,unroll_2,pipeline_1,2,0.5,0.970981044541,False
workload_2462.cpp,xcu200-fsgd2104-2-e,10,310.46746,422,0,0,2,3,complete_1,unroll_2,unroll_4,unroll_2,unroll_8,1,1.25,0.45558825794,False
workload_2251.cpp,xcu200-fsgd2104-2-e,10,105.29046,864,0,0,1,2,complete_1,unroll_2,unroll_4,unroll_4,pipeline_1,2,0.75,0.942487958593,False
workload_1940.cpp,xcu200-fsgd2104-2-e,10,105.1724,181,0,0,0,1,complete_1,unroll_4,unroll_2,unroll_2,pipeline_1,6,0.25,0.999601014669,False
workload_2298.cpp,xcu200-fsgd2104-2-e,10,520.8044,204,0,0,0,1,complete_1,unroll_4,unroll_2,unroll_2,unroll_2,3,0.25,0.160759635418,False
workload_2001.cpp,xcu200-fsgd2104-2-e,10,308.0044,292.5,0,0,1,2,complete_1,unroll_4,unroll_2,unroll_2,unroll_4,2,0.75,0.465444135027,False
workload_2160.cpp,xcu200-fsgd2104-2-e,10,105.2284,851.5,0,0,1,2,complete_1,unroll_4,unroll_2,unroll_4,pipeline_1,6,0.75,0.942490189888,False
workload_2277.cpp,xcu200-fsgd2104-2-e,10,520.8604,966.5,0,0,1,2,complete_1,unroll_4,unroll_2,unroll_4,unroll_2,2,0.75,0.160380599879,False
workload_2138.cpp,xcu200-fsgd2104-2-e,10,308.0604,1376.5,0,0,2,3,complete_1,unroll_4,unroll_2,unroll_4,unroll_4,2,1.25,0.460377180291,False
workload_2252.cpp,xcu200-fsgd2104-2-e,10,299.3244,2187,0,0,2,4,complete_1,unroll_4,unroll_2,unroll_4,unroll_8,1,1.5,0.474106717494,False
workload_2158.cpp,xcu200-fsgd2104-2-e,10,105.05958,892.5,0,0,1,3,complete_1,unroll_4,unroll_4,unroll_2,pipeline_1,4,1,0.914451333783,False
workload_2243.cpp,xcu200-fsgd2104-2-e,10,520.80358,1039,0,0,1,3,complete_1,unroll_4,unroll_4,unroll_2,unroll_2,2,1,0.160013716245,False
workload_2357.cpp,xcu200-fsgd2104-2-e,10,80.35026,1784.5,0,27,13,23,complete_2,unroll_2,unroll_2,pipeline_1,pipeline_1,2,15.75,0.261094447497,False
workload_2345.cpp,xcu200-fsgd2104-2-e,10,80.34626,2515.5,0,22,10,18,complete_2,unroll_2,unroll_2,pipeline_1,unroll_2,2,12.5,1,True
workload_2416.cpp,xcu200-fsgd2104-2-e,10,85.88826,2699.5,0,26,11,19,complete_2,unroll_2,unroll_2,pipeline_1,unroll_4,2,14,0.358723229856,False
workload_2101.cpp,xcu200-fsgd2104-2-e,10,105.5379,78.5,0,0,0,1,complete_2,unroll_2,unroll_2,unroll_2,pipeline_1,4,0.25,0.998430395316,False
workload_2130.cpp,xcu200-fsgd2104-2-e,10,207.4859,265,0,1,2,3,complete_2,unroll_2,unroll_2,unroll_2,unroll_16,1,1.5,0.676538122654,False
workload_2153.cpp,xcu200-fsgd2104-2-e,10,543.2059,84,0,0,0,1,complete_2,unroll_2,unroll_2,unroll_2,unroll_2,2,0.25,0.143538939197,False
workload_2459.cpp,xcu200-fsgd2104-2-e,10,319.2059,102,0,0,0,1,complete_2,unroll_2,unroll_2,unroll_2,unroll_4,1,0.25,0.444548863359,False
workload_2550.cpp,xcu200-fsgd2104-2-e,10,310.4419,147,0,0,1,2,complete_2,unroll_2,unroll_2,unroll_2,unroll_8,1,0.75,0.460503327752,False
workload_2141.cpp,xcu200-fsgd2104-2-e,10,105.3699,171.5,0,0,0,1,complete_2,unroll_2,unroll_2,unroll_4,pipeline_1,2,0.25,0.998968369209,False
workload_2031.cpp,xcu200-fsgd2104-2-e,10,204.3359,961,0,1,3,5,complete_2,unroll_2,unroll_2,unroll_4,unroll_16,1,2.25,0.64845596868,False
workload_2043.cpp,xcu200-fsgd2104-2-e,10,111.14786,1463.5,0,0,2,4,complete_2,unroll_2,unroll_2,unroll_8,pipeline_1,2,1.5,0.858596510786,False
workload_2105.cpp,xcu200-fsgd2104-2-e,10,387.07442,1016,0,0,3,7,complete_2,unroll_2,unroll_2,unroll_8,unroll_4,1,2.5,0.304837996186,False
workload_2551.cpp,xcu200-fsgd2104-2-e,10,105.43966,167,0,0,1,1,complete_2,unroll_2,unroll_4,unroll_2,pipeline_1,1,0.5,0.970982664924,False
workload_2520.cpp,xcu200-fsgd2104-2-e,10,543.20566,176,0,0,0,1,complete_2,unroll_2,unroll_4,unroll_2,unroll_2,1,0.25,0.143539108356,False
workload_2165.cpp,xcu200-fsgd2104-2-e,10,105.04788,172,0,0,0,1,complete_2,unroll_4,unroll_2,unroll_2,pipeline_1,5,0.25,1,True
workload_2483.cpp,xcu200-fsgd2104-2-e,10,520.79188,191,0,0,0,1,complete_2,unroll_4,unroll_2,unroll_2,unroll_2,3,0.25,0.160770060398,False
workload_2193.cpp,xcu200-fsgd2104-2-e,10,105.34188,955,0,0,1,2,complete_2,unroll_4,unroll_2,unroll_4,pipeline_1,1,0.75,0.942485614092,False
workload_2408.cpp,xcu200-fsgd2104-2-e,10,105.05464,877.5,0,0,1,2,complete_2,unroll_4,unroll_4,unroll_2,pipeline_1,4,0.75,0.94249295532,False
workload_1972.cpp,xcu200-fsgd2104-2-e,10,80.35026,2532.5,0,28,13,24,cyclic_2_1,unroll_2,unroll_2,pipeline_1,pipeline_1,4,16.25,0.237322714127,False
workload_2125.cpp,xcu200-fsgd2104-2-e,10,80.35026,1730,0,28,13,24,cyclic_2_1,unroll_2,unroll_2,pipeline_1,unroll_16,1,16.25,0.237322714127,False
workload_2185.cpp,xcu200-fsgd2104-2-e,10,80.34626,2584,0,25,11,20,cyclic_2_1,unroll_2,unroll_2,pipeline_1,unroll_2,2,14,0.359223234292,False
workload_2104.cpp,xcu200-fsgd2104-2-e,10,85.88826,2715,0,24,11,18,cyclic_2_1,unroll_2,unroll_2,pipeline_1,unroll_4,3,13.25,0.390331615578,False
workload_2025.cpp,xcu200-fsgd2104-2-e,10,80.35026,3414,0,28,13,24,cyclic_2_1,unroll_2,unroll_2,pipeline_1,unroll_8,1,16.25,0.237322714127,False
workload_2059.cpp,xcu200-fsgd2104-2-e,10,105.4259,80,0,0,0,1,cyclic_2_1,unroll_2,unroll_2,unroll_2,pipeline_1,5,0.25,0.998789026687,False
workload_2232.cpp,xcu200-fsgd2104-2-e,10,543.2059,83,0,0,0,1,cyclic_2_1,unroll_2,unroll_2,unroll_2,unroll_2,2,0.25,0.143538939197,False
workload_2432.cpp,xcu200-fsgd2104-2-e,10,319.2059,105,0,0,0,1,cyclic_2_1,unroll_2,unroll_2,unroll_2,unroll_4,1,0.25,0.444548863359,False
workload_2147.cpp,xcu200-fsgd2104-2-e,10,310.4419,152,0,0,1,2,cyclic_2_1,unroll_2,unroll_2,unroll_2,unroll_8,1,0.75,0.460503327752,False
workload_2114.cpp,xcu200-fsgd2104-2-e,10,105.2579,173.5,0,0,0,1,cyclic_2_1,unroll_2,unroll_2,unroll_4,pipeline_1,4,0.25,0.999327107926,False
workload_2292.cpp,xcu200-fsgd2104-2-e,10,532.0199,194,0,0,0,1,cyclic_2_1,unroll_2,unroll_2,unroll_4,unroll_2,3,0.25,0.151780080544,False
workload_2321.cpp,xcu200-fsgd2104-2-e,10,313.6199,257,0,0,1,2,cyclic_2_1,unroll_2,unroll_2,unroll_4,unroll_4,1,0.75,0.454111353321,False
workload_2156.cpp,xcu200-fsgd2104-2-e,10,304.8699,442,0,0,1,3,cyclic_2_1,unroll_2,unroll_2,unroll_4,unroll_8,1,1,0.469720044602,False
workload_2119.cpp,xcu200-fsgd2104-2-e,10,111.14786,843,0,0,2,4,cyclic_2_1,unroll_2,unroll_2,unroll_8,pipeline_1,2,1.5,0.858596510786,False
workload_2120.cpp,xcu200-fsgd2104-2-e,10,664.07842,729.5,0,0,2,5,cyclic_2_1,unroll_2,unroll_2,unroll_8,unroll_2,2,1.75,0.1,False
workload_2159.cpp,xcu200-fsgd2104-2-e,10,105.43966,176,0,0,0,1,cyclic_2_1,unroll_2,unroll_4,unroll_2,pipeline_1,1,0.25,0.998744962405,False
workload_2513.cpp,xcu200-fsgd2104-2-e,10,543.20566,189,0,0,0,1,cyclic_2_1,unroll_2,unroll_4,unroll_2,unroll_2,1,0.25,0.143539108356,False
workload_2400.cpp,xcu200-fsgd2104-2-e,10,320.25566,268,0,0,1,2,cyclic_2_1,unroll_2,unroll_4,unroll_2,unroll_4,1,0.75,0.440946755327,False
workload_2167.cpp,xcu200-fsgd2104-2-e,10,304.92566,2190,0,0,3,5,cyclic_2_1,unroll_2,unroll_4,unroll_4,unroll_8,1,2,0.453189476624,False
workload_2227.cpp,xcu200-fsgd2104-2-e,10,105.04788,177.5,0,0,0,1,cyclic_2_1,unroll_4,unroll_2,unroll_2,pipeline_1,4,0.25,1,True
workload_2409.cpp,xcu200-fsgd2104-2-e,10,520.79188,193,0,0,0,1,cyclic_2_1,unroll_4,unroll_2,unroll_2,unroll_2,1,0.25,0.160770060398,False
workload_2322.cpp,xcu200-fsgd2104-2-e,10,307.99188,250.5,0,0,1,2,cyclic_2_1,unroll_4,unroll_2,unroll_2,unroll_4,2,0.75,0.465469598629,False
workload_2207.cpp,xcu200-fsgd2104-2-e,10,105.22988,842.5,0,0,1,2,cyclic_2_1,unroll_4,unroll_2,unroll_4,pipeline_1,2,0.75,0.942490144294,False
workload_2174.cpp,xcu200-fsgd2104-2-e,10,520.86188,971,0,0,1,2,cyclic_2_1,unroll_4,unroll_2,unroll_4,unroll_2,2,0.75,0.160379372623,False
workload_2226.cpp,xcu200-fsgd2104-2-e,10,105.05464,850,0,0,1,2,cyclic_2_1,unroll_4,unroll_4,unroll_2,pipeline_1,4,0.75,0.94249295532,False
workload_2016.cpp,xcu200-fsgd2104-2-e,10,80.35026,1796,0,25,13,23,cyclic_4_1,unroll_2,unroll_2,pipeline_1,pipeline_1,5,15.25,0.286762018862,False
workload_2281.cpp,xcu200-fsgd2104-2-e,10,80.35026,1706,0,25,13,23,cyclic_4_1,unroll_2,unroll_2,pipeline_1,unroll_16,1,15.25,0.286762018862,False
workload_2273.cpp,xcu200-fsgd2104-2-e,10,80.34626,2582.5,0,24,11,19,cyclic_4_1,unroll_2,unroll_2,pipeline_1,unroll_2,2,13.5,0.391522262472,False
workload_2234.cpp,xcu200-fsgd2104-2-e,10,85.88826,2774,0,26,11,19,cyclic_4_1,unroll_2,unroll_2,pipeline_1,unroll_4,3,14,0.358723229856,False
workload_2132.cpp,xcu200-fsgd2104-2-e,10,80.35026,1727.5,0,25,13,23,cyclic_4_1,unroll_2,unroll_2,pipeline_1,unroll_8,2,15.25,0.286762018862,False
workload_1999.cpp,xcu200-fsgd2104-2-e,10,105.4259,82,0,0,0,1,cyclic_4_1,unroll_2,unroll_2,unroll_2,pipeline_1,5,0.25,0.998789026687,False
workload_2092.cpp,xcu200-fsgd2104-2-e,10,207.4859,270,0,1,2,3,cyclic_4_1,unroll_2,unroll_2,unroll_2,unroll_16,1,1.5,0.676538122654,False
workload_2039.cpp,xcu200-fsgd2104-2-e,10,543.2059,86,0,0,0,1,cyclic_4_1,unroll_2,unroll_2,unroll_2,unroll_2,3,0.25,0.143538939197,False
workload_2117.cpp,xcu200-fsgd2104-2-e,10,319.2059,109,0,0,0,1,cyclic_4_1,unroll_2,unroll_2,unroll_2,unroll_4,3,0.25,0.444548863359,False
workload_1983.cpp,xcu200-fsgd2104-2-e,10,310.4419,187,0,0,1,2,cyclic_4_1,unroll_2,unroll_2,unroll_2,unroll_8,1,0.75,0.460503327752,False
workload_2161.cpp,xcu200-fsgd2104-2-e,10,105.2579,175.5,0,0,0,1,cyclic_4_1,unroll_2,unroll_2,unroll_4,pipeline_1,4,0.25,0.999327107926,False
workload_2134.cpp,xcu200-fsgd2104-2-e,10,532.0199,191.5,0,0,0,1,cyclic_4_1,unroll_2,unroll_2,unroll_4,unroll_2,2,0.25,0.151780080544,False
workload_2041.cpp,xcu200-fsgd2104-2-e,10,313.6199,292,0,0,1,2,cyclic_4_1,unroll_2,unroll_2,unroll_4,unroll_4,2,0.75,0.454111353321,False
workload_2126.cpp,xcu200-fsgd2104-2-e,10,304.8699,447.5,0,0,1,3,cyclic_4_1,unroll_2,unroll_2,unroll_4,unroll_8,2,1,0.469720044602,False
workload_2045.cpp,xcu200-fsgd2104-2-e,10,111.26434,897,0,0,2,4,cyclic_4_1,unroll_2,unroll_2,unroll_8,pipeline_1,3,1.5,0.858550652179,False
workload_1986.cpp,xcu200-fsgd2104-2-e,10,664.07842,881,0,0,2,5,cyclic_4_1,unroll_2,unroll_2,unroll_8,unroll_2,1,1.75,0.1,False
workload_1954.cpp,xcu200-fsgd2104-2-e,10,387.07442,1209,0,0,3,7,cyclic_4_1,unroll_2,unroll_2,unroll_8,unroll_4,3,2.5,0.304837996186,False
workload_2058.cpp,xcu200-fsgd2104-2-e,10,382.17538,3491,0,0,6,12,cyclic_4_1,unroll_2,unroll_2,unroll_8,unroll_8,1,4.5,0.27003294829,False
workload_2313.cpp,xcu200-fsgd2104-2-e,10,105.43966,175,0,0,1,1,cyclic_4_1,unroll_2,unroll_4,unroll_2,pipeline_1,2,0.5,0.970982664924,False
workload_2348.cpp,xcu200-fsgd2104-2-e,10,532.06166,919,0,0,1,2,cyclic_4_1,unroll_2,unroll_4,unroll_4,unroll_2,1,0.75,0.151449157635,False
workload_2210.cpp,xcu200-fsgd2104-2-e,10,105.04788,183.5,0,0,0,1,cyclic_4_1,unroll_4,unroll_2,unroll_2,pipeline_1,4,0.25,1,True
workload_2065.cpp,xcu200-fsgd2104-2-e,10,520.79188,196,0,0,0,1,cyclic_4_1,unroll_4,unroll_2,unroll_2,unroll_2,3,0.25,0.160770060398,False
workload_2390.cpp,xcu200-fsgd2104-2-e,10,307.99188,271,0,0,1,2,cyclic_4_1,unroll_4,unroll_2,unroll_2,unroll_4,2,0.75,0.465469598629,False
workload_2143.cpp,xcu200-fsgd2104-2-e,10,105.11788,852.5,0,0,1,2,cyclic_4_1,unroll_4,unroll_2,unroll_4,pipeline_1,4,0.75,0.942492542788,False
workload_2137.cpp,xcu200-fsgd2104-2-e,10,520.86188,957,0,0,1,2,cyclic_4_1,unroll_4,unroll_2,unroll_4,unroll_2,1,0.75,0.160379372623,False
workload_2272.cpp,xcu200-fsgd2104-2-e,10,105.05464,841,0,0,1,2,cyclic_4_1,unroll_4,unroll_4,unroll_2,pipeline_1,4,0.75,0.94249295532,False
workload_2364.cpp,xcu200-fsgd2104-2-e,10,520.79864,954,0,0,1,2,cyclic_4_1,unroll_4,unroll_4,unroll_2,unroll_2,2,0.75,0.160431824082,False
workload_2489.cpp,xcu200-fsgd2104-2-e,10,307.99864,1262.5,0,0,2,3,cyclic_4_1,unroll_4,unroll_4,unroll_2,unroll_4,2,1.25,0.460500452065,False
workload_2170.cpp,xcu200-fsgd2104-2-e,10,80.35026,1877.5,0,27,13,23,cyclic_8_1,unroll_2,unroll_2,pipeline_1,pipeline_1,4,15.75,0.261094447497,False
workload_2229.cpp,xcu200-fsgd2104-2-e,10,80.35026,1789,0,27,13,23,cyclic_8_1,unroll_2,unroll_2,pipeline_1,unroll_16,1,15.75,0.261094447497,False
workload_2288.cpp,xcu200-fsgd2104-2-e,10,80.34626,2513,0,29,12,22,cyclic_8_1,unroll_2,unroll_2,pipeline_1,unroll_2,3,15.75,0.261094329299,False
workload_2312.cpp,xcu200-fsgd2104-2-e,10,85.88826,2859,0,25,11,18,cyclic_8_1,unroll_2,unroll_2,pipeline_1,unroll_4,1,13.5,0.386717472227,False
workload_2330.cpp,xcu200-fsgd2104-2-e,10,80.35026,1745,0,27,13,23,cyclic_8_1,unroll_2,unroll_2,pipeline_1,unroll_8,1,15.75,0.261094447497,False
workload_2129.cpp,xcu200-fsgd2104-2-e,10,105.4259,81,0,0,0,1,cyclic_8_1,unroll_2,unroll_2,unroll_2,pipeline_1,4,0.25,0.998789026687,False
workload_2458.cpp,xcu200-fsgd2104-2-e,10,319.2059,96,0,0,0,1,cyclic_8_1,unroll_2,unroll_2,unroll_2,unroll_4,1,0.25,0.444548863359,False
workload_1970.cpp,xcu200-fsgd2104-2-e,10,105.2579,205,0,0,0,1,cyclic_8_1,unroll_2,unroll_2,unroll_4,pipeline_1,4,0.25,0.999327107926,False
workload_2333.cpp,xcu200-fsgd2104-2-e,10,532.0199,199,0,0,0,1,cyclic_8_1,unroll_2,unroll_2,unroll_4,unroll_2,1,0.25,0.151780080544,False
workload_2241.cpp,xcu200-fsgd2104-2-e,10,111.03138,924,0,0,2,4,cyclic_8_1,unroll_2,unroll_2,unroll_8,pipeline_1,1,1.5,0.858641518448,False
workload_2291.cpp,xcu200-fsgd2104-2-e,10,105.43966,174,0,0,1,1,cyclic_8_1,unroll_2,unroll_4,unroll_2,pipeline_1,3,0.5,0.970982664924,False
workload_2356.cpp,xcu200-fsgd2104-2-e,10,532.06166,950,0,0,1,2,cyclic_8_1,unroll_2,unroll_4,unroll_4,unroll_2,1,0.75,0.151449157635,False
workload_2200.cpp,xcu200-fsgd2104-2-e,10,105.04788,191,0,0,0,1,cyclic_8_1,unroll_4,unroll_2,unroll_2,pipeline_1,5,0.25,1,True
workload_2488.cpp,xcu200-fsgd2104-2-e,10,520.79188,198.5,0,0,0,1,cyclic_8_1,unroll_4,unroll_2,unroll_2,unroll_2,2,0.25,0.160770060398,False
workload_2441.cpp,xcu200-fsgd2104-2-e,10,307.99188,264,0,0,1,2,cyclic_8_1,unroll_4,unroll_2,unroll_2,unroll_4,2,0.75,0.465469598629,False
workload_2216.cpp,xcu200-fsgd2104-2-e,10,105.11788,854,0,0,1,2,cyclic_8_1,unroll_4,unroll_2,unroll_4,pipeline_1,3,0.75,0.942492542788,False
workload_2263.cpp,xcu200-fsgd2104-2-e,10,308.06188,1308,0,0,1,3,cyclic_8_1,unroll_4,unroll_2,unroll_4,unroll_4,1,1,0.463252220079,False
workload_2336.cpp,xcu200-fsgd2104-2-e,10,105.05464,864.5,0,0,1,2,cyclic_8_1,unroll_4,unroll_4,unroll_2,pipeline_1,4,0.75,0.94249295532,False
workload_1891.cpp,xczu7ev-ffvc1156-2-e,3.33,64.83920922,58,1,0,7,12,block_4_1,unroll_2,unroll_2,unroll_2,pipeline_1,1,5,0.972333076309,False
workload_1872.cpp,xczu7ev-ffvc1156-2-e,3.33,594.90860922,69.5,1,1,4,8,block_4_1,unroll_2,unroll_2,unroll_2,unroll_2,2,3.5,0.260746814178,False
workload_1817.cpp,xczu7ev-ffvc1156-2-e,3.33,64.80191322,86,1,0,13,17,block_4_1,unroll_2,unroll_2,unroll_4,pipeline_1,1,7.75,0.898476312591,False
workload_1912.cpp,xczu7ev-ffvc1156-2-e,3.33,62.36211546,1558,1,0,75,85,block_4_1,unroll_2,unroll_27,unroll_2,pipeline_1,1,40.25,1,True
workload_1894.cpp,xczu7ev-ffvc1156-2-e,3.33,587.4587199,131,1,1,7,12,block_4_1,unroll_4,unroll_2,unroll_2,unroll_2,2,5.25,0.258117399307,False
workload_1577.cpp,xczu7ev-ffvc1156-2-e,3.33,587.4913539,293,1,1,11,16,block_4_1,unroll_4,unroll_2,unroll_4,unroll_2,1,7.25,0.234548614955,False
workload_1498.cpp,xczu7ev-ffvc1156-2-e,3.33,657.26742132,1305,1,1,31,58,block_4_1,unroll_4,unroll_2,unroll_8,unroll_2,1,22.75,0.100009886027,False
workload_1612.cpp,xczu7ev-ffvc1156-2-e,3.33,587.49910281,1046,1,2,20,28,block_4_1,unroll_8,unroll_2,unroll_4,unroll_2,1,12.75,0.175056698761,False
workload_1794.cpp,xczu7ev-ffvc1156-2-e,3.33,64.7874477,57,1,0,7,10,block_8_1,unroll_2,unroll_2,unroll_2,pipeline_1,5,4.5,1,True
workload_1825.cpp,xczu7ev-ffvc1156-2-e,3.33,594.8568477,63,1,1,4,7,block_8_1,unroll_2,unroll_2,unroll_2,unroll_2,3,3.25,1,True
workload_1847.cpp,xczu7ev-ffvc1156-2-e,3.33,339.8547717,91,1,1,6,10,block_8_1,unroll_2,unroll_2,unroll_2,unroll_4,3,4.5,0.27013599736,False
workload_1815.cpp,xczu7ev-ffvc1156-2-e,3.33,64.7408277,82,1,0,12,16,block_8_1,unroll_2,unroll_2,unroll_4,pipeline_1,2,7.25,0.924817017549,False
workload_1809.cpp,xczu7ev-ffvc1156-2-e,3.33,591.1552197,119,1,1,5,9,block_8_1,unroll_2,unroll_2,unroll_4,unroll_2,3,4,1,True
workload_1877.cpp,xczu7ev-ffvc1156-2-e,3.33,337.5424197,183,1,1,8,13,block_8_1,unroll_2,unroll_2,unroll_4,unroll_4,2,5.75,0.268883038765,False
workload_1820.cpp,xczu7ev-ffvc1156-2-e,3.33,649.74607686,292,1,1,14,28,block_8_1,unroll_2,unroll_2,unroll_8,unroll_2,2,11,0.149714051437,False
workload_1868.cpp,xczu7ev-ffvc1156-2-e,3.33,62.36211546,1595,1,0,75,85,block_8_1,unroll_2,unroll_27,unroll_2,pipeline_1,1,40.25,1,True
workload_1875.cpp,xczu7ev-ffvc1156-2-e,3.33,64.79685162,86,1,0,12,17,block_8_1,unroll_2,unroll_4,unroll_2,pipeline_1,1,7.5,0.911659507281,False
workload_1724.cpp,xczu7ev-ffvc1156-2-e,3.33,64.66564296,85,1,0,12,16,block_8_1,unroll_4,unroll_2,unroll_2,pipeline_1,3,7.25,1,True
workload_1842.cpp,xczu7ev-ffvc1156-2-e,3.33,587.40637896,112,1,1,6,9,block_8_1,unroll_4,unroll_2,unroll_2,unroll_2,3,4.25,1,True
workload_1848.cpp,xczu7ev-ffvc1156-2-e,3.33,335.65837896,176,1,2,8,13,block_8_1,unroll_4,unroll_2,unroll_2,unroll_4,1,6,0.26838881805,False
workload_1893.cpp,xczu7ev-ffvc1156-2-e,3.33,64.69361496,153,1,0,23,28,block_8_1,unroll_4,unroll_2,unroll_4,pipeline_1,1,13,0.685157401658,False
workload_1864.cpp,xczu7ev-ffvc1156-2-e,3.33,587.43435096,252,1,1,9,14,block_8_1,unroll_4,unroll_2,unroll_4,unroll_2,1,6.25,0.246280706351,False
workload_1881.cpp,xczu7ev-ffvc1156-2-e,3.33,587.41108092,257,1,1,10,15,block_8_1,unroll_4,unroll_4,unroll_2,unroll_2,1,6.75,0.240430621626,False
workload_1638.cpp,xczu7ev-ffvc1156-2-e,3.33,64.7874477,57,1,0,7,10,complete_2,unroll_2,unroll_2,unroll_2,pipeline_1,5,4.5,1,True
workload_1683.cpp,xczu7ev-ffvc1156-2-e,3.33,594.8568477,68,1,1,4,7,complete_2,unroll_2,unroll_2,unroll_2,unroll_2,3,3.25,1,True
workload_1734.cpp,xczu7ev-ffvc1156-2-e,3.33,339.8547717,89,1,1,6,10,complete_2,unroll_2,unroll_2,unroll_2,unroll_4,3,4.5,0.27013599736,False
workload_1862.cpp,xczu7ev-ffvc1156-2-e,3.33,336.4701597,182,1,1,8,13,complete_2,unroll_2,unroll_2,unroll_2,unroll_8,1,5.75,0.2688843995,False
workload_1591.cpp,xczu7ev-ffvc1156-2-e,3.33,64.7408277,85,1,0,12,16,complete_2,unroll_2,unroll_2,unroll_4,pipeline_1,5,7.25,0.924817017549,False
workload_1475.cpp,xczu7ev-ffvc1156-2-e,3.33,591.1552197,114,1,1,5,9,complete_2,unroll_2,unroll_2,unroll_4,unroll_2,3,4,1,True
workload_1444.cpp,xczu7ev-ffvc1156-2-e,3.33,154.0460997,3382,1,4,32,43,complete_2,unroll_2,unroll_2,unroll_4,unroll_32,1,20,0.459482059294,False
workload_1720.cpp,xczu7ev-ffvc1156-2-e,3.33,337.5424197,171,1,1,8,13,complete_2,unroll_2,unroll_2,unroll_4,unroll_4,3,5.75,0.268883038765,False
workload_1707.cpp,xczu7ev-ffvc1156-2-e,3.33,62.6435271,168,1,0,27,40,complete_2,unroll_2,unroll_2,unroll_8,pipeline_1,4,17,1,True
workload_1541.cpp,xczu7ev-ffvc1156-2-e,3.33,649.74607686,307,1,1,14,28,complete_2,unroll_2,unroll_2,unroll_8,unroll_2,3,11,0.149714051437,False
workload_1865.cpp,xczu7ev-ffvc1156-2-e,3.33,365.50393686,528,1,1,20,38,complete_2,unroll_2,unroll_2,unroll_8,unroll_4,1,15,0.206686077991,False
workload_1874.cpp,xczu7ev-ffvc1156-2-e,3.33,62.36211546,1625,1,0,75,85,complete_2,unroll_2,unroll_27,unroll_2,pipeline_1,4,40.25,1,True
workload_1814.cpp,xczu7ev-ffvc1156-2-e,3.33,566.43353946,3165,1,1,27,34,complete_2,unroll_2,unroll_27,unroll_2,unroll_2,1,15.75,0.156529646223,False
workload_1745.cpp,xczu7ev-ffvc1156-2-e,3.33,64.79685162,85.5,1,0,12,17,complete_2,unroll_2,unroll_4,unroll_2,pipeline_1,2,7.5,0.911659507281,False
workload_1808.cpp,xczu7ev-ffvc1156-2-e,3.33,594.86625162,117,1,1,6,10,complete_2,unroll_2,unroll_4,unroll_2,unroll_2,1,4.5,0.257270237096,False
workload_1611.cpp,xczu7ev-ffvc1156-2-e,3.33,64.76421762,163,1,0,23,28,complete_2,unroll_2,unroll_4,unroll_4,pipeline_1,1,13,0.685153424015,False
workload_1625.cpp,xczu7ev-ffvc1156-2-e,3.33,591.16928562,260,1,1,9,14,complete_2,unroll_2,unroll_4,unroll_4,unroll_2,2,6.25,0.243176468267,False
workload_1634.cpp,xczu7ev-ffvc1156-2-e,3.33,108.2431485,164,1,0,23,26,complete_2,unroll_2,unroll_8,unroll_2,pipeline_1,1,12.5,0.650487103002,False
workload_1650.cpp,xczu7ev-ffvc1156-2-e,3.33,74.0240685,459,1,0,45,52,complete_2,unroll_2,unroll_8,unroll_4,pipeline_1,1,24.5,0.395714320203,False
workload_1539.cpp,xczu7ev-ffvc1156-2-e,3.33,79.62133896,85.5,1,0,12,15,complete_2,unroll_4,unroll_2,unroll_2,pipeline_1,6,7,0.897699693462,False
workload_1537.cpp,xczu7ev-ffvc1156-2-e,3.33,587.40637896,113,1,1,6,9,complete_2,unroll_4,unroll_2,unroll_2,unroll_2,3,4.25,1,True
workload_1749.cpp,xczu7ev-ffvc1156-2-e,3.33,335.65837896,166,1,2,8,13,complete_2,unroll_4,unroll_2,unroll_2,unroll_4,3,6,0.26838881805,False
workload_1601.cpp,xczu7ev-ffvc1156-2-e,3.33,64.69361496,163,1,0,23,28,complete_2,unroll_4,unroll_2,unroll_4,pipeline_1,5,13,0.685157401658,False
workload_1401.cpp,xczu7ev-ffvc1156-2-e,3.33,587.43435096,276,1,1,9,14,complete_2,unroll_4,unroll_2,unroll_4,unroll_2,3,6.25,0.246280706351,False
workload_1489.cpp,xczu7ev-ffvc1156-2-e,3.33,62.65687374,470.5,1,0,54,76,complete_2,unroll_4,unroll_2,unroll_8,pipeline_1,4,32.75,0.279203399712,False
workload_1429.cpp,xczu7ev-ffvc1156-2-e,3.33,657.21508038,1172,1,1,30,55,complete_2,unroll_4,unroll_2,unroll_8,unroll_2,3,21.75,0.10053759754,False
workload_1654.cpp,xczu7ev-ffvc1156-2-e,3.33,79.62604092,170,1,0,23,26.5,complete_2,unroll_4,unroll_4,unroll_2,pipeline_1,2,12.625,0.680198769356,False
workload_1599.cpp,xczu7ev-ffvc1156-2-e,3.33,64.70530992,486,1,0,45,51,complete_2,unroll_4,unroll_4,unroll_4,pipeline_1,3,24.25,0.40458507129,False
workload_1491.cpp,xczu7ev-ffvc1156-2-e,3.33,587.44604592,925,1,1,16,23,complete_2,unroll_4,unroll_4,unroll_4,unroll_2,2,10.25,0.20091646499,False
workload_1559.cpp,xczu7ev-ffvc1156-2-e,3.33,108.09591588,520,1,0,45,44,complete_2,unroll_4,unroll_8,unroll_2,pipeline_1,3,22.5,0.444748528148,False
workload_1678.cpp,xczu7ev-ffvc1156-2-e,3.33,108.13720788,2204,1,0,87,83,complete_2,unroll_4,unroll_8,unroll_4,pipeline_1,1,42.75,0.205761654809,False
workload_1465.cpp,xczu7ev-ffvc1156-2-e,3.33,64.67164029,160,1,1,24,29,complete_2,unroll_8,unroll_2,unroll_2,pipeline_1,3,13.75,0.685145618866,False
workload_1390.cpp,xczu7ev-ffvc1156-2-e,3.33,587.41237629,256,1,2,10,15,complete_2,unroll_8,unroll_2,unroll_2,unroll_2,2,7,0.23751265705,False
workload_1194.cpp,xczu7ev-ffvc1156-2-e,3.33,64.70660529,480,1,1,45,51,complete_2,unroll_8,unroll_2,unroll_4,pipeline_1,5,24.5,0.396529633781,False
workload_1259.cpp,xczu7ev-ffvc1156-2-e,3.33,587.44734129,842.5,1,2,17,23,complete_2,unroll_8,unroll_2,unroll_4,unroll_2,2,10.75,0.195562893579,False
workload_1553.cpp,xczu7ev-ffvc1156-2-e,3.33,335.69934129,1439,1,2,22,31,complete_2,unroll_8,unroll_2,unroll_4,unroll_4,1,14,0.225359404489,False
workload_1676.cpp,xczu7ev-ffvc1156-2-e,3.33,64.70965224,2247,1,2,89,99,complete_2,unroll_8,unroll_4,unroll_4,pipeline_1,1,47.75,0.141158787377,False
workload_1624.cpp,xczu7ev-ffvc1156-2-e,3.33,108.09886293,2482,1,4,89,84,complete_2,unroll_8,unroll_8,unroll_2,pipeline_1,1,44.5,0.179006442456,False
workload_1719.cpp,xczu7ev-ffvc1156-2-e,3.33,79.7431437,56,1,0,7,9.5,cyclic_2_1,unroll_2,unroll_2,unroll_2,pipeline_1,6,4.375,1,True
workload_1770.cpp,xczu7ev-ffvc1156-2-e,3.33,594.8568477,64,1,1,4,7,cyclic_2_1,unroll_2,unroll_2,unroll_2,unroll_2,3,3.25,1,True
workload_1849.cpp,xczu7ev-ffvc1156-2-e,3.33,339.8547717,93.5,1,1,6,10,cyclic_2_1,unroll_2,unroll_2,unroll_2,unroll_4,2,4.5,0.27013599736,False
workload_1761.cpp,xczu7ev-ffvc1156-2-e,3.33,64.7408277,86,1,0,12,16,cyclic_2_1,unroll_2,unroll_2,unroll_4,pipeline_1,5,7.25,0.924817017549,False
workload_1751.cpp,xczu7ev-ffvc1156-2-e,3.33,591.1552197,118,1,1,5,9,cyclic_2_1,unroll_2,unroll_2,unroll_4,unroll_2,3,4,1,True
workload_1853.cpp,xczu7ev-ffvc1156-2-e,3.33,76.78367946,1610,1,0,74.5,77.5,cyclic_2_1,unroll_2,unroll_27,unroll_2,pipeline_1,2,38.25,0.276117471176,False
workload_1899.cpp,xczu7ev-ffvc1156-2-e,3.33,566.43353946,3141,1,1,27,34,cyclic_2_1,unroll_2,unroll_27,unroll_2,unroll_2,1,15.75,0.156529646223,False
workload_1673.cpp,xczu7ev-ffvc1156-2-e,3.33,64.66564296,84,1,0,12,16,cyclic_2_1,unroll_4,unroll_2,unroll_2,pipeline_1,5,7.25,1,True
workload_1608.cpp,xczu7ev-ffvc1156-2-e,3.33,587.40637896,109,1,1,6,9,cyclic_2_1,unroll_4,unroll_2,unroll_2,unroll_2,3,4.25,1,True
workload_1834.cpp,xczu7ev-ffvc1156-2-e,3.33,335.65837896,178,1,1,8,13,cyclic_2_1,unroll_4,unroll_2,unroll_2,unroll_4,1,5.75,0.268885400797,False
workload_1636.cpp,xczu7ev-ffvc1156-2-e,3.33,79.64931096,158.5,1,0,22.5,25.5,cyclic_2_1,unroll_4,unroll_2,unroll_4,pipeline_1,2,12.25,0.680384784817,False
workload_1798.cpp,xczu7ev-ffvc1156-2-e,3.33,587.43435096,272,1,1,9,14,cyclic_2_1,unroll_4,unroll_2,unroll_4,unroll_2,3,6.25,0.246280706351,False
workload_1740.cpp,xczu7ev-ffvc1156-2-e,3.33,62.65687374,462,1,0,54,76,cyclic_2_1,unroll_4,unroll_2,unroll_8,pipeline_1,2,32.75,0.279203399712,False
workload_1866.cpp,xczu7ev-ffvc1156-2-e,3.33,657.21508038,1105,1,1,30,55,cyclic_2_1,unroll_4,unroll_2,unroll_8,unroll_2,1,21.75,0.10053759754,False
workload_1810.cpp,xczu7ev-ffvc1156-2-e,3.33,94.58173692,161,1,0,23,24,cyclic_2_1,unroll_4,unroll_4,unroll_2,pipeline_1,1,12,0.674650498299,False
workload_1652.cpp,xczu7ev-ffvc1156-2-e,3.33,64.70530992,461,1,0,45,51,cyclic_2_1,unroll_4,unroll_4,unroll_4,pipeline_1,1,24.25,0.40458507129,False
workload_1648.cpp,xczu7ev-ffvc1156-2-e,3.33,79.62733629,167.5,1,1,23.5,26.5,cyclic_2_1,unroll_8,unroll_2,unroll_2,pipeline_1,2,13,0.679944361657,False
workload_1690.cpp,xczu7ev-ffvc1156-2-e,3.33,587.41237629,248,1,2,10,15,cyclic_2_1,unroll_8,unroll_2,unroll_2,unroll_2,1,7,0.23751265705,False
workload_1627.cpp,xczu7ev-ffvc1156-2-e,3.33,64.70660529,452.5,1,1,45,51,cyclic_2_1,unroll_8,unroll_2,unroll_4,pipeline_1,2,24.5,0.396529633781,False
workload_1606.cpp,xczu7ev-ffvc1156-2-e,3.33,587.44734129,831,1,2,17,23,cyclic_2_1,unroll_8,unroll_2,unroll_4,unroll_2,1,10.75,0.195562893579,False
workload_1735.cpp,xczu7ev-ffvc1156-2-e,3.33,79.7431437,57.5,1,0,7,9.5,cyclic_4_1,unroll_2,unroll_2,unroll_2,pipeline_1,6,4.375,1,True
workload_1682.cpp,xczu7ev-ffvc1156-2-e,3.33,594.8568477,69,1,1,4,7,cyclic_4_1,unroll_2,unroll_2,unroll_2,unroll_2,3,3.25,1,True
workload_1773.cpp,xczu7ev-ffvc1156-2-e,3.33,339.8547717,96,1,1,6,10,cyclic_4_1,unroll_2,unroll_2,unroll_2,unroll_4,3,4.5,0.27013599736,False
workload_1538.cpp,xczu7ev-ffvc1156-2-e,3.33,79.6965237,85,1,0,12,15,cyclic_4_1,unroll_2,unroll_2,unroll_4,pipeline_1,6,7,0.897512840492,False
workload_1666.cpp,xczu7ev-ffvc1156-2-e,3.33,591.1552197,120,1,1,5,9,cyclic_4_1,unroll_2,unroll_2,unroll_4,unroll_2,3,4,1,True
workload_1504.cpp,xczu7ev-ffvc1156-2-e,3.33,154.0460997,3038,1,3,31,42,cyclic_4_1,unroll_2,unroll_2,unroll_4,unroll_32,1,19.25,0.476929391252,False
workload_1844.cpp,xczu7ev-ffvc1156-2-e,3.33,337.5424197,175,1,1,8,13,cyclic_4_1,unroll_2,unroll_2,unroll_4,unroll_4,1,5.75,0.268883038765,False
workload_1778.cpp,xczu7ev-ffvc1156-2-e,3.33,62.6435271,159,1,0,27,40,cyclic_4_1,unroll_2,unroll_2,unroll_8,pipeline_1,1,17,1,True
workload_1737.cpp,xczu7ev-ffvc1156-2-e,3.33,649.74607686,285,1,1,14,28,cyclic_4_1,unroll_2,unroll_2,unroll_8,unroll_2,3,11,0.149714051437,False
workload_1832.cpp,xczu7ev-ffvc1156-2-e,3.33,365.50393686,505.5,1,1,20,38,cyclic_4_1,unroll_2,unroll_2,unroll_8,unroll_4,2,15,0.206686077991,False
workload_1836.cpp,xczu7ev-ffvc1156-2-e,3.33,91.20524346,1540,1,0,74,70,cyclic_4_1,unroll_2,unroll_27,unroll_2,pipeline_1,1,36.25,0.272653096784,False
workload_1902.cpp,xczu7ev-ffvc1156-2-e,3.33,64.79685162,83,1,0,12,17,cyclic_4_1,unroll_2,unroll_4,unroll_2,pipeline_1,1,7.5,0.911659507281,False
workload_1892.cpp,xczu7ev-ffvc1156-2-e,3.33,340.09261362,187,1,1,8,14,cyclic_4_1,unroll_2,unroll_4,unroll_2,unroll_4,1,6,0.26838162296,False
workload_1695.cpp,xczu7ev-ffvc1156-2-e,3.33,64.76421762,165,1,0,23,28,cyclic_4_1,unroll_2,unroll_4,unroll_4,pipeline_1,1,13,0.685153424015,False
workload_1790.cpp,xczu7ev-ffvc1156-2-e,3.33,334.64739762,1644,1,1,20,29,cyclic_4_1,unroll_2,unroll_4,unroll_4,unroll_8,1,12.75,0.229941452564,False
workload_1659.cpp,xczu7ev-ffvc1156-2-e,3.33,74.0587005,159,1,0,24,30,cyclic_4_1,unroll_2,unroll_8,unroll_2,pipeline_1,1,13.75,0.682544640993,False
workload_1571.cpp,xczu7ev-ffvc1156-2-e,3.33,74.0240685,484.5,1,0,45,52,cyclic_4_1,unroll_2,unroll_8,unroll_4,pipeline_1,2,24.5,0.395714320203,False
workload_1675.cpp,xczu7ev-ffvc1156-2-e,3.33,675.6298605,951,1,1,17,24,cyclic_4_1,unroll_2,unroll_8,unroll_4,unroll_2,2,10.75,0.133746727513,False
workload_1572.cpp,xczu7ev-ffvc1156-2-e,3.33,64.66622238,88,1,0,12,16,cyclic_4_1,unroll_4,unroll_2,unroll_2,pipeline_1,3,7.25,0.924955756078,False
workload_1705.cpp,xczu7ev-ffvc1156-2-e,3.33,587.40695838,114,1,1,6,10,cyclic_4_1,unroll_4,unroll_2,unroll_2,unroll_2,3,4.5,0.267140030395,False
workload_1802.cpp,xczu7ev-ffvc1156-2-e,3.33,335.65895838,176,1,1,8,13,cyclic_4_1,unroll_4,unroll_2,unroll_2,unroll_4,2,5.75,0.268885400091,False
workload_1521.cpp,xczu7ev-ffvc1156-2-e,3.33,79.64989038,174,1,0,22.5,25.5,cyclic_4_1,unroll_4,unroll_2,unroll_4,pipeline_1,4,12.25,0.680384444985,False
workload_1543.cpp,xczu7ev-ffvc1156-2-e,3.33,587.43493038,276,1,1,9,14,cyclic_4_1,unroll_4,unroll_2,unroll_4,unroll_2,2,6.25,0.246280251705,False
workload_1708.cpp,xczu7ev-ffvc1156-2-e,3.33,62.65745316,497,1,0,54,76,cyclic_4_1,unroll_4,unroll_2,unroll_8,pipeline_1,1,32.75,0.279203400979,False
workload_1574.cpp,xczu7ev-ffvc1156-2-e,3.33,657.2156598,1171,1,1,30,55,cyclic_4_1,unroll_4,unroll_2,unroll_8,unroll_2,1,21.75,0.100537564702,False
workload_1699.cpp,xczu7ev-ffvc1156-2-e,3.33,64.70530992,462,1,0,45,51,cyclic_4_1,unroll_4,unroll_4,unroll_4,pipeline_1,1,24.25,0.40458507129,False
workload_1575.cpp,xczu7ev-ffvc1156-2-e,3.33,64.67164029,164,1,1,24,29,cyclic_4_1,unroll_8,unroll_2,unroll_2,pipeline_1,2,13.75,0.685145618866,False
workload_1669.cpp,xczu7ev-ffvc1156-2-e,3.33,587.41237629,245,1,2,10,15,cyclic_4_1,unroll_8,unroll_2,unroll_2,unroll_2,1,7,0.23751265705,False
workload_1496.cpp,xczu7ev-ffvc1156-2-e,3.33,79.66230129,476.5,1,1,45,47.5,cyclic_4_1,unroll_8,unroll_2,unroll_4,pipeline_1,4,23.625,0.42298180447,False
workload_1523.cpp,xczu7ev-ffvc1156-2-e,3.33,587.44734129,914,1,2,17,23,cyclic_4_1,unroll_8,unroll_2,unroll_4,unroll_2,2,10.75,0.195562893579,False
workload_1616.cpp,xczu7ev-ffvc1156-2-e,3.33,335.69934129,1482,1,2,23,31,cyclic_4_1,unroll_8,unroll_2,unroll_4,unroll_4,1,14.25,0.224568732859,False
workload_1641.cpp,xczu7ev-ffvc1156-2-e,3.33,64.70965224,2212,1,2,89,99,cyclic_4_1,unroll_8,unroll_4,unroll_4,pipeline_1,1,47.75,0.141158787377,False
workload_1210.cpp,xczu7ev-ffvc1156-2-e,3.33,108.09886293,2537,1,4,89,84,cyclic_4_1,unroll_8,unroll_8,unroll_2,pipeline_1,1,44.5,0.179006442456,False
workload_1851.cpp,xczu7ev-ffvc1156-2-e,3.33,699.75702918,1163,1,1,27,51,cyclic_8_1,unroll_2,unroll_2,unroll_16,unroll_2,1,20,0.1,False
workload_1667.cpp,xczu7ev-ffvc1156-2-e,3.33,79.7431437,59.5,1,0,7,9.5,cyclic_8_1,unroll_2,unroll_2,unroll_2,pipeline_1,6,4.375,1,True
workload_1688.cpp,xczu7ev-ffvc1156-2-e,3.33,594.8568477,68,1,1,4,7,cyclic_8_1,unroll_2,unroll_2,unroll_2,unroll_2,3,3.25,1,True
workload_1759.cpp,xczu7ev-ffvc1156-2-e,3.33,339.8547717,91,1,1,6,10,cyclic_8_1,unroll_2,unroll_2,unroll_2,unroll_4,3,4.5,0.27013599736,False
workload_1684.cpp,xczu7ev-ffvc1156-2-e,3.33,79.6965237,88,1,0,12,15,cyclic_8_1,unroll_2,unroll_2,unroll_4,pipeline_1,4,7,0.897512840492,False
workload_1701.cpp,xczu7ev-ffvc1156-2-e,3.33,591.1552197,122,1,1,5,9,cyclic_8_1,unroll_2,unroll_2,unroll_4,unroll_2,3,4,1,True
workload_1733.cpp,xczu7ev-ffvc1156-2-e,3.33,337.5424197,181,1,1,8,13,cyclic_8_1,unroll_2,unroll_2,unroll_4,unroll_4,2,5.75,0.268883038765,False
workload_1725.cpp,xczu7ev-ffvc1156-2-e,3.33,62.6435271,171,1,0,27,40,cyclic_8_1,unroll_2,unroll_2,unroll_8,pipeline_1,5,17,1,True
workload_1753.cpp,xczu7ev-ffvc1156-2-e,3.33,649.74607686,302.5,1,1,14,28,cyclic_8_1,unroll_2,unroll_2,unroll_8,unroll_2,2,11,0.149714051437,False
workload_1858.cpp,xczu7ev-ffvc1156-2-e,3.33,566.43353946,3104,1,1,27,34,cyclic_8_1,unroll_2,unroll_27,unroll_2,unroll_2,1,15.75,0.156529646223,False
workload_1905.cpp,xczu7ev-ffvc1156-2-e,3.33,340.09261362,175,1,1,8,14,cyclic_8_1,unroll_2,unroll_4,unroll_2,unroll_4,1,6,0.26838162296,False
workload_1803.cpp,xczu7ev-ffvc1156-2-e,3.33,62.64789606,523,1,0,53,76,cyclic_8_1,unroll_2,unroll_4,unroll_8,pipeline_1,1,32.5,0.279203346419,False
workload_1670.cpp,xczu7ev-ffvc1156-2-e,3.33,64.66622238,92,1,0,12,17,cyclic_8_1,unroll_4,unroll_2,unroll_2,pipeline_1,5,7.5,0.91166363526,False
workload_1619.cpp,xczu7ev-ffvc1156-2-e,3.33,587.40695838,115,1,1,6,10,cyclic_8_1,unroll_4,unroll_2,unroll_2,unroll_2,3,4.5,0.267140030395,False
workload_1775.cpp,xczu7ev-ffvc1156-2-e,3.33,335.65895838,180,1,2,8,14,cyclic_8_1,unroll_4,unroll_2,unroll_2,unroll_4,1,6.25,0.26781135659,False
workload_1736.cpp,xczu7ev-ffvc1156-2-e,3.33,587.43493038,260,1,1,9,14,cyclic_8_1,unroll_4,unroll_2,unroll_4,unroll_2,3,6.25,0.246280251705,False
workload_1672.cpp,xczu7ev-ffvc1156-2-e,3.33,62.65745316,492,1,0,54,76,cyclic_8_1,unroll_4,unroll_2,unroll_8,pipeline_1,2,32.75,0.279203400979,False
workload_1766.cpp,xczu7ev-ffvc1156-2-e,3.33,657.2156598,1114,1,1,30,55,cyclic_8_1,unroll_4,unroll_2,unroll_8,unroll_2,1,21.75,0.100537564702,False
workload_1846.cpp,xczu7ev-ffvc1156-2-e,3.33,587.41237629,255,1,2,10,15,cyclic_8_1,unroll_8,unroll_2,unroll_2,unroll_2,1,7,0.23751265705,False
workload_1637.cpp,xczu7ev-ffvc1156-2-e,3.33,94.61799729,508,1,1,45,43,cyclic_8_1,unroll_8,unroll_2,unroll_4,pipeline_1,1,22.5,0.454237171449,False
workload_1596.cpp,xczu7ev-ffvc1156-2-e,3.33,587.44734129,965,1,2,17,24,cyclic_8_1,unroll_8,unroll_2,unroll_4,unroll_2,1,11,0.192919153894,False
workload_1050.cpp,xczu7ev-ffvc1156-2-e,5,81.89899,90.5,0,1,4,7,block_2_1,unroll_2,unroll_2,unroll_2,pipeline_1,2,3,0.969106326561,False
workload_881.cpp,xczu7ev-ffvc1156-2-e,5,375.95499,129,0,2,5,8,block_2_1,unroll_2,unroll_2,unroll_2,unroll_4,1,3.75,0.413807517485,False
workload_1150.cpp,xczu7ev-ffvc1156-2-e,5,81.84299,198.5,0,1,5,9,block_2_1,unroll_2,unroll_2,unroll_4,pipeline_1,2,3.75,0.937923686926,False
workload_749.cpp,xczu7ev-ffvc1156-2-e,5,372.84699,322.5,0,2,7,11,block_2_1,unroll_2,unroll_2,unroll_4,unroll_4,2,5,0.41043483061,False
workload_686.cpp,xczu7ev-ffvc1156-2-e,5,731.06325,830,0,2,14,28,block_2_1,unroll_2,unroll_2,unroll_8,unroll_2,3,11,0.101738335429,False
workload_701.cpp,xczu7ev-ffvc1156-2-e,5,412.01725,1182,0,3,19,37,block_2_1,unroll_2,unroll_2,unroll_8,unroll_4,1,14.75,0.206209839259,False
workload_831.cpp,xczu7ev-ffvc1156-2-e,5,373.04839,1499,0,2,13,19,block_2_1,unroll_2,unroll_4,unroll_4,unroll_4,1,8.5,0.360293132106,False
workload_1151.cpp,xczu7ev-ffvc1156-2-e,5,81.71698,213.5,0,1,6,11,block_2_1,unroll_4,unroll_2,unroll_2,pipeline_1,2,4.5,0.897250971609,False
workload_1147.cpp,xczu7ev-ffvc1156-2-e,5,81.89899,92.5,0,1,4,7.5,block_4_1,unroll_2,unroll_2,unroll_2,pipeline_1,2,3.125,0.969104462597,False
workload_928.cpp,xczu7ev-ffvc1156-2-e,5,375.95499,127,0,2,5,9,block_4_1,unroll_2,unroll_2,unroll_2,unroll_4,1,4,0.412732145369,False
workload_1164.cpp,xczu7ev-ffvc1156-2-e,5,70.51698,215,0,1,6,12,block_4_1,unroll_4,unroll_2,unroll_2,pipeline_1,1,4.75,0.882731772835,False
workload_1016.cpp,xczu7ev-ffvc1156-2-e,5,81.82011,83.5,0,1,3,5.5,block_8_1,unroll_2,unroll_2,unroll_2,pipeline_1,6,2.375,1,True
workload_1042.cpp,xczu7ev-ffvc1156-2-e,5,81.75011,185.5,0,1,4,8,block_8_1,unroll_2,unroll_2,unroll_4,pipeline_1,6,3.25,1,True
workload_1137.cpp,xczu7ev-ffvc1156-2-e,5,652.40411,228,0,1,5,8,block_8_1,unroll_2,unroll_2,unroll_4,unroll_2,2,3.5,0.139297655253,False
workload_1116.cpp,xczu7ev-ffvc1156-2-e,5,74.15365,966,0,1,11,25,block_8_1,unroll_2,unroll_2,unroll_8,pipeline_1,2,9.25,0.61305959324,False
workload_1134.cpp,xczu7ev-ffvc1156-2-e,5,81.77457,859.5,0,1,8,14,block_8_1,unroll_2,unroll_4,unroll_4,pipeline_1,2,5.75,0.817518501176,False
workload_1057.cpp,xczu7ev-ffvc1156-2-e,5,81.6381,193.5,0,1,4,9,block_8_1,unroll_4,unroll_2,unroll_2,pipeline_1,6,3.5,0.951696637121,False
workload_1087.cpp,xczu7ev-ffvc1156-2-e,5,70.4836,878,0,1,8,14,block_8_1,unroll_4,unroll_2,unroll_4,pipeline_1,3,5.75,0.818019049473,False
workload_1078.cpp,xczu7ev-ffvc1156-2-e,5,92.84506,873,0,1,8,14,block_8_1,unroll_4,unroll_4,unroll_2,pipeline_1,1,5.75,0.813349247766,False
workload_1118.cpp,xczu7ev-ffvc1156-2-e,5,70.447405,906,0,2,8,15,block_8_1,unroll_8,unroll_2,unroll_2,pipeline_1,1,6.25,0.786650843236,False
workload_766.cpp,xczu7ev-ffvc1156-2-e,5,81.81807,87,0,1,3,6,complete_1,unroll_2,unroll_2,unroll_2,pipeline_1,6,2.5,1,True
workload_956.cpp,xczu7ev-ffvc1156-2-e,5,657.98807,101,0,1,3,7,complete_1,unroll_2,unroll_2,unroll_2,unroll_2,2,2.75,0.136661702627,False
workload_814.cpp,xczu7ev-ffvc1156-2-e,5,375.18807,125,0,2,4,8,complete_1,unroll_2,unroll_2,unroll_2,unroll_4,3,3.5,0.415760960245,False
workload_899.cpp,xczu7ev-ffvc1156-2-e,5,371.52007,207,0,3,7,12,complete_1,unroll_2,unroll_2,unroll_2,unroll_8,1,5.5,0.407465827651,False
workload_1072.cpp,xczu7ev-ffvc1156-2-e,5,81.74107,188,0,1,4,9,complete_1,unroll_2,unroll_2,unroll_4,pipeline_1,6,3.5,0.951698202446,False
workload_1159.cpp,xczu7ev-ffvc1156-2-e,5,652.40207,230,0,1,5,9,complete_1,unroll_2,unroll_2,unroll_4,unroll_2,1,3.75,0.139147738727,False
workload_878.cpp,xczu7ev-ffvc1156-2-e,5,372.40207,313,0,2,6,11,complete_1,unroll_2,unroll_2,unroll_4,unroll_4,1,4.75,0.413149777585,False
workload_844.cpp,xczu7ev-ffvc1156-2-e,5,85.79961,839,0,1,11,25.5,complete_1,unroll_2,unroll_2,unroll_8,pipeline_1,4,9.375,0.6058184819,False
workload_832.cpp,xczu7ev-ffvc1156-2-e,5,730.98233,825,0,2,13,27,complete_1,unroll_2,unroll_2,unroll_8,unroll_2,2,10.5,0.102302045752,False
workload_1172.cpp,xczu7ev-ffvc1156-2-e,5,70.64573,197,0,1,5,10,complete_1,unroll_2,unroll_4,unroll_2,pipeline_1,1,4,0.932869851323,False
workload_964.cpp,xczu7ev-ffvc1156-2-e,5,375.20173,327,0,2,7,12,complete_1,unroll_2,unroll_4,unroll_2,unroll_4,1,5.25,0.404800094827,False
workload_1033.cpp,xczu7ev-ffvc1156-2-e,5,70.56523,892,0,1,8,15,complete_1,unroll_2,unroll_4,unroll_4,pipeline_1,1,6,0.802262233116,False
workload_747.cpp,xczu7ev-ffvc1156-2-e,5,106.33803,902,0,1,8,17,complete_1,unroll_2,unroll_8,unroll_2,pipeline_1,1,6.5,0.760725011185,False
workload_882.cpp,xczu7ev-ffvc1156-2-e,5,430.40203,1502,0,2,12,21,complete_1,unroll_2,unroll_8,unroll_2,unroll_4,1,8.75,0.29274002236,False
workload_1002.cpp,xczu7ev-ffvc1156-2-e,5,70.44407,194,0,1,5,10,complete_1,unroll_4,unroll_2,unroll_2,pipeline_1,5,4,0.932816389455,False
workload_954.cpp,xczu7ev-ffvc1156-2-e,5,646.79607,248,0,1,5,10,complete_1,unroll_4,unroll_2,unroll_2,unroll_2,1,4,0.141906770594,False
workload_869.cpp,xczu7ev-ffvc1156-2-e,5,168.66807,2817,0,4,25,34,complete_1,unroll_4,unroll_2,unroll_2,unroll_32,1,15.75,0.30879045949,False
workload_945.cpp,xczu7ev-ffvc1156-2-e,5,369.59607,359,0,2,6,12,complete_1,unroll_4,unroll_2,unroll_2,unroll_4,1,5,0.4151017194,False
workload_1162.cpp,xczu7ev-ffvc1156-2-e,5,70.47907,951.5,0,1,8,15,complete_1,unroll_4,unroll_2,unroll_4,pipeline_1,2,6,0.802252067171,False
workload_1026.cpp,xczu7ev-ffvc1156-2-e,5,92.84708,921,0,1,8,16,complete_1,unroll_4,unroll_4,unroll_2,pipeline_1,1,6.25,0.782955487465,False
workload_1117.cpp,xczu7ev-ffvc1156-2-e,5,70.446735,952,0,2,8,17,complete_1,unroll_8,unroll_2,unroll_2,pipeline_1,1,6.75,0.755966925421,False
workload_1037.cpp,xczu7ev-ffvc1156-2-e,5,81.82011,84.5,0,1,3,5.5,complete_2,unroll_2,unroll_2,unroll_2,pipeline_1,6,2.375,1,True
workload_1148.cpp,xczu7ev-ffvc1156-2-e,5,657.99011,97,0,1,3,6,complete_2,unroll_2,unroll_2,unroll_2,unroll_2,3,2.5,0.136694091516,False
workload_897.cpp,xczu7ev-ffvc1156-2-e,5,170.34211,896,0,5,19,31,complete_2,unroll_2,unroll_2,unroll_2,unroll_32,1,13.75,0.37937086808,False
workload_857.cpp,xczu7ev-ffvc1156-2-e,5,375.19011,125,0,2,4,7,complete_2,unroll_2,unroll_2,unroll_2,unroll_4,3,3.25,0.416333454213,False
workload_942.cpp,xczu7ev-ffvc1156-2-e,5,371.53611,211,0,3,7,12,complete_2,unroll_2,unroll_2,unroll_2,unroll_8,1,5.5,0.407443248985,False
workload_1022.cpp,xczu7ev-ffvc1156-2-e,5,81.75011,187.5,0,1,4.5,8,complete_2,unroll_2,unroll_2,unroll_4,pipeline_1,6,3.375,0.960381260761,False
workload_915.cpp,xczu7ev-ffvc1156-2-e,5,652.40411,227,0,1,5,8,complete_2,unroll_2,unroll_2,unroll_4,unroll_2,2,3.5,0.139297655253,False
workload_902.cpp,xczu7ev-ffvc1156-2-e,5,169.51611,3191,0,5,29,43,complete_2,unroll_2,unroll_2,unroll_4,unroll_32,1,19.25,0.207993692378,False
workload_877.cpp,xczu7ev-ffvc1156-2-e,5,372.40411,311,0,2,6,10,complete_2,unroll_2,unroll_2,unroll_4,unroll_4,1,4.5,0.414987002524,False
workload_1043.cpp,xczu7ev-ffvc1156-2-e,5,85.80165,799.5,0,1,11,25,complete_2,unroll_2,unroll_2,unroll_8,pipeline_1,2,9.25,0.612498581407,False
workload_1012.cpp,xczu7ev-ffvc1156-2-e,5,70.63407,192,0,1,5,9,complete_2,unroll_2,unroll_4,unroll_2,pipeline_1,1,3.75,0.949568121356,False
workload_895.cpp,xczu7ev-ffvc1156-2-e,5,375.89707,315,0,2,7,11,complete_2,unroll_2,unroll_4,unroll_2,unroll_4,2,5,0.406085791246,False
workload_1086.cpp,xczu7ev-ffvc1156-2-e,5,70.57457,882,0,1,8,14,complete_2,unroll_2,unroll_4,unroll_4,pipeline_1,1,5.75,0.818030669899,False
workload_1130.cpp,xczu7ev-ffvc1156-2-e,5,106.33243,844,0,1,8,15,complete_2,unroll_2,unroll_8,unroll_2,pipeline_1,1,6,0.789552183933,False
workload_1056.cpp,xczu7ev-ffvc1156-2-e,5,81.6381,192.5,0,1,4,9,complete_2,unroll_4,unroll_2,unroll_2,pipeline_1,6,3.5,0.951696637121,False
workload_761.cpp,xczu7ev-ffvc1156-2-e,5,234.1821,1183,0,4,15,23,complete_2,unroll_4,unroll_2,unroll_2,unroll_16,1,10.5,0.460058516618,False
workload_850.cpp,xczu7ev-ffvc1156-2-e,5,168.6621,3048,0,4,25,32,complete_2,unroll_4,unroll_2,unroll_2,unroll_32,1,15.25,0.325708214211,False
workload_911.cpp,xczu7ev-ffvc1156-2-e,5,369.5901,307,0,2,6,11,complete_2,unroll_4,unroll_2,unroll_2,unroll_4,1,4.75,0.417221447839,False
workload_1029.cpp,xczu7ev-ffvc1156-2-e,5,70.4836,882,0,1,8,13,complete_2,unroll_4,unroll_2,unroll_4,pipeline_1,3,5.5,0.833952411355,False
workload_940.cpp,xczu7ev-ffvc1156-2-e,5,646.8356,1037,0,1,8,13,complete_2,unroll_4,unroll_2,unroll_4,unroll_2,1,5.5,0.139671811965,False
workload_811.cpp,xczu7ev-ffvc1156-2-e,5,369.6356,1372,0,2,11,16,complete_2,unroll_4,unroll_2,unroll_4,unroll_4,1,7.25,0.386334520438,False
workload_1128.cpp,xczu7ev-ffvc1156-2-e,5,70.44506,907,0,1,8,14,complete_2,unroll_4,unroll_4,unroll_2,pipeline_1,1,5.75,0.818014049564,False
workload_1045.cpp,xczu7ev-ffvc1156-2-e,5,70.447405,921,0,2,9,15,complete_2,unroll_8,unroll_2,unroll_2,pipeline_1,3,6.5,0.771223397866,False
workload_894.cpp,xczu7ev-ffvc1156-2-e,5,81.82011,84,0,1,3,5.5,cyclic_2_1,unroll_2,unroll_2,unroll_2,pipeline_1,6,2.375,1,True
workload_1171.cpp,xczu7ev-ffvc1156-2-e,5,657.99011,96,0,1,3,6,cyclic_2_1,unroll_2,unroll_2,unroll_2,unroll_2,2,2.5,0.136694091516,False
workload_1006.cpp,xczu7ev-ffvc1156-2-e,5,81.75011,189,0,1,4,8,cyclic_2_1,unroll_2,unroll_2,unroll_4,pipeline_1,6,3.25,1,True
workload_1020.cpp,xczu7ev-ffvc1156-2-e,5,652.40411,234,0,1,5,8,cyclic_2_1,unroll_2,unroll_2,unroll_4,unroll_2,1,3.5,0.139297655253,False
workload_963.cpp,xczu7ev-ffvc1156-2-e,5,372.40411,325,0,2,6,10,cyclic_2_1,unroll_2,unroll_2,unroll_4,unroll_4,1,4.5,0.414987002524,False
workload_1096.cpp,xczu7ev-ffvc1156-2-e,5,74.15365,985.5,0,1,11,25,cyclic_2_1,unroll_2,unroll_2,unroll_8,pipeline_1,4,9.25,0.61305959324,False
workload_746.cpp,xczu7ev-ffvc1156-2-e,5,730.98437,801,0,2,14,27,cyclic_2_1,unroll_2,unroll_2,unroll_8,unroll_2,1,10.75,0.102018471541,False
workload_886.cpp,xczu7ev-ffvc1156-2-e,5,411.93837,1151,0,3,18,36,cyclic_2_1,unroll_2,unroll_2,unroll_8,unroll_4,1,14.25,0.214948254211,False
workload_1040.cpp,xczu7ev-ffvc1156-2-e,5,93.03407,190,0,1,5,9,cyclic_2_1,unroll_2,unroll_4,unroll_2,pipeline_1,3,3.75,0.927888861717,False
workload_952.cpp,xczu7ev-ffvc1156-2-e,5,106.33243,882,0,1,8,15,cyclic_2_1,unroll_2,unroll_8,unroll_2,pipeline_1,1,6,0.789552183933,False
workload_1015.cpp,xczu7ev-ffvc1156-2-e,5,81.6381,190.5,0,1,4.5,9,cyclic_2_1,unroll_4,unroll_2,unroll_2,pipeline_1,6,3.625,0.943058060523,False
workload_843.cpp,xczu7ev-ffvc1156-2-e,5,646.7901,224,0,1,5,9,cyclic_2_1,unroll_4,unroll_2,unroll_2,unroll_2,1,3.75,0.142116208828,False
workload_1014.cpp,xczu7ev-ffvc1156-2-e,5,70.4836,898,0,1,8,14,cyclic_2_1,unroll_4,unroll_2,unroll_4,pipeline_1,4,5.75,0.818019049473,False
workload_1126.cpp,xczu7ev-ffvc1156-2-e,5,646.8356,1040,0,1,8,13,cyclic_2_1,unroll_4,unroll_2,unroll_4,unroll_2,1,5.5,0.139671811965,False
workload_1011.cpp,xczu7ev-ffvc1156-2-e,5,70.44506,921,0,1,8,15,cyclic_2_1,unroll_4,unroll_4,unroll_2,pipeline_1,1,6,0.802247998026,False
workload_1046.cpp,xczu7ev-ffvc1156-2-e,5,92.847405,870,0,2,8,14,cyclic_2_1,unroll_8,unroll_2,unroll_2,pipeline_1,3,6,0.798117006925,False
workload_1003.cpp,xczu7ev-ffvc1156-2-e,5,81.82011,86,0,1,3,6,cyclic_4_1,unroll_2,unroll_2,unroll_2,pipeline_1,6,2.5,0.995551355208,False
workload_1049.cpp,xczu7ev-ffvc1156-2-e,5,657.99011,100,0,1,3,6,cyclic_4_1,unroll_2,unroll_2,unroll_2,unroll_2,2,2.5,0.136694091516,False
workload_860.cpp,xczu7ev-ffvc1156-2-e,5,170.34211,897,0,5,19,32,cyclic_4_1,unroll_2,unroll_2,unroll_2,unroll_32,1,14,0.369973126315,False
workload_745.cpp,xczu7ev-ffvc1156-2-e,5,375.19011,126.5,0,2,4,8,cyclic_4_1,unroll_2,unroll_2,unroll_2,unroll_4,2,3.5,0.415757956982,False
workload_876.cpp,xczu7ev-ffvc1156-2-e,5,371.53611,209,0,2,6,12,cyclic_4_1,unroll_2,unroll_2,unroll_2,unroll_8,1,5,0.412312775753,False
workload_1028.cpp,xczu7ev-ffvc1156-2-e,5,81.75011,193,0,1,4.5,8,cyclic_4_1,unroll_2,unroll_2,unroll_4,pipeline_1,6,3.375,0.960381260761,False
workload_1152.cpp,xczu7ev-ffvc1156-2-e,5,652.40411,227.5,0,1,5,8,cyclic_4_1,unroll_2,unroll_2,unroll_4,unroll_2,2,3.5,0.139297655253,False
workload_818.cpp,xczu7ev-ffvc1156-2-e,5,372.40411,315.5,0,2,6,10,cyclic_4_1,unroll_2,unroll_2,unroll_4,unroll_4,2,4.5,0.414987002524,False
workload_630.cpp,xczu7ev-ffvc1156-2-e,5,85.80165,835.5,0,1,11,25.5,cyclic_4_1,unroll_2,unroll_2,unroll_8,pipeline_1,6,9.375,0.605818262518,False
workload_834.cpp,xczu7ev-ffvc1156-2-e,5,730.98437,889,0,2,14,27,cyclic_4_1,unroll_2,unroll_2,unroll_8,unroll_2,2,10.75,0.102018471541,False
workload_615.cpp,xczu7ev-ffvc1156-2-e,5,411.93837,1172,0,3,18,36,cyclic_4_1,unroll_2,unroll_2,unroll_8,unroll_4,3,14.25,0.214948254211,False
workload_852.cpp,xczu7ev-ffvc1156-2-e,5,408.02517,3427,0,3,35,64,cyclic_4_1,unroll_2,unroll_2,unroll_8,unroll_8,1,25.5,0.1,False
workload_972.cpp,xczu7ev-ffvc1156-2-e,5,70.63407,194,0,1,5,9,cyclic_4_1,unroll_2,unroll_4,unroll_2,pipeline_1,1,3.75,0.949568121356,False
workload_1025.cpp,xczu7ev-ffvc1156-2-e,5,70.57457,878,0,1,8,14,cyclic_4_1,unroll_2,unroll_4,unroll_4,pipeline_1,1,5.75,0.818030669899,False
workload_865.cpp,xczu7ev-ffvc1156-2-e,5,106.33243,838,0,1,8,15,cyclic_4_1,unroll_2,unroll_8,unroll_2,pipeline_1,1,6,0.789552183933,False
workload_966.cpp,xczu7ev-ffvc1156-2-e,5,424.61243,2634,0,3,22,33,cyclic_4_1,unroll_2,unroll_8,unroll_2,unroll_8,1,14.5,0.202719658697,False
workload_1010.cpp,xczu7ev-ffvc1156-2-e,5,81.6381,193.5,0,1,4,9,cyclic_4_1,unroll_4,unroll_2,unroll_2,pipeline_1,6,3.5,0.951696637121,False
workload_793.cpp,xczu7ev-ffvc1156-2-e,5,234.1821,1127,0,4,15,23,cyclic_4_1,unroll_4,unroll_2,unroll_2,unroll_16,2,10.5,0.460058516618,False
workload_1136.cpp,xczu7ev-ffvc1156-2-e,5,646.7901,234,0,1,5,9,cyclic_4_1,unroll_4,unroll_2,unroll_2,unroll_2,1,3.75,0.142116208828,False
workload_828.cpp,xczu7ev-ffvc1156-2-e,5,369.5901,313,0,2,6,11,cyclic_4_1,unroll_4,unroll_2,unroll_2,unroll_4,2,4.75,0.417221447839,False
workload_1008.cpp,xczu7ev-ffvc1156-2-e,5,70.4836,901,0,1,8,14,cyclic_4_1,unroll_4,unroll_2,unroll_4,pipeline_1,3,5.75,0.818019049473,False
workload_1076.cpp,xczu7ev-ffvc1156-2-e,5,646.8356,1154,0,1,8,13,cyclic_4_1,unroll_4,unroll_2,unroll_4,unroll_2,1,5.5,0.139671811965,False
workload_862.cpp,xczu7ev-ffvc1156-2-e,5,369.6356,1535.5,0,2,11,17,cyclic_4_1,unroll_4,unroll_2,unroll_4,unroll_4,2,7.5,0.382214815021,False
workload_930.cpp,xczu7ev-ffvc1156-2-e,5,365.2676,2699,0,2,16,22,cyclic_4_1,unroll_4,unroll_2,unroll_4,unroll_8,1,10,0.338661094763,False
workload_985.cpp,xczu7ev-ffvc1156-2-e,5,70.44506,920,0,1,8,15,cyclic_4_1,unroll_4,unroll_4,unroll_2,pipeline_1,1,6,0.802247998026,False
workload_1044.cpp,xczu7ev-ffvc1156-2-e,5,70.447405,933.5,0,2,8,15,cyclic_4_1,unroll_8,unroll_2,unroll_2,pipeline_1,2,6.25,0.786650843236,False
workload_957.cpp,xczu7ev-ffvc1156-2-e,5,369.599405,1529,0,3,12,18,cyclic_4_1,unroll_8,unroll_2,unroll_2,unroll_4,1,8.25,0.369017747272,False
workload_1039.cpp,xczu7ev-ffvc1156-2-e,5,81.82011,89,0,1,3,6,cyclic_8_1,unroll_2,unroll_2,unroll_2,pipeline_1,6,2.5,0.995551355208,False
workload_1084.cpp,xczu7ev-ffvc1156-2-e,5,657.99011,101,0,1,3,6,cyclic_8_1,unroll_2,unroll_2,unroll_2,unroll_2,1,2.5,0.136694091516,False
workload_779.cpp,xczu7ev-ffvc1156-2-e,5,375.19011,127,0,2,4,8,cyclic_8_1,unroll_2,unroll_2,unroll_2,unroll_4,3,3.5,0.415757956982,False
workload_1030.cpp,xczu7ev-ffvc1156-2-e,5,70.55011,195,0,1,4,9,cyclic_8_1,unroll_2,unroll_2,unroll_4,pipeline_1,5,3.5,1,True
workload_935.cpp,xczu7ev-ffvc1156-2-e,5,652.40411,228,0,1,5,8,cyclic_8_1,unroll_2,unroll_2,unroll_4,unroll_2,1,3.5,0.139297655253,False
workload_918.cpp,xczu7ev-ffvc1156-2-e,5,372.40411,317,0,2,6,11,cyclic_8_1,unroll_2,unroll_2,unroll_4,unroll_4,1,4.75,0.413146832734,False
workload_859.cpp,xczu7ev-ffvc1156-2-e,5,74.15365,938,0,1,11,26,cyclic_8_1,unroll_2,unroll_2,unroll_8,pipeline_1,5,9.5,0.599709956949,False
workload_991.cpp,xczu7ev-ffvc1156-2-e,5,730.98437,842,0,2,13,28,cyclic_8_1,unroll_2,unroll_2,unroll_8,unroll_2,1,10.75,0.102018471541,False
workload_917.cpp,xczu7ev-ffvc1156-2-e,5,411.93837,1173,0,3,19,37,cyclic_8_1,unroll_2,unroll_2,unroll_8,unroll_4,1,14.75,0.20625775996,False
workload_1004.cpp,xczu7ev-ffvc1156-2-e,5,70.63407,197.5,0,1,5,9,cyclic_8_1,unroll_2,unroll_4,unroll_2,pipeline_1,2,3.75,0.949568121356,False
workload_1005.cpp,xczu7ev-ffvc1156-2-e,5,70.4381,198,0,1,5,9,cyclic_8_1,unroll_4,unroll_2,unroll_2,pipeline_1,5,3.75,1,True
workload_651.cpp,xczu7ev-ffvc1156-2-e,5,234.1821,1123,0,4,15,23,cyclic_8_1,unroll_4,unroll_2,unroll_2,unroll_16,3,10.5,0.460058516618,False
workload_1124.cpp,xczu7ev-ffvc1156-2-e,5,646.7901,237,0,1,5,9,cyclic_8_1,unroll_4,unroll_2,unroll_2,unroll_2,2,3.75,0.142116208828,False
workload_1053.cpp,xczu7ev-ffvc1156-2-e,5,70.4836,883,0,1,8,14,cyclic_8_1,unroll_4,unroll_2,unroll_4,pipeline_1,5,5.75,0.818019049473,False
workload_863.cpp,xczu7ev-ffvc1156-2-e,5,646.8356,1029,0,1,8,13,cyclic_8_1,unroll_4,unroll_2,unroll_4,unroll_2,2,5.5,0.139671811965,False
workload_931.cpp,xczu7ev-ffvc1156-2-e,5,369.6356,1396,0,2,11,17,cyclic_8_1,unroll_4,unroll_2,unroll_4,unroll_4,1,7.5,0.382214815021,False
workload_426.cpp,xczu7ev-ffvc1156-2-e,10,110.25734,88.5,0,1,4,7,block_2_1,unroll_2,unroll_2,unroll_2,pipeline_1,2,3,0.964493965182,False
workload_311.cpp,xczu7ev-ffvc1156-2-e,10,778.50534,88,0,1,4,7,block_2_1,unroll_2,unroll_2,unroll_2,unroll_2,1,3,0.148934163614,False
workload_517.cpp,xczu7ev-ffvc1156-2-e,10,110.14534,171,0,1,6,9,block_2_1,unroll_2,unroll_2,unroll_4,pipeline_1,1,4,0.93832611174,False
workload_261.cpp,xczu7ev-ffvc1156-2-e,10,116.5449,944,0,1,13,26,block_2_1,unroll_2,unroll_2,unroll_8,pipeline_1,1,10,0.574297009499,False
workload_113.cpp,xczu7ev-ffvc1156-2-e,10,908.84186,739,0,2,14,29,block_2_1,unroll_2,unroll_2,unroll_8,unroll_2,1,11.25,0.10070219165,False
workload_214.cpp,xczu7ev-ffvc1156-2-e,10,509.53386,1041,0,3,19,37,block_2_1,unroll_2,unroll_2,unroll_8,unroll_4,1,14.75,0.209080931237,False
workload_323.cpp,xczu7ev-ffvc1156-2-e,10,126.06566,909,0,1,12,20,block_2_1,unroll_2,unroll_8,unroll_2,pipeline_1,1,8.25,0.668726941388,False
workload_192.cpp,xczu7ev-ffvc1156-2-e,10,109.89332,206,0,1,6,11,block_2_1,unroll_4,unroll_2,unroll_2,pipeline_1,5,4.5,0.904079513395,False
workload_356.cpp,xczu7ev-ffvc1156-2-e,10,262.43732,986,0,4,17,24,block_2_1,unroll_4,unroll_2,unroll_2,unroll_16,1,11.25,0.459281238128,False
workload_378.cpp,xczu7ev-ffvc1156-2-e,10,110.43932,956,0,1,10,15,block_2_1,unroll_4,unroll_2,unroll_4,pipeline_1,1,6.5,0.774203978542,False
workload_386.cpp,xczu7ev-ffvc1156-2-e,10,110.25734,103,0,1,4,8,block_4_1,unroll_2,unroll_2,unroll_2,pipeline_1,2,3.25,0.964489514057,False
workload_482.cpp,xczu7ev-ffvc1156-2-e,10,110.14534,173,0,1,5,10,block_4_1,unroll_2,unroll_2,unroll_4,pipeline_1,3,4,0.93832611174,False
workload_379.cpp,xczu7ev-ffvc1156-2-e,10,109.89332,205,0,1,6,12,block_4_1,unroll_4,unroll_2,unroll_2,pipeline_1,3,4.75,0.887220243032,False
workload_208.cpp,xczu7ev-ffvc1156-2-e,10,416.99732,470,0,2,10,17,block_4_1,unroll_4,unroll_2,unroll_2,unroll_8,2,7.25,0.435663500617,False
workload_406.cpp,xczu7ev-ffvc1156-2-e,10,110.43932,930,0,1,10,16,block_4_1,unroll_4,unroll_2,unroll_4,pipeline_1,1,6.75,0.758773801452,False
workload_246.cpp,xczu7ev-ffvc1156-2-e,10,756.23132,966,0,1,9,16,block_4_1,unroll_4,unroll_2,unroll_4,unroll_2,1,6.5,0.154581405353,False
workload_346.cpp,xczu7ev-ffvc1156-2-e,10,110.1299,93,0,1,3,6,block_8_1,unroll_2,unroll_2,unroll_2,pipeline_1,5,2.5,1,True
workload_247.cpp,xczu7ev-ffvc1156-2-e,10,109.9619,189,0,1,5,8,block_8_1,unroll_2,unroll_2,unroll_4,pipeline_1,5,3.5,1,True
workload_383.cpp,xczu7ev-ffvc1156-2-e,10,110.36766,182,0,1,5,9,block_8_1,unroll_2,unroll_4,unroll_2,pipeline_1,2,3.75,0.95510994883,False
workload_525.cpp,xczu7ev-ffvc1156-2-e,10,110.01766,767,0,1,9,14,block_8_1,unroll_2,unroll_4,unroll_4,pipeline_1,1,6,0.805602725447,False
workload_365.cpp,xczu7ev-ffvc1156-2-e,10,109.75188,188,0,1,5,9,block_8_1,unroll_4,unroll_2,unroll_2,pipeline_1,5,3.75,1,True
workload_424.cpp,xczu7ev-ffvc1156-2-e,10,109.82188,808.5,0,1,8,13,block_8_1,unroll_4,unroll_2,unroll_4,pipeline_1,4,5.5,0.837713916946,False
workload_301.cpp,xczu7ev-ffvc1156-2-e,10,425.66188,1399,0,2,11,17,block_8_1,unroll_4,unroll_2,unroll_4,unroll_4,1,7.5,0.421290344896,False
workload_449.cpp,xczu7ev-ffvc1156-2-e,10,109.75864,864,0,1,9,14,block_8_1,unroll_4,unroll_4,unroll_2,pipeline_1,1,6,0.805602667482,False
workload_280.cpp,xczu7ev-ffvc1156-2-e,10,110.32414,85.5,0,1,3,6,complete_1,unroll_2,unroll_2,unroll_2,pipeline_1,6,2.5,0.999599049208,False
workload_287.cpp,xczu7ev-ffvc1156-2-e,10,436.77614,112,0,2,4,8,complete_1,unroll_2,unroll_2,unroll_2,unroll_4,2,3.5,0.450678978744,False
workload_380.cpp,xczu7ev-ffvc1156-2-e,10,110.17014,194.5,0,1,5,9,complete_1,unroll_2,unroll_2,unroll_4,pipeline_1,6,3.75,0.955309330254,False
workload_260.cpp,xczu7ev-ffvc1156-2-e,10,116.3877,930,0,1,12,25,complete_1,unroll_2,unroll_2,unroll_8,pipeline_1,1,9.5,0.600684131511,False
workload_298.cpp,xczu7ev-ffvc1156-2-e,10,110.37946,198,0,1,5,10,complete_1,unroll_2,unroll_4,unroll_2,pipeline_1,4,4,0.938311834862,False
workload_347.cpp,xczu7ev-ffvc1156-2-e,10,778.40346,235,0,1,5,10,complete_1,unroll_2,unroll_4,unroll_2,unroll_2,2,4,0.148509677041,False
workload_528.cpp,xczu7ev-ffvc1156-2-e,10,109.99446,796.5,0,1,9,15,complete_1,unroll_2,unroll_4,unroll_4,pipeline_1,2,6.25,0.789815157964,False
workload_243.cpp,xczu7ev-ffvc1156-2-e,10,889.60406,1011,0,1,9,17,complete_1,unroll_2,unroll_8,unroll_2,unroll_2,1,6.75,0.107930878458,False
workload_233.cpp,xczu7ev-ffvc1156-2-e,10,502.40406,1399,0,2,12,21,complete_1,unroll_2,unroll_8,unroll_2,unroll_4,1,8.75,0.322007652715,False
workload_236.cpp,xczu7ev-ffvc1156-2-e,10,493.38006,2420,0,2,21,33,complete_1,unroll_2,unroll_8,unroll_2,unroll_8,1,14,0.231568825383,False
workload_24.cpp,xczu7ev-ffvc1156-2-e,10,109.9884,201,0,1,5,10,complete_1,unroll_4,unroll_2,unroll_2,pipeline_1,6,4,0.938331588642,False
workload_212.cpp,xczu7ev-ffvc1156-2-e,10,425.6044,267.5,0,2,6,12,complete_1,unroll_4,unroll_2,unroll_2,unroll_4,2,5,0.456674486106,False
workload_418.cpp,xczu7ev-ffvc1156-2-e,10,109.8204,874,0,1,8,14,complete_1,unroll_4,unroll_2,unroll_4,pipeline_1,3,5.75,0.821569046554,False
workload_254.cpp,xczu7ev-ffvc1156-2-e,10,109.76358,862,0,1,9,16,complete_1,unroll_4,unroll_4,unroll_2,pipeline_1,3,6.5,0.774206063737,False
workload_576.cpp,xczu7ev-ffvc1156-2-e,10,109.75747,862,0,2,9,17,complete_1,unroll_8,unroll_2,unroll_2,pipeline_1,1,7,0.743523922548,False
workload_330.cpp,xczu7ev-ffvc1156-2-e,10,110.1299,93,0,1,3,6,complete_2,unroll_2,unroll_2,unroll_2,pipeline_1,5,2.5,1,True
workload_127.cpp,xczu7ev-ffvc1156-2-e,10,436.8059,103,0,2,4,7,complete_2,unroll_2,unroll_2,unroll_2,unroll_4,2,3.25,0.451085019348,False
workload_219.cpp,xczu7ev-ffvc1156-2-e,10,110.1859,184,0,1,5,8,complete_2,unroll_2,unroll_2,unroll_4,pipeline_1,6,3.5,0.964268270335,False
workload_326.cpp,xczu7ev-ffvc1156-2-e,10,431.2199,292.5,0,2,6,10,complete_2,unroll_2,unroll_2,unroll_4,unroll_4,2,4.5,0.453427880306,False
workload_545.cpp,xczu7ev-ffvc1156-2-e,10,115.92354,624,0,1,12,25,complete_2,unroll_2,unroll_2,unroll_8,pipeline_1,1,9.5,0.600704432218,False
workload_244.cpp,xczu7ev-ffvc1156-2-e,10,509.37842,1014,0,3,19,36,complete_2,unroll_2,unroll_2,unroll_8,unroll_4,1,14.5,0.213615451014,False
workload_313.cpp,xczu7ev-ffvc1156-2-e,10,110.14366,190,0,1,5,9,complete_2,unroll_2,unroll_4,unroll_2,pipeline_1,3,3.75,0.95533599285,False
workload_344.cpp,xczu7ev-ffvc1156-2-e,10,126.14206,862.5,0,1,9,15,complete_2,unroll_2,unroll_8,unroll_2,pipeline_1,2,6.25,0.787546299268,False
workload_285.cpp,xczu7ev-ffvc1156-2-e,10,889.60606,930,0,1,9,15,complete_2,unroll_2,unroll_8,unroll_2,unroll_2,1,6.25,0.108438475896,False
workload_293.cpp,xczu7ev-ffvc1156-2-e,10,109.97588,182,0,1,5,9,complete_2,unroll_4,unroll_2,unroll_2,pipeline_1,6,3.75,0.955504561814,False
workload_461.cpp,xczu7ev-ffvc1156-2-e,10,109.82188,799,0,1,8,13,complete_2,unroll_4,unroll_2,unroll_4,pipeline_1,3,5.5,0.837713916946,False
workload_327.cpp,xczu7ev-ffvc1156-2-e,10,425.66188,1388,0,2,10,17,complete_2,unroll_4,unroll_2,unroll_4,unroll_4,1,7.25,0.425823215524,False
workload_307.cpp,xczu7ev-ffvc1156-2-e,10,109.75864,853,0,1,9,14,complete_2,unroll_4,unroll_4,unroll_2,pipeline_1,5,6,0.805602667482,False
workload_248.cpp,xczu7ev-ffvc1156-2-e,10,110.3539,94,0,1,3,6,cyclic_2_1,unroll_2,unroll_2,unroll_2,pipeline_1,6,2.5,0.999537626419,False
workload_345.cpp,xczu7ev-ffvc1156-2-e,10,110.1859,189.5,0,1,5,8,cyclic_2_1,unroll_2,unroll_2,unroll_4,pipeline_1,6,3.5,0.964268270335,False
workload_128.cpp,xczu7ev-ffvc1156-2-e,10,115.92354,654,0,1,12,25,cyclic_2_1,unroll_2,unroll_2,unroll_8,pipeline_1,3,9.5,0.600704432218,False
workload_363.cpp,xczu7ev-ffvc1156-2-e,10,110.14366,195,0,1,5,9,cyclic_2_1,unroll_2,unroll_4,unroll_2,pipeline_1,3,3.75,0.95533599285,False
workload_312.cpp,xczu7ev-ffvc1156-2-e,10,270.28966,837,0,5,20,33,cyclic_2_1,unroll_2,unroll_4,unroll_2,unroll_16,1,14.5,0.334786541829,False
workload_388.cpp,xczu7ev-ffvc1156-2-e,10,110.01766,820,0,1,9,14,cyclic_2_1,unroll_2,unroll_4,unroll_4,pipeline_1,2,6,0.805602725447,False
workload_304.cpp,xczu7ev-ffvc1156-2-e,10,109.97588,175,0,1,5,9,cyclic_2_1,unroll_4,unroll_2,unroll_2,pipeline_1,6,3.75,0.955504561814,False
workload_334.cpp,xczu7ev-ffvc1156-2-e,10,425.59188,306,0,2,6,11,cyclic_2_1,unroll_4,unroll_2,unroll_2,unroll_4,1,4.75,0.458814849505,False
workload_264.cpp,xczu7ev-ffvc1156-2-e,10,416.85588,432,0,2,9,14,cyclic_2_1,unroll_4,unroll_2,unroll_2,unroll_8,1,6.25,0.452551714471,False
workload_474.cpp,xczu7ev-ffvc1156-2-e,10,110.04588,808.5,0,1,8.5,13,cyclic_2_1,unroll_4,unroll_2,unroll_4,pipeline_1,4,5.625,0.829618949825,False
workload_407.cpp,xczu7ev-ffvc1156-2-e,10,109.75864,840,0,1,9,14,cyclic_2_1,unroll_4,unroll_4,unroll_2,pipeline_1,2,6,0.805602667482,False
workload_328.cpp,xczu7ev-ffvc1156-2-e,10,110.1299,94,0,1,3,6,cyclic_4_1,unroll_2,unroll_2,unroll_2,pipeline_1,5,2.5,1,True
workload_339.cpp,xczu7ev-ffvc1156-2-e,10,778.4059,113,0,1,3,6,cyclic_4_1,unroll_2,unroll_2,unroll_2,unroll_2,1,2.5,0.149090808882,False
workload_109.cpp,xczu7ev-ffvc1156-2-e,10,109.9619,189,0,1,5,8,cyclic_4_1,unroll_2,unroll_2,unroll_4,pipeline_1,5,3.5,1,True
workload_258.cpp,xczu7ev-ffvc1156-2-e,10,767.2199,207,0,1,4,8,cyclic_4_1,unroll_2,unroll_2,unroll_4,unroll_2,2,3.25,0.154443738855,False
workload_213.cpp,xczu7ev-ffvc1156-2-e,10,116.38946,961,0,1,12,25,cyclic_4_1,unroll_2,unroll_2,unroll_8,pipeline_1,4,9.5,0.600684051662,False
workload_38.cpp,xczu7ev-ffvc1156-2-e,10,509.37842,1087,0,3,18,37,cyclic_4_1,unroll_2,unroll_2,unroll_8,unroll_4,1,14.5,0.213615451014,False
workload_141.cpp,xczu7ev-ffvc1156-2-e,10,504.67426,2437,0,3,35,64,cyclic_4_1,unroll_2,unroll_2,unroll_8,unroll_8,2,25.5,0.1,False
workload_404.cpp,xczu7ev-ffvc1156-2-e,10,110.14366,189,0,1,5,9,cyclic_4_1,unroll_2,unroll_4,unroll_2,pipeline_1,3,3.75,0.95533599285,False
workload_401.cpp,xczu7ev-ffvc1156-2-e,10,778.40566,216,0,1,5,9,cyclic_4_1,unroll_2,unroll_4,unroll_2,unroll_2,1,3.75,0.148697780417,False
workload_413.cpp,xczu7ev-ffvc1156-2-e,10,110.01766,836,0,1,9,14,cyclic_4_1,unroll_2,unroll_4,unroll_4,pipeline_1,3,6,0.805602725447,False
workload_289.cpp,xczu7ev-ffvc1156-2-e,10,109.75188,195.5,0,1,5,9,cyclic_4_1,unroll_4,unroll_2,unroll_2,pipeline_1,4,3.75,1,True
workload_161.cpp,xczu7ev-ffvc1156-2-e,10,262.29588,804,0,4,16,23,cyclic_4_1,unroll_4,unroll_2,unroll_2,unroll_16,1,10.75,0.479403238327,False
workload_268.cpp,xczu7ev-ffvc1156-2-e,10,416.85588,435,0,2,9,14,cyclic_4_1,unroll_4,unroll_2,unroll_2,unroll_8,1,6.25,0.452551714471,False
workload_460.cpp,xczu7ev-ffvc1156-2-e,10,109.82188,818,0,1,8,13,cyclic_4_1,unroll_4,unroll_2,unroll_4,pipeline_1,4,5.5,0.837713916946,False
workload_377.cpp,xczu7ev-ffvc1156-2-e,10,756.06188,1034,0,1,8,13,cyclic_4_1,unroll_4,unroll_2,unroll_4,unroll_2,1,5.5,0.157394916806,False
workload_389.cpp,xczu7ev-ffvc1156-2-e,10,109.75864,846.5,0,1,9,14,cyclic_4_1,unroll_4,unroll_4,unroll_2,pipeline_1,4,6,0.805602667482,False
workload_510.cpp,xczu7ev-ffvc1156-2-e,10,109.75881,821,0,2,9,15,cyclic_4_1,unroll_8,unroll_2,unroll_2,pipeline_1,1,6.5,0.774206052846,False
workload_305.cpp,xczu7ev-ffvc1156-2-e,10,110.3539,87.5,0,1,3,6,cyclic_8_1,unroll_2,unroll_2,unroll_2,pipeline_1,6,2.5,0.999537626419,False
workload_203.cpp,xczu7ev-ffvc1156-2-e,10,268.6379,292.5,0,5,11,20,cyclic_8_1,unroll_2,unroll_2,unroll_2,unroll_16,2,9,0.544868335124,False
workload_368.cpp,xczu7ev-ffvc1156-2-e,10,778.4059,93.5,0,1,3,6,cyclic_8_1,unroll_2,unroll_2,unroll_2,unroll_2,2,2.5,0.149090808882,False
workload_271.cpp,xczu7ev-ffvc1156-2-e,10,436.8059,104,0,2,4,8,cyclic_8_1,unroll_2,unroll_2,unroll_2,unroll_4,2,3.5,0.450640737157,False
workload_182.cpp,xczu7ev-ffvc1156-2-e,10,110.1859,192,0,1,5,8,cyclic_8_1,unroll_2,unroll_2,unroll_4,pipeline_1,6,3.5,0.964268270335,False
workload_273.cpp,xczu7ev-ffvc1156-2-e,10,431.2199,270,0,2,6,11,cyclic_8_1,unroll_2,unroll_2,unroll_4,unroll_4,1,4.75,0.451642359549,False
workload_329.cpp,xczu7ev-ffvc1156-2-e,10,115.92354,643,0,1,12,25,cyclic_8_1,unroll_2,unroll_2,unroll_8,pipeline_1,3,9.5,0.600704432218,False
workload_168.cpp,xczu7ev-ffvc1156-2-e,10,509.37842,1014,0,3,18,37,cyclic_8_1,unroll_2,unroll_2,unroll_8,unroll_4,2,14.5,0.213615451014,False
workload_240.cpp,xczu7ev-ffvc1156-2-e,10,110.36766,185,0,1,5,9,cyclic_8_1,unroll_2,unroll_4,unroll_2,pipeline_1,4,3.75,0.95510994883,False
workload_190.cpp,xczu7ev-ffvc1156-2-e,10,270.28966,867,0,5,20,33,cyclic_8_1,unroll_2,unroll_4,unroll_2,unroll_16,1,14.5,0.334786541829,False
workload_286.cpp,xczu7ev-ffvc1156-2-e,10,429.70766,444,0,3,12,20,cyclic_8_1,unroll_2,unroll_4,unroll_2,unroll_8,1,8.75,0.392057533549,False
workload_321.cpp,xczu7ev-ffvc1156-2-e,10,110.01766,814,0,1,9,14,cyclic_8_1,unroll_2,unroll_4,unroll_4,pipeline_1,4,6,0.805602725447,False
workload_241.cpp,xczu7ev-ffvc1156-2-e,10,109.97588,191,0,1,5,9,cyclic_8_1,unroll_4,unroll_2,unroll_2,pipeline_1,6,3.75,0.955504561814,False
workload_324.cpp,xczu7ev-ffvc1156-2-e,10,262.29588,886.5,0,4,16,23,cyclic_8_1,unroll_4,unroll_2,unroll_2,unroll_16,2,10.75,0.479403238327,False
workload_343.cpp,xczu7ev-ffvc1156-2-e,10,755.99188,224,0,1,5,9,cyclic_8_1,unroll_4,unroll_2,unroll_2,unroll_2,1,3.75,0.160042380372,False
workload_281.cpp,xczu7ev-ffvc1156-2-e,10,425.59188,269,0,2,6,11,cyclic_8_1,unroll_4,unroll_2,unroll_2,unroll_4,1,4.75,0.458814849505,False
workload_227.cpp,xczu7ev-ffvc1156-2-e,10,109.82188,830.5,0,1,8,14,cyclic_8_1,unroll_4,unroll_2,unroll_4,pipeline_1,4,5.75,0.821569048931,False
workload_322.cpp,xczu7ev-ffvc1156-2-e,10,109.75864,878,0,1,9,15,cyclic_8_1,unroll_4,unroll_4,unroll_2,pipeline_1,3,6.25,0.789815049446,False
workload_559.cpp,xczu7ev-ffvc1156-2-e,10,109.75881,833.5,0,2,9,15,cyclic_8_1,unroll_8,unroll_2,unroll_2,pipeline_1,2,6.5,0.774206052846,False
