Version,Device,Clock_Period_nsec,Latency_msec,Synthesis_Time_sec,BRAM_Utilization_percentage,DSP_Utilization_percentage,FF_Utilization_percentage,LUT_Utilization_percentage,OuterLoop_1,OuterLoop_2,InnerLoop_1_1,Replicate_Count,Area,Weight,is_pareto
workload_1090.cpp,xcu200-fsgd2104-2-e,3.33,403.25309325,97,0,0,3,4,unroll_16,unroll_16,pipeline_1,2,1.75,0.619839981678,False
workload_1277.cpp,xcu200-fsgd2104-2-e,3.33,3482.60138253,175,0,0,1,2,unroll_16,unroll_16,unroll_2,1,0.75,0.198891304623,False
workload_1212.cpp,xcu200-fsgd2104-2-e,3.33,2980.66115853,300,0,0,2,3,unroll_16,unroll_16,unroll_4,1,1.25,0.268666144931,False
workload_1170.cpp,xcu200-fsgd2104-2-e,3.33,403.25309325,98,0,0,3,4,unroll_16,unroll_2,pipeline_1,2,1.75,0.619839981678,False
workload_1093.cpp,xcu200-fsgd2104-2-e,3.33,3482.60138253,171,0,0,1,2,unroll_16,unroll_2,unroll_2,1,0.75,0.198891304623,False
workload_1155.cpp,xcu200-fsgd2104-2-e,3.33,403.25308992,102,0,0,3,4,unroll_16,unroll_32,pipeline_1,2,1.75,0.619839981679,False
workload_1197.cpp,xcu200-fsgd2104-2-e,3.33,3482.6013792,166,0,0,1,2,unroll_16,unroll_32,unroll_2,1,0.75,0.19889130511,False
workload_1218.cpp,xcu200-fsgd2104-2-e,3.33,2980.6611552,283,0,0,2,3,unroll_16,unroll_32,unroll_4,1,1.25,0.268666145537,False
workload_1163.cpp,xcu200-fsgd2104-2-e,3.33,403.25309325,95,0,0,3,4,unroll_16,unroll_4,pipeline_1,2,1.75,0.619839981678,False
workload_1179.cpp,xcu200-fsgd2104-2-e,3.33,3482.60138253,179,0,0,1,2,unroll_16,unroll_4,unroll_2,1,0.75,0.198891304623,False
workload_1139.cpp,xcu200-fsgd2104-2-e,3.33,2980.66115853,289,0,0,2,3,unroll_16,unroll_4,unroll_4,1,1.25,0.268666144931,False
workload_1220.cpp,xcu200-fsgd2104-2-e,3.33,403.25309325,100,0,0,3,4,unroll_16,unroll_8,pipeline_1,2,1.75,0.619839981678,False
workload_1255.cpp,xcu200-fsgd2104-2-e,3.33,3482.60138253,185,0,0,1,2,unroll_16,unroll_8,unroll_2,1,0.75,0.198891304623,False
workload_1231.cpp,xcu200-fsgd2104-2-e,3.33,2980.66115853,279,0,0,2,3,unroll_16,unroll_8,unroll_4,1,1.25,0.268666144931,False
workload_1105.cpp,xcu200-fsgd2104-2-e,3.33,402.91892109,45.5,0,0,0,1,unroll_2,unroll_16,pipeline_1,2,0.25,0.999999998508,False
workload_1203.cpp,xcu200-fsgd2104-2-e,3.33,1258.39922445,53,0,0,0,0,unroll_2,unroll_16,unroll_2,1,0,0.815588108931,False
workload_1154.cpp,xcu200-fsgd2104-2-e,3.33,4581.67997709,807,0,0,3,4,unroll_2,unroll_16,unroll_32,1,1.75,0.100795672447,False
workload_1243.cpp,xcu200-fsgd2104-2-e,3.33,3402.33868557,66,0,0,0,1,unroll_2,unroll_16,unroll_4,1,0.25,0.216133789274,False
workload_1118.cpp,xcu200-fsgd2104-2-e,3.33,4076.24799501,98,0,0,1,1,unroll_2,unroll_16,unroll_8,1,0.5,0.132330894059,False
workload_1126.cpp,xcu200-fsgd2104-2-e,3.33,402.91892109,47,0,0,0,1,unroll_2,unroll_2,pipeline_1,2,0.25,0.999999998508,False
workload_1103.cpp,xcu200-fsgd2104-2-e,3.33,1258.39922445,51,0,0,0,0,unroll_2,unroll_2,unroll_2,1,0,0.815588108931,False
workload_1198.cpp,xcu200-fsgd2104-2-e,3.33,3402.33868557,64,0,0,0,1,unroll_2,unroll_2,unroll_4,1,0.25,0.216133789274,False
workload_1252.cpp,xcu200-fsgd2104-2-e,3.33,4076.24799501,100,0,0,1,1,unroll_2,unroll_2,unroll_8,1,0.5,0.132330894059,False
workload_1216.cpp,xcu200-fsgd2104-2-e,3.33,402.91891776,50.5,0,0,0,1,unroll_2,unroll_32,pipeline_1,2,0.25,1,True
workload_1270.cpp,xcu200-fsgd2104-2-e,3.33,1258.39922112,52,0,0,0,0,unroll_2,unroll_32,unroll_2,1,0,1,True
workload_1269.cpp,xcu200-fsgd2104-2-e,3.33,3402.33868224,63,0,0,0,1,unroll_2,unroll_32,unroll_4,1,0.25,0.21613378981,False
workload_1281.cpp,xcu200-fsgd2104-2-e,3.33,4076.24799168,97,0,0,1,1,unroll_2,unroll_32,unroll_8,1,0.5,0.13233089434,False
workload_1098.cpp,xcu200-fsgd2104-2-e,3.33,402.91892109,46.5,0,0,0,1,unroll_2,unroll_4,pipeline_1,2,0.25,0.999999998508,False
workload_1137.cpp,xcu200-fsgd2104-2-e,3.33,1258.39922445,49,0,0,0,0,unroll_2,unroll_4,unroll_2,1,0,0.815588108931,False
workload_1182.cpp,xcu200-fsgd2104-2-e,3.33,3402.33868557,62,0,0,0,1,unroll_2,unroll_4,unroll_4,1,0.25,0.216133789274,False
workload_1261.cpp,xcu200-fsgd2104-2-e,3.33,4076.24799501,97,0,0,1,1,unroll_2,unroll_4,unroll_8,1,0.5,0.132330894059,False
workload_1169.cpp,xcu200-fsgd2104-2-e,3.33,402.91892109,46,0,0,0,1,unroll_2,unroll_8,pipeline_1,2,0.25,0.999999998508,False
workload_1108.cpp,xcu200-fsgd2104-2-e,3.33,1258.39922445,52,0,0,0,0,unroll_2,unroll_8,unroll_2,1,0,0.815588108931,False
workload_1230.cpp,xcu200-fsgd2104-2-e,3.33,4581.67997709,801,0,0,3,4,unroll_2,unroll_8,unroll_32,1,1.75,0.100795672447,False
workload_1210.cpp,xcu200-fsgd2104-2-e,3.33,3402.33868557,67,0,0,0,1,unroll_2,unroll_8,unroll_4,1,0.25,0.216133789274,False
workload_1250.cpp,xcu200-fsgd2104-2-e,3.33,4076.24799501,102,0,0,1,1,unroll_2,unroll_8,unroll_8,1,0.5,0.132330894059,False
workload_1123.cpp,xcu200-fsgd2104-2-e,3.33,403.27696269,195,0,0,6,7,unroll_32,unroll_16,pipeline_1,1,3.25,0.343359994163,False
workload_1168.cpp,xcu200-fsgd2104-2-e,3.33,3641.47296525,525,0,0,3,5,unroll_32,unroll_16,unroll_2,1,2,0.150303357101,False
workload_1202.cpp,xcu200-fsgd2104-2-e,3.33,403.27696269,198,0,0,6,7,unroll_32,unroll_2,pipeline_1,1,3.25,0.343359994163,False
workload_1221.cpp,xcu200-fsgd2104-2-e,3.33,403.27695936,189,0,0,6,7,unroll_32,unroll_32,pipeline_1,1,3.25,0.343359994163,False
workload_1200.cpp,xcu200-fsgd2104-2-e,3.33,3641.47296192,505,0,0,3,5,unroll_32,unroll_32,unroll_2,1,2,0.150303357422,False
workload_1224.cpp,xcu200-fsgd2104-2-e,3.33,403.27696269,193,0,0,6,7,unroll_32,unroll_4,pipeline_1,2,3.25,0.343359994163,False
workload_1193.cpp,xcu200-fsgd2104-2-e,3.33,403.27696269,194.5,0,0,6,7,unroll_32,unroll_8,pipeline_1,2,3.25,0.343359994163,False
workload_1211.cpp,xcu200-fsgd2104-2-e,3.33,2950.54133517,1114,0,0,4,6,unroll_32,unroll_8,unroll_4,1,2.5,0.207140409111,False
workload_1174.cpp,xcu200-fsgd2104-2-e,3.33,403.10987661,54.5,0,0,1,1,unroll_4,unroll_16,pipeline_1,2,0.5,0.929439951506,False
workload_1242.cpp,xcu200-fsgd2104-2-e,3.33,2529.37188621,69,0,0,0,1,unroll_4,unroll_16,unroll_2,1,0.25,0.398566158466,False
workload_1273.cpp,xcu200-fsgd2104-2-e,3.33,3161.38009869,82,0,0,0,1,unroll_4,unroll_16,unroll_4,1,0.25,0.258074808694,False
workload_1272.cpp,xcu200-fsgd2104-2-e,3.33,2855.85126669,131,0,0,1,2,unroll_4,unroll_16,unroll_8,1,0.75,0.311272890582,False
workload_1099.cpp,xcu200-fsgd2104-2-e,3.33,403.10987661,53,0,0,1,1,unroll_4,unroll_2,pipeline_1,2,0.5,0.929439951506,False
workload_1219.cpp,xcu200-fsgd2104-2-e,3.33,2529.37188621,64,0,0,0,1,unroll_4,unroll_2,unroll_2,1,0.25,0.398566158466,False
workload_1249.cpp,xcu200-fsgd2104-2-e,3.33,3161.38009869,87,0,0,0,1,unroll_4,unroll_2,unroll_4,1,0.25,0.258074808694,False
workload_1275.cpp,xcu200-fsgd2104-2-e,3.33,2855.85126669,130,0,0,1,2,unroll_4,unroll_2,unroll_8,1,0.75,0.311272890582,False
workload_1185.cpp,xcu200-fsgd2104-2-e,3.33,403.10987328,53.5,0,0,1,1,unroll_4,unroll_32,pipeline_1,2,0.5,0.929439951508,False
workload_1286.cpp,xcu200-fsgd2104-2-e,3.33,2703.08684736,311,0,0,2,3,unroll_4,unroll_32,unroll_16,1,1.25,0.322383382974,False
workload_1244.cpp,xcu200-fsgd2104-2-e,3.33,2529.37188288,66,0,0,0,1,unroll_4,unroll_32,unroll_2,1,0.25,0.398566159322,False
workload_1214.cpp,xcu200-fsgd2104-2-e,3.33,2621.46700224,1269,0,0,4,5,unroll_4,unroll_32,unroll_32,1,2.25,0.269197413786,False
workload_1251.cpp,xcu200-fsgd2104-2-e,3.33,3161.38009536,88,0,0,0,1,unroll_4,unroll_32,unroll_4,1,0.25,0.258074809318,False
workload_1276.cpp,xcu200-fsgd2104-2-e,3.33,2855.85126336,133,0,0,1,2,unroll_4,unroll_32,unroll_8,1,0.75,0.311272891287,False
workload_1209.cpp,xcu200-fsgd2104-2-e,3.33,403.10987661,57,0,0,1,1,unroll_4,unroll_4,pipeline_1,2,0.5,0.929439951506,False
workload_1085.cpp,xcu200-fsgd2104-2-e,3.33,2529.37188621,62,0,0,0,1,unroll_4,unroll_4,unroll_2,1,0.25,0.398566158466,False
workload_1239.cpp,xcu200-fsgd2104-2-e,3.33,3161.38009869,89,0,0,0,1,unroll_4,unroll_4,unroll_4,1,0.25,0.258074808694,False
workload_1268.cpp,xcu200-fsgd2104-2-e,3.33,2855.85126669,125,0,0,1,2,unroll_4,unroll_4,unroll_8,1,0.75,0.311272890582,False
workload_1156.cpp,xcu200-fsgd2104-2-e,3.33,403.10987661,56,0,0,1,1,unroll_4,unroll_8,pipeline_1,2,0.5,0.929439951506,False
workload_1102.cpp,xcu200-fsgd2104-2-e,3.33,2529.37188621,64,0,0,0,1,unroll_4,unroll_8,unroll_2,1,0.25,0.398566158466,False
workload_1199.cpp,xcu200-fsgd2104-2-e,3.33,3161.38009869,83,0,0,0,1,unroll_4,unroll_8,unroll_4,1,0.25,0.258074808694,False
workload_1265.cpp,xcu200-fsgd2104-2-e,3.33,2855.85126669,126,0,0,1,2,unroll_4,unroll_8,unroll_8,1,0.75,0.311272890582,False
workload_1132.cpp,xcu200-fsgd2104-2-e,3.33,3720.90875661,2313,0,0,6,9,unroll_64,unroll_16,unroll_2,1,3.75,0.104703230052,False
workload_1232.cpp,xcu200-fsgd2104-2-e,3.33,403.28889741,633,0,0,12,14,unroll_64,unroll_8,pipeline_1,1,6.5,0.1,False
workload_1094.cpp,xcu200-fsgd2104-2-e,3.33,403.20535437,67,0,0,1,2,unroll_8,unroll_16,pipeline_1,2,0.75,0.861759947964,False
workload_1189.cpp,xcu200-fsgd2104-2-e,3.33,3164.85821709,89,0,0,1,1,unroll_8,unroll_16,unroll_2,1,0.5,0.255107241668,False
workload_1195.cpp,xcu200-fsgd2104-2-e,3.33,1641.36051981,2741,0,0,5,7,unroll_8,unroll_16,unroll_32,1,3,0.313195350638,False
workload_1245.cpp,xcu200-fsgd2104-2-e,3.33,3040.90080525,132,0,0,1,2,unroll_8,unroll_16,unroll_4,1,0.75,0.273860504623,False
workload_1164.cpp,xcu200-fsgd2104-2-e,3.33,2245.65290253,228,0,0,2,3,unroll_8,unroll_16,unroll_8,1,1.25,0.422630881284,False
workload_1127.cpp,xcu200-fsgd2104-2-e,3.33,403.20535437,67,0,0,1,2,unroll_8,unroll_2,pipeline_1,2,0.75,0.861759947964,False
workload_1238.cpp,xcu200-fsgd2104-2-e,3.33,3164.85821709,99,0,0,1,1,unroll_8,unroll_2,unroll_2,1,0.5,0.255107241668,False
workload_1113.cpp,xcu200-fsgd2104-2-e,3.33,1641.36051981,2929,0,0,5,7,unroll_8,unroll_2,unroll_32,1,3,0.313195350638,False
workload_1260.cpp,xcu200-fsgd2104-2-e,3.33,3040.90080525,125,0,0,1,2,unroll_8,unroll_2,unroll_4,1,0.75,0.273860504623,False
workload_1208.cpp,xcu200-fsgd2104-2-e,3.33,403.20535104,68.5,0,0,1,2,unroll_8,unroll_32,pipeline_1,2,0.75,0.861759947965,False
workload_1217.cpp,xcu200-fsgd2104-2-e,3.33,1848.02894784,610,0,0,3,4,unroll_8,unroll_32,unroll_16,1,1.75,0.452404845509,False
workload_1237.cpp,xcu200-fsgd2104-2-e,3.33,3164.85821376,100,0,0,1,1,unroll_8,unroll_32,unroll_2,1,0.5,0.255107242282,False
workload_1173.cpp,xcu200-fsgd2104-2-e,3.33,1641.36051648,2728,0,0,5,7,unroll_8,unroll_32,unroll_32,1,3,0.313195350917,False
workload_1266.cpp,xcu200-fsgd2104-2-e,3.33,3040.90080192,127,0,0,1,2,unroll_8,unroll_32,unroll_4,1,0.75,0.273860505265,False
workload_1204.cpp,xcu200-fsgd2104-2-e,3.33,2245.6528992,232,0,0,2,3,unroll_8,unroll_32,unroll_8,1,1.25,0.422630882052,False
workload_1153.cpp,xcu200-fsgd2104-2-e,3.33,403.20535437,66,0,0,1,2,unroll_8,unroll_4,pipeline_1,2,0.75,0.861759947964,False
workload_1206.cpp,xcu200-fsgd2104-2-e,3.33,3164.85821709,93,0,0,1,1,unroll_8,unroll_4,unroll_2,1,0.5,0.255107241668,False
workload_1165.cpp,xcu200-fsgd2104-2-e,3.33,3040.90080525,130,0,0,1,2,unroll_8,unroll_4,unroll_4,1,0.75,0.273860504623,False
workload_1159.cpp,xcu200-fsgd2104-2-e,3.33,403.20535437,66,0,0,1,2,unroll_8,unroll_8,pipeline_1,2,0.75,0.861759947964,False
workload_1207.cpp,xcu200-fsgd2104-2-e,3.33,3164.85821709,93,0,0,1,1,unroll_8,unroll_8,unroll_2,1,0.5,0.255107241668,False
workload_1248.cpp,xcu200-fsgd2104-2-e,3.33,3040.90080525,137,0,0,1,2,unroll_8,unroll_8,unroll_4,1,0.75,0.273860504623,False
workload_1262.cpp,xcu200-fsgd2104-2-e,3.33,2245.65290253,221,0,0,2,3,unroll_8,unroll_8,unroll_8,1,1.25,0.422630881284,False
workload_1002.cpp,xcu200-fsgd2104-2-e,5,601.573445,94,0,0,3,4,unroll_16,unroll_16,pipeline_1,2,1.75,0.619087761232,False
workload_924.cpp,xcu200-fsgd2104-2-e,5,4364.056005,146,0,0,1,2,unroll_16,unroll_16,unroll_2,1,0.75,0.190790757694,False
workload_1033.cpp,xcu200-fsgd2104-2-e,5,601.573445,94.5,0,0,3,4,unroll_16,unroll_2,pipeline_1,2,1.75,0.619087761232,False
workload_894.cpp,xcu200-fsgd2104-2-e,5,4364.056005,143,0,0,1,2,unroll_16,unroll_2,unroll_2,1,0.75,0.190790757694,False
workload_1016.cpp,xcu200-fsgd2104-2-e,5,3713.938885,227,0,0,2,3,unroll_16,unroll_2,unroll_4,1,1.25,0.266775312119,False
workload_1030.cpp,xcu200-fsgd2104-2-e,5,601.57344,93.5,0,0,3,4,unroll_16,unroll_32,pipeline_1,2,1.75,0.619087761233,False
workload_987.cpp,xcu200-fsgd2104-2-e,5,4364.056,138,0,0,1,3,unroll_16,unroll_32,unroll_2,1,1,0.186598988927,False
workload_1008.cpp,xcu200-fsgd2104-2-e,5,601.573445,91,0,0,3,4,unroll_16,unroll_4,pipeline_1,2,1.75,0.619087761232,False
workload_982.cpp,xcu200-fsgd2104-2-e,5,4364.056005,138,0,0,1,2,unroll_16,unroll_4,unroll_2,1,0.75,0.190790757694,False
workload_1020.cpp,xcu200-fsgd2104-2-e,5,3713.938885,231,0,0,2,3,unroll_16,unroll_4,unroll_4,1,1.25,0.266775312119,False
workload_1068.cpp,xcu200-fsgd2104-2-e,5,601.573445,92.5,0,0,3,4,unroll_16,unroll_8,pipeline_1,2,1.75,0.619087761232,False
workload_998.cpp,xcu200-fsgd2104-2-e,5,4364.056005,144,0,0,1,2,unroll_16,unroll_8,unroll_2,1,0.75,0.190790757694,False
workload_970.cpp,xcu200-fsgd2104-2-e,5,3713.938885,240,0,0,2,3,unroll_16,unroll_8,unroll_4,1,1.25,0.266775312119,False
workload_1012.cpp,xcu200-fsgd2104-2-e,5,601.215045,45,0,0,0,1,unroll_2,unroll_16,pipeline_1,2,0.25,0.999999998106,False
workload_1040.cpp,xcu200-fsgd2104-2-e,5,5092.888005,156,0,0,1,2,unroll_2,unroll_16,unroll_16,1,0.75,0.124782065405,False
workload_948.cpp,xcu200-fsgd2104-2-e,5,1721.716165,49,0,0,0,0,unroll_2,unroll_16,unroll_2,1,0,0.797613683651,False
workload_999.cpp,xcu200-fsgd2104-2-e,5,4007.611845,57,0,0,0,1,unroll_2,unroll_16,unroll_4,1,0.25,0.244174460418,False
workload_968.cpp,xcu200-fsgd2104-2-e,5,5364.207045,2857,0,0,5,7,unroll_2,unroll_16,unroll_64,1,3,0.1,False
workload_919.cpp,xcu200-fsgd2104-2-e,5,4731.129285,85,0,0,0,1,unroll_2,unroll_16,unroll_8,1,0.25,0.15543850317,False
workload_1027.cpp,xcu200-fsgd2104-2-e,5,601.215045,45.5,0,0,0,1,unroll_2,unroll_2,pipeline_1,2,0.25,0.999999998106,False
workload_904.cpp,xcu200-fsgd2104-2-e,5,1721.716165,48,0,0,0,0,unroll_2,unroll_2,unroll_2,1,0,0.797613683651,False
workload_1023.cpp,xcu200-fsgd2104-2-e,5,4007.611845,57,0,0,0,1,unroll_2,unroll_2,unroll_4,1,0.25,0.244174460418,False
workload_995.cpp,xcu200-fsgd2104-2-e,5,4731.129285,84,0,0,0,1,unroll_2,unroll_2,unroll_8,1,0.25,0.15543850317,False
workload_1041.cpp,xcu200-fsgd2104-2-e,5,601.21504,47,0,0,0,1,unroll_2,unroll_32,pipeline_1,2,0.25,1,True
workload_1001.cpp,xcu200-fsgd2104-2-e,5,1721.71616,48,0,0,0,0,unroll_2,unroll_32,unroll_2,1,0,1,True
workload_1045.cpp,xcu200-fsgd2104-2-e,5,4007.61184,59,0,0,0,1,unroll_2,unroll_32,unroll_4,1,0.25,0.244174461174,False
workload_1035.cpp,xcu200-fsgd2104-2-e,5,4731.12928,81,0,0,0,1,unroll_2,unroll_32,unroll_8,1,0.25,0.155438503639,False
workload_899.cpp,xcu200-fsgd2104-2-e,5,601.215045,46.5,0,0,0,1,unroll_2,unroll_4,pipeline_1,2,0.25,0.999999998106,False
workload_929.cpp,xcu200-fsgd2104-2-e,5,1721.716165,48,0,0,0,0,unroll_2,unroll_4,unroll_2,1,0,0.797613683651,False
workload_967.cpp,xcu200-fsgd2104-2-e,5,5273.767365,550,0,0,2,4,unroll_2,unroll_4,unroll_32,1,1.5,0.110044840068,False
workload_1063.cpp,xcu200-fsgd2104-2-e,5,4007.611845,57,0,0,0,1,unroll_2,unroll_4,unroll_4,1,0.25,0.244174460418,False
workload_1004.cpp,xcu200-fsgd2104-2-e,5,4731.129285,82,0,0,0,1,unroll_2,unroll_4,unroll_8,1,0.25,0.15543850317,False
workload_1006.cpp,xcu200-fsgd2104-2-e,5,601.215045,45,0,0,0,1,unroll_2,unroll_8,pipeline_1,2,0.25,0.999999998106,False
workload_989.cpp,xcu200-fsgd2104-2-e,5,5092.888005,164,0,0,1,2,unroll_2,unroll_8,unroll_16,1,0.75,0.124782065405,False
workload_909.cpp,xcu200-fsgd2104-2-e,5,1721.716165,50,0,0,0,0,unroll_2,unroll_8,unroll_2,1,0,0.797613683651,False
workload_955.cpp,xcu200-fsgd2104-2-e,5,5273.767365,531,0,0,2,4,unroll_2,unroll_8,unroll_32,1,1.5,0.110044840068,False
workload_940.cpp,xcu200-fsgd2104-2-e,5,4007.611845,59,0,0,0,1,unroll_2,unroll_8,unroll_4,1,0.25,0.244174460418,False
workload_884.cpp,xcu200-fsgd2104-2-e,5,5364.207045,3007,0,0,5,7,unroll_2,unroll_8,unroll_64,1,3,0.1,False
workload_1021.cpp,xcu200-fsgd2104-2-e,5,4731.129285,79,0,0,0,1,unroll_2,unroll_8,unroll_8,1,0.25,0.15543850317,False
workload_1025.cpp,xcu200-fsgd2104-2-e,5,4552.794565,388,0,0,3,5,unroll_32,unroll_16,unroll_2,1,2,0.144710438117,False
workload_1032.cpp,xcu200-fsgd2104-2-e,5,3692.962245,887,0,0,4,6,unroll_32,unroll_16,unroll_4,1,2.5,0.203777478541,False
workload_1034.cpp,xcu200-fsgd2104-2-e,5,4552.79456,404,0,0,3,5,unroll_32,unroll_32,unroll_2,1,2,0.144710438503,False
workload_1019.cpp,xcu200-fsgd2104-2-e,5,601.599045,175,0,0,6,7,unroll_32,unroll_4,pipeline_1,1,3.25,0.342331353041,False
workload_962.cpp,xcu200-fsgd2104-2-e,5,601.599045,184,0,0,6,7,unroll_32,unroll_8,pipeline_1,1,3.25,0.342331353041,False
workload_1036.cpp,xcu200-fsgd2104-2-e,5,4552.794565,403,0,0,3,5,unroll_32,unroll_8,unroll_2,1,2,0.144710438117,False
workload_1011.cpp,xcu200-fsgd2104-2-e,5,601.419845,51.5,0,0,1,1,unroll_4,unroll_16,pipeline_1,2,0.5,0.929281547556,False
workload_1010.cpp,xcu200-fsgd2104-2-e,5,3197.545925,240,0,0,2,3,unroll_4,unroll_16,unroll_16,1,1.25,0.35326658871,False
workload_943.cpp,xcu200-fsgd2104-2-e,5,3231.624645,59,0,0,0,1,unroll_4,unroll_16,unroll_2,1,0.25,0.385383565017,False
workload_1037.cpp,xcu200-fsgd2104-2-e,5,3839.798725,73,0,0,0,1,unroll_4,unroll_16,unroll_4,1,0.25,0.270686292649,False
workload_1007.cpp,xcu200-fsgd2104-2-e,5,3415.125445,107,0,0,1,2,unroll_4,unroll_16,unroll_8,1,0.75,0.337016244772,False
workload_900.cpp,xcu200-fsgd2104-2-e,5,601.419845,52,0,0,1,1,unroll_4,unroll_2,pipeline_1,2,0.5,0.929281547556,False
workload_1082.cpp,xcu200-fsgd2104-2-e,5,3197.545925,237,0,0,2,3,unroll_4,unroll_2,unroll_16,1,1.25,0.35326658871,False
workload_980.cpp,xcu200-fsgd2104-2-e,5,3231.624645,57,0,0,0,1,unroll_4,unroll_2,unroll_2,1,0.25,0.385383565017,False
workload_1003.cpp,xcu200-fsgd2104-2-e,5,3839.798725,72,0,0,0,1,unroll_4,unroll_2,unroll_4,1,0.25,0.270686292649,False
workload_1057.cpp,xcu200-fsgd2104-2-e,5,3415.125445,105,0,0,1,2,unroll_4,unroll_2,unroll_8,1,0.75,0.337016244772,False
workload_1022.cpp,xcu200-fsgd2104-2-e,5,601.41984,53.5,0,0,1,1,unroll_4,unroll_32,pipeline_1,2,0.5,0.929281547558,False
workload_1044.cpp,xcu200-fsgd2104-2-e,5,3231.62464,59,0,0,0,1,unroll_4,unroll_32,unroll_2,1,0.25,0.385383566079,False
workload_1047.cpp,xcu200-fsgd2104-2-e,5,3839.79872,70,0,0,0,1,unroll_4,unroll_32,unroll_4,1,0.25,0.270686293473,False
workload_1046.cpp,xcu200-fsgd2104-2-e,5,3415.12544,106,0,0,1,2,unroll_4,unroll_32,unroll_8,1,0.75,0.337016245714,False
workload_1009.cpp,xcu200-fsgd2104-2-e,5,601.419845,51.5,0,0,1,1,unroll_4,unroll_4,pipeline_1,2,0.5,0.929281547556,False
workload_886.cpp,xcu200-fsgd2104-2-e,5,3231.624645,57,0,0,0,1,unroll_4,unroll_4,unroll_2,1,0.25,0.385383565017,False
workload_1038.cpp,xcu200-fsgd2104-2-e,5,3839.798725,72,0,0,0,1,unroll_4,unroll_4,unroll_4,1,0.25,0.270686292649,False
workload_994.cpp,xcu200-fsgd2104-2-e,5,3415.125445,105,0,0,1,2,unroll_4,unroll_4,unroll_8,1,0.75,0.337016244772,False
workload_1013.cpp,xcu200-fsgd2104-2-e,5,601.419845,52,0,0,1,1,unroll_4,unroll_8,pipeline_1,2,0.5,0.929281547556,False
workload_1076.cpp,xcu200-fsgd2104-2-e,5,3197.545925,231,0,0,2,3,unroll_4,unroll_8,unroll_16,1,1.25,0.35326658871,False
workload_903.cpp,xcu200-fsgd2104-2-e,5,3231.624645,56,0,0,0,1,unroll_4,unroll_8,unroll_2,1,0.25,0.385383565017,False
workload_1049.cpp,xcu200-fsgd2104-2-e,5,3839.798725,74,0,0,0,1,unroll_4,unroll_8,unroll_4,1,0.25,0.270686292649,False
workload_1061.cpp,xcu200-fsgd2104-2-e,5,3415.125445,110,0,0,1,2,unroll_4,unroll_8,unroll_8,1,0.75,0.337016244772,False
workload_971.cpp,xcu200-fsgd2104-2-e,5,601.611845,639,0,0,11,14,unroll_64,unroll_16,pipeline_1,1,6.25,0.101285936869,False
workload_947.cpp,xcu200-fsgd2104-2-e,5,601.611845,618,0,0,11,14,unroll_64,unroll_8,pipeline_1,1,6.25,0.101285936869,False
workload_895.cpp,xcu200-fsgd2104-2-e,5,601.522245,65,0,0,1,2,unroll_8,unroll_16,pipeline_1,2,0.75,0.861456348809,False
workload_1005.cpp,xcu200-fsgd2104-2-e,5,2249.874885,469,0,0,3,4,unroll_8,unroll_16,unroll_16,1,1.75,0.466329629136,False
workload_1031.cpp,xcu200-fsgd2104-2-e,5,3986.578885,80,0,0,1,1,unroll_8,unroll_16,unroll_2,1,0.5,0.245146787029,False
workload_1024.cpp,xcu200-fsgd2104-2-e,5,1996.250565,2149,0,0,5,7,unroll_8,unroll_16,unroll_32,1,3,0.318594809134,False
workload_1051.cpp,xcu200-fsgd2104-2-e,5,3755.892165,108,0,0,1,2,unroll_8,unroll_16,unroll_4,1,0.75,0.276899854467,False
workload_928.cpp,xcu200-fsgd2104-2-e,5,601.522245,64,0,0,1,2,unroll_8,unroll_2,pipeline_1,2,0.75,0.861456348809,False
workload_983.cpp,xcu200-fsgd2104-2-e,5,3986.578885,79,0,0,1,1,unroll_8,unroll_2,unroll_2,1,0.5,0.245146787029,False
workload_914.cpp,xcu200-fsgd2104-2-e,5,1996.250565,2035,0,0,5,7,unroll_8,unroll_2,unroll_32,1,3,0.318594809134,False
workload_1017.cpp,xcu200-fsgd2104-2-e,5,3755.892165,110,0,0,1,2,unroll_8,unroll_2,unroll_4,1,0.75,0.276899854467,False
workload_1015.cpp,xcu200-fsgd2104-2-e,5,601.52224,64.5,0,0,1,2,unroll_8,unroll_32,pipeline_1,2,0.75,0.86145634881,False
workload_1053.cpp,xcu200-fsgd2104-2-e,5,3986.57888,79,0,0,1,1,unroll_8,unroll_32,unroll_2,1,0.5,0.245146787784,False
workload_1056.cpp,xcu200-fsgd2104-2-e,5,3755.89216,108,0,0,1,2,unroll_8,unroll_32,unroll_4,1,0.75,0.276899855288,False
workload_923.cpp,xcu200-fsgd2104-2-e,5,601.522245,64.5,0,0,1,2,unroll_8,unroll_4,pipeline_1,2,0.75,0.861456348809,False
workload_1000.cpp,xcu200-fsgd2104-2-e,5,3986.578885,79,0,0,1,1,unroll_8,unroll_4,unroll_2,1,0.5,0.245146787029,False
workload_1065.cpp,xcu200-fsgd2104-2-e,5,3755.892165,110,0,0,1,2,unroll_8,unroll_4,unroll_4,1,0.75,0.276899854467,False
workload_1026.cpp,xcu200-fsgd2104-2-e,5,2757.123525,184,0,0,2,3,unroll_8,unroll_4,unroll_8,1,1.25,0.436399416133,False
workload_1014.cpp,xcu200-fsgd2104-2-e,5,601.522245,64.5,0,0,1,2,unroll_8,unroll_8,pipeline_1,2,0.75,0.861456348809,False
workload_932.cpp,xcu200-fsgd2104-2-e,5,2249.874885,467,0,0,3,4,unroll_8,unroll_8,unroll_16,1,1.75,0.466329629136,False
workload_1039.cpp,xcu200-fsgd2104-2-e,5,3986.578885,81,0,0,1,1,unroll_8,unroll_8,unroll_2,1,0.5,0.245146787029,False
workload_1066.cpp,xcu200-fsgd2104-2-e,5,3755.892165,111,0,0,1,2,unroll_8,unroll_8,unroll_4,1,0.75,0.276899854467,False
workload_696.cpp,xcu200-fsgd2104-2-e,10,1197.00289,87,0,0,2,3,unroll_16,unroll_16,pipeline_1,2,1.25,0.703324478169,False
workload_808.cpp,xcu200-fsgd2104-2-e,10,6337.35873,116,0,0,1,2,unroll_16,unroll_16,unroll_2,1,0.75,0.190398871552,False
workload_767.cpp,xcu200-fsgd2104-2-e,10,3684.46145,401,0,0,3,4,unroll_16,unroll_16,unroll_8,1,1.75,0.403758198896,False
workload_779.cpp,xcu200-fsgd2104-2-e,10,1197.00289,85,0,0,2,3,unroll_16,unroll_2,pipeline_1,2,1.25,0.703324478169,False
workload_700.cpp,xcu200-fsgd2104-2-e,10,6337.35873,117,0,0,1,2,unroll_16,unroll_2,unroll_2,1,0.75,0.190398871552,False
workload_756.cpp,xcu200-fsgd2104-2-e,10,5440.82625,184,0,0,2,3,unroll_16,unroll_2,unroll_4,1,1.25,0.253826663276,False
workload_816.cpp,xcu200-fsgd2104-2-e,10,3684.46145,407,0,0,3,4,unroll_16,unroll_2,unroll_8,1,1.75,0.403758198896,False
workload_848.cpp,xcu200-fsgd2104-2-e,10,1197.00288,90,0,0,2,3,unroll_16,unroll_32,pipeline_1,2,1.25,0.70332447817,False
workload_782.cpp,xcu200-fsgd2104-2-e,10,5440.82624,186,0,0,2,3,unroll_16,unroll_32,unroll_4,1,1.25,0.253826664206,False
workload_810.cpp,xcu200-fsgd2104-2-e,10,3684.46144,410,0,0,3,5,unroll_16,unroll_32,unroll_8,1,2,0.376935430076,False
workload_859.cpp,xcu200-fsgd2104-2-e,10,1197.00289,87.5,0,0,2,3,unroll_16,unroll_4,pipeline_1,2,1.25,0.703324478169,False
workload_732.cpp,xcu200-fsgd2104-2-e,10,6337.35873,112,0,0,1,2,unroll_16,unroll_4,unroll_2,1,0.75,0.190398871552,False
workload_867.cpp,xcu200-fsgd2104-2-e,10,5440.82625,184,0,0,2,3,unroll_16,unroll_4,unroll_4,1,1.25,0.253826663276,False
workload_796.cpp,xcu200-fsgd2104-2-e,10,3684.46145,394,0,0,3,4,unroll_16,unroll_4,unroll_8,1,1.75,0.403758198896,False
workload_822.cpp,xcu200-fsgd2104-2-e,10,1197.00289,87.5,0,0,2,3,unroll_16,unroll_8,pipeline_1,2,1.25,0.703324478169,False
workload_791.cpp,xcu200-fsgd2104-2-e,10,6337.35873,116,0,0,1,2,unroll_16,unroll_8,unroll_2,1,0.75,0.190398871552,False
workload_845.cpp,xcu200-fsgd2104-2-e,10,5440.82625,193,0,0,2,3,unroll_16,unroll_8,unroll_4,1,1.25,0.253826663276,False
workload_712.cpp,xcu200-fsgd2104-2-e,10,1196.53185,44,0,0,0,0,unroll_2,unroll_16,pipeline_1,2,0,1,True
workload_795.cpp,xcu200-fsgd2104-2-e,10,3107.56033,46,0,0,0,0,unroll_2,unroll_16,unroll_2,1,0,0.604848110139,False
workload_743.cpp,xcu200-fsgd2104-2-e,10,6211.67297,52,0,0,0,1,unroll_2,unroll_16,unroll_4,1,0.25,0.204394717314,False
workload_781.cpp,xcu200-fsgd2104-2-e,10,7941.82337,1969,0,0,5,7,unroll_2,unroll_16,unroll_64,1,3,0.1,False
workload_725.cpp,xcu200-fsgd2104-2-e,10,7134.41985,68,0,0,0,1,unroll_2,unroll_16,unroll_8,1,0.25,0.143346184065,False
workload_802.cpp,xcu200-fsgd2104-2-e,10,1196.53185,44.5,0,0,0,0,unroll_2,unroll_2,pipeline_1,2,0,1,True
workload_710.cpp,xcu200-fsgd2104-2-e,10,3107.56033,46,0,0,0,0,unroll_2,unroll_2,unroll_2,1,0,0.604848110139,False
workload_768.cpp,xcu200-fsgd2104-2-e,10,7826.48001,383,0,0,2,4,unroll_2,unroll_2,unroll_32,1,1.5,0.109203693465,False
workload_784.cpp,xcu200-fsgd2104-2-e,10,6211.67297,52,0,0,0,1,unroll_2,unroll_2,unroll_4,1,0.25,0.204394717314,False
workload_820.cpp,xcu200-fsgd2104-2-e,10,7134.41985,70,0,0,0,1,unroll_2,unroll_2,unroll_8,1,0.25,0.143346184065,False
workload_729.cpp,xcu200-fsgd2104-2-e,10,1196.53184,44.5,0,0,0,1,unroll_2,unroll_32,pipeline_1,2,0.25,1,True
workload_778.cpp,xcu200-fsgd2104-2-e,10,3107.56032,46,0,0,0,0,unroll_2,unroll_32,unroll_2,1,0,0.60484811191,False
workload_775.cpp,xcu200-fsgd2104-2-e,10,6211.67296,53,0,0,0,1,unroll_2,unroll_32,unroll_4,1,0.25,0.204394718119,False
workload_705.cpp,xcu200-fsgd2104-2-e,10,1196.53185,44,0,0,0,0,unroll_2,unroll_4,pipeline_1,2,0,1,True
workload_738.cpp,xcu200-fsgd2104-2-e,10,3107.56033,45,0,0,0,0,unroll_2,unroll_4,unroll_2,1,0,0.604848110139,False
workload_827.cpp,xcu200-fsgd2104-2-e,10,6211.67297,53,0,0,0,1,unroll_2,unroll_4,unroll_4,1,0.25,0.204394717314,False
workload_833.cpp,xcu200-fsgd2104-2-e,10,7134.41985,70,0,0,0,1,unroll_2,unroll_4,unroll_8,1,0.25,0.143346184065,False
workload_771.cpp,xcu200-fsgd2104-2-e,10,1196.53185,44,0,0,0,0,unroll_2,unroll_8,pipeline_1,2,0,1,True
workload_715.cpp,xcu200-fsgd2104-2-e,10,3107.56033,46,0,0,0,0,unroll_2,unroll_8,unroll_2,1,0,0.604848110139,False
workload_744.cpp,xcu200-fsgd2104-2-e,10,7826.48001,357,0,0,2,4,unroll_2,unroll_8,unroll_32,1,1.5,0.109203693465,False
workload_800.cpp,xcu200-fsgd2104-2-e,10,6211.67297,53,0,0,0,1,unroll_2,unroll_8,unroll_4,1,0.25,0.204394717314,False
workload_690.cpp,xcu200-fsgd2104-2-e,10,7941.82337,1963,0,0,5,7,unroll_2,unroll_8,unroll_64,1,3,0.1,False
workload_878.cpp,xcu200-fsgd2104-2-e,10,7134.41985,71,0,0,0,1,unroll_2,unroll_8,unroll_8,1,0.25,0.143346184065,False
workload_757.cpp,xcu200-fsgd2104-2-e,10,1197.01313,172.5,0,0,5,7,unroll_32,unroll_16,pipeline_1,2,3,0.359357731096,False
workload_798.cpp,xcu200-fsgd2104-2-e,10,3438.03585,1827,0,0,5,8,unroll_32,unroll_16,unroll_8,1,3.25,0.25625236769,False
workload_880.cpp,xcu200-fsgd2104-2-e,10,1197.01313,163,0,0,5,7,unroll_32,unroll_2,pipeline_1,1,3,0.359357731096,False
workload_881.cpp,xcu200-fsgd2104-2-e,10,1197.01313,175,0,0,5,7,unroll_32,unroll_4,pipeline_1,1,3,0.359357731096,False
workload_737.cpp,xcu200-fsgd2104-2-e,10,1196.61377,49,0,0,0,1,unroll_4,unroll_16,pipeline_1,2,0.25,0.964106600302,False
workload_766.cpp,xcu200-fsgd2104-2-e,10,4953.29985,53,0,0,0,1,unroll_4,unroll_16,unroll_2,1,0.25,0.33013907649,False
workload_818.cpp,xcu200-fsgd2104-2-e,10,5771.18913,65,0,0,0,1,unroll_4,unroll_16,unroll_4,1,0.25,0.242838446165,False
workload_875.cpp,xcu200-fsgd2104-2-e,10,5163.01505,91,0,0,1,2,unroll_4,unroll_16,unroll_8,1,0.75,0.297915231493,False
workload_706.cpp,xcu200-fsgd2104-2-e,10,1196.61377,49.5,0,0,0,1,unroll_4,unroll_2,pipeline_1,2,0.25,0.964106600302,False
workload_736.cpp,xcu200-fsgd2104-2-e,10,4953.29985,52,0,0,0,1,unroll_4,unroll_2,unroll_2,1,0.25,0.33013907649,False
workload_758.cpp,xcu200-fsgd2104-2-e,10,4706.88449,655,0,0,3,5,unroll_4,unroll_2,unroll_32,1,2,0.281020210072,False
workload_821.cpp,xcu200-fsgd2104-2-e,10,5771.18913,63,0,0,0,1,unroll_4,unroll_2,unroll_4,1,0.25,0.242838446165,False
workload_854.cpp,xcu200-fsgd2104-2-e,10,5163.01505,87,0,0,1,2,unroll_4,unroll_2,unroll_8,1,0.75,0.297915231493,False
workload_812.cpp,xcu200-fsgd2104-2-e,10,1196.61376,50.5,0,0,0,1,unroll_4,unroll_32,pipeline_1,2,0.25,0.964106601461,False
workload_844.cpp,xcu200-fsgd2104-2-e,10,4953.29984,53,0,0,0,1,unroll_4,unroll_32,unroll_2,1,0.25,0.330139077683,False
workload_805.cpp,xcu200-fsgd2104-2-e,10,5771.18912,65,0,0,0,1,unroll_4,unroll_32,unroll_4,1,0.25,0.242838447106,False
workload_841.cpp,xcu200-fsgd2104-2-e,10,5163.01504,88,0,0,1,2,unroll_4,unroll_32,unroll_8,1,0.75,0.297915232581,False
workload_769.cpp,xcu200-fsgd2104-2-e,10,1196.61377,49.5,0,0,0,1,unroll_4,unroll_4,pipeline_1,2,0.25,0.964106600302,False
workload_692.cpp,xcu200-fsgd2104-2-e,10,4953.29985,54,0,0,0,1,unroll_4,unroll_4,unroll_2,1,0.25,0.33013907649,False
workload_811.cpp,xcu200-fsgd2104-2-e,10,4706.88449,630,0,0,3,5,unroll_4,unroll_4,unroll_32,1,2,0.281020210072,False
workload_830.cpp,xcu200-fsgd2104-2-e,10,5771.18913,63,0,0,0,1,unroll_4,unroll_4,unroll_4,1,0.25,0.242838446165,False
workload_814.cpp,xcu200-fsgd2104-2-e,10,5163.01505,92,0,0,1,2,unroll_4,unroll_4,unroll_8,1,0.75,0.297915231493,False
workload_813.cpp,xcu200-fsgd2104-2-e,10,1196.61377,50,0,0,0,1,unroll_4,unroll_8,pipeline_1,2,0.25,0.964106600302,False
workload_709.cpp,xcu200-fsgd2104-2-e,10,4953.29985,52,0,0,0,1,unroll_4,unroll_8,unroll_2,1,0.25,0.33013907649,False
workload_870.cpp,xcu200-fsgd2104-2-e,10,5771.18913,64,0,0,0,1,unroll_4,unroll_8,unroll_4,1,0.25,0.242838446165,False
workload_871.cpp,xcu200-fsgd2104-2-e,10,5163.01505,91,0,0,1,2,unroll_4,unroll_8,unroll_8,1,0.75,0.297915231493,False
workload_772.cpp,xcu200-fsgd2104-2-e,10,6683.37345,1379,0,0,6,9,unroll_64,unroll_16,unroll_2,1,3.75,0.104690906069,False
workload_770.cpp,xcu200-fsgd2104-2-e,10,1197.01825,591.5,0,0,9,13,unroll_64,unroll_2,pipeline_1,2,5.5,0.116173426202,False
workload_835.cpp,xcu200-fsgd2104-2-e,10,6683.37345,1406,0,0,6,9,unroll_64,unroll_2,unroll_2,1,3.75,0.104690906069,False
workload_847.cpp,xcu200-fsgd2104-2-e,10,1197.01825,617,0,0,9,13,unroll_64,unroll_4,pipeline_1,1,5.5,0.116173426202,False
workload_815.cpp,xcu200-fsgd2104-2-e,10,6683.37345,1428,0,0,6,9,unroll_64,unroll_4,unroll_2,1,3.75,0.104690906069,False
workload_701.cpp,xcu200-fsgd2104-2-e,10,1196.65473,61,0,0,1,2,unroll_8,unroll_16,pipeline_1,2,0.75,0.827880367068,False
workload_786.cpp,xcu200-fsgd2104-2-e,10,5876.00577,70,0,0,0,1,unroll_8,unroll_16,unroll_2,1,0.25,0.233145841466,False
workload_817.cpp,xcu200-fsgd2104-2-e,10,5550.94721,93,0,0,1,2,unroll_8,unroll_16,unroll_4,1,0.75,0.257896288763,False
workload_831.cpp,xcu200-fsgd2104-2-e,10,4177.31265,142,0,0,1,3,unroll_8,unroll_16,unroll_8,1,1,0.406321252281,False
workload_780.cpp,xcu200-fsgd2104-2-e,10,1196.65473,59.5,0,0,1,2,unroll_8,unroll_2,pipeline_1,2,0.75,0.827880367068,False
workload_823.cpp,xcu200-fsgd2104-2-e,10,3474.76673,382,0,0,3,4,unroll_8,unroll_2,unroll_16,1,1.75,0.426258227404,False
workload_733.cpp,xcu200-fsgd2104-2-e,10,5876.00577,71,0,0,0,1,unroll_8,unroll_2,unroll_2,1,0.25,0.233145841466,False
workload_720.cpp,xcu200-fsgd2104-2-e,10,3147.08673,1706,0,0,5,7,unroll_8,unroll_2,unroll_32,1,3,0.299300766541,False
workload_793.cpp,xcu200-fsgd2104-2-e,10,5550.94721,91,0,0,1,2,unroll_8,unroll_2,unroll_4,1,0.75,0.257896288763,False
workload_751.cpp,xcu200-fsgd2104-2-e,10,4177.31265,146,0,0,1,3,unroll_8,unroll_2,unroll_8,1,1,0.406321252281,False
workload_858.cpp,xcu200-fsgd2104-2-e,10,1196.65472,63,0,0,1,2,unroll_8,unroll_32,pipeline_1,2,0.75,0.827880367069,False
workload_861.cpp,xcu200-fsgd2104-2-e,10,5876.00576,68,0,0,0,1,unroll_8,unroll_32,unroll_2,1,0.25,0.233145842374,False
workload_809.cpp,xcu200-fsgd2104-2-e,10,5550.9472,92,0,0,1,2,unroll_8,unroll_32,unroll_4,1,0.75,0.257896289738,False
workload_799.cpp,xcu200-fsgd2104-2-e,10,1196.65473,62,0,0,1,2,unroll_8,unroll_4,pipeline_1,2,0.75,0.827880367068,False
workload_763.cpp,xcu200-fsgd2104-2-e,10,5876.00577,71,0,0,0,1,unroll_8,unroll_4,unroll_2,1,0.25,0.233145841466,False
workload_846.cpp,xcu200-fsgd2104-2-e,10,4177.31265,150,0,0,1,3,unroll_8,unroll_4,unroll_8,1,1,0.406321252281,False
workload_806.cpp,xcu200-fsgd2104-2-e,10,1196.65473,61.5,0,0,1,2,unroll_8,unroll_8,pipeline_1,2,0.75,0.827880367068,False
workload_728.cpp,xcu200-fsgd2104-2-e,10,5876.00577,69,0,0,0,1,unroll_8,unroll_8,unroll_2,1,0.25,0.233145841466,False
workload_864.cpp,xcu200-fsgd2104-2-e,10,5550.94721,91,0,0,1,2,unroll_8,unroll_8,unroll_4,1,0.75,0.257896288763,False
workload_807.cpp,xcu200-fsgd2104-2-e,10,4177.31265,148,0,0,1,3,unroll_8,unroll_8,unroll_8,1,1,0.406321252281,False
workload_493.cpp,xczu7ev-ffvc1156-2-e,3.33,407.24951949,115,0,1,19,24,unroll_16,unroll_16,pipeline_1,2,11,0.799798897274,False
workload_637.cpp,xczu7ev-ffvc1156-2-e,3.33,4977.07384077,272,0,0,10,16,unroll_16,unroll_16,unroll_2,1,6.5,0.172000623834,False
workload_653.cpp,xczu7ev-ffvc1156-2-e,3.33,4228.09173261,454,0,0,14,20,unroll_16,unroll_16,unroll_4,1,8.5,0.240885543299,False
workload_468.cpp,xczu7ev-ffvc1156-2-e,3.33,2689.97229837,965,0,0,19,26,unroll_16,unroll_16,unroll_8,1,11.25,0.412631921948,False
workload_616.cpp,xczu7ev-ffvc1156-2-e,3.33,407.24951949,115,0,1,19,24,unroll_16,unroll_2,pipeline_1,2,11,0.799798897274,False
workload_650.cpp,xczu7ev-ffvc1156-2-e,3.33,4977.07384077,270,0,0,10,16,unroll_16,unroll_2,unroll_2,1,6.5,0.172000623834,False
workload_460.cpp,xczu7ev-ffvc1156-2-e,3.33,4228.09173261,491,0,0,14,20,unroll_16,unroll_2,unroll_4,1,8.5,0.240885543299,False
workload_527.cpp,xczu7ev-ffvc1156-2-e,3.33,2689.97229837,998,0,0,19,26,unroll_16,unroll_2,unroll_8,1,11.25,0.412631921948,False
workload_554.cpp,xczu7ev-ffvc1156-2-e,3.33,407.24951616,111,0,1,19,24,unroll_16,unroll_32,pipeline_1,2,11,1,True
workload_588.cpp,xczu7ev-ffvc1156-2-e,3.33,4977.07383744,273,0,0,10,16,unroll_16,unroll_32,unroll_2,1,6.5,0.172000624127,False
workload_523.cpp,xczu7ev-ffvc1156-2-e,3.33,4228.09172928,479,0,0,14,20,unroll_16,unroll_32,unroll_4,1,8.5,0.240885543693,False
workload_540.cpp,xczu7ev-ffvc1156-2-e,3.33,2689.97229504,996,0,0,19,26,unroll_16,unroll_32,unroll_8,1,11.25,0.412631922398,False
workload_609.cpp,xczu7ev-ffvc1156-2-e,3.33,407.24951949,114.5,0,1,19,24,unroll_16,unroll_4,pipeline_1,2,11,0.799798897274,False
workload_597.cpp,xczu7ev-ffvc1156-2-e,3.33,4977.07384077,275,0,0,10,16,unroll_16,unroll_4,unroll_2,1,6.5,0.172000623834,False
workload_582.cpp,xczu7ev-ffvc1156-2-e,3.33,2689.97229837,992,0,0,19,26,unroll_16,unroll_4,unroll_8,1,11.25,0.412631921948,False
workload_566.cpp,xczu7ev-ffvc1156-2-e,3.33,407.24951949,114.5,0,1,19,24,unroll_16,unroll_8,pipeline_1,2,11,0.799798897274,False
workload_587.cpp,xczu7ev-ffvc1156-2-e,3.33,4977.07384077,274,0,0,10,16,unroll_16,unroll_8,unroll_2,1,6.5,0.172000623834,False
workload_565.cpp,xczu7ev-ffvc1156-2-e,3.33,2689.97229837,987,0,0,19,26,unroll_16,unroll_8,unroll_8,1,11.25,0.412631921948,False
workload_610.cpp,xczu7ev-ffvc1156-2-e,3.33,407.39273613,51.5,0,1,5,7,unroll_2,unroll_16,pipeline_1,2,3.25,0.99999999895,False
workload_635.cpp,xczu7ev-ffvc1156-2-e,3.33,1481.87174157,59,0,0,3,5,unroll_2,unroll_16,unroll_2,1,2,0.835432513224,False
workload_577.cpp,xczu7ev-ffvc1156-2-e,3.33,4680.32214285,80,0,0,4,7,unroll_2,unroll_16,unroll_4,1,2.75,0.207235222641,False
workload_612.cpp,xczu7ev-ffvc1156-2-e,3.33,5720.86605069,137,0,0,6,9,unroll_2,unroll_16,unroll_8,1,3.75,0.12366764146,False
workload_569.cpp,xczu7ev-ffvc1156-2-e,3.33,407.39273613,50,0,1,5,7,unroll_2,unroll_2,pipeline_1,2,3.25,0.99999999895,False
workload_613.cpp,xczu7ev-ffvc1156-2-e,3.33,6241.13800461,401,0,0,9,13,unroll_2,unroll_2,unroll_16,1,5.5,0.10409777932,False
workload_575.cpp,xczu7ev-ffvc1156-2-e,3.33,1481.87174157,60,0,0,3,5,unroll_2,unroll_2,unroll_2,1,2,0.835432513224,False
workload_548.cpp,xczu7ev-ffvc1156-2-e,3.33,4680.32214285,79,0,0,4,6,unroll_2,unroll_2,unroll_4,1,2.5,0.207255465791,False
workload_494.cpp,xczu7ev-ffvc1156-2-e,3.33,5720.86605069,126,0,0,6,9,unroll_2,unroll_2,unroll_8,1,3.75,0.12366764146,False
workload_590.cpp,xczu7ev-ffvc1156-2-e,3.33,407.3927328,51,0,1,5,7,unroll_2,unroll_32,pipeline_1,2,3.25,1,True
workload_574.cpp,xczu7ev-ffvc1156-2-e,3.33,6241.13800128,418,0,0,9,14,unroll_2,unroll_32,unroll_16,1,5.75,0.10400467879,False
workload_593.cpp,xczu7ev-ffvc1156-2-e,3.33,1481.87173824,61,0,0,3,5,unroll_2,unroll_32,unroll_2,1,2,1,True
workload_510.cpp,xczu7ev-ffvc1156-2-e,3.33,6501.27397824,1685,0,0,17,23,unroll_2,unroll_32,unroll_32,1,10,0.1,False
workload_622.cpp,xczu7ev-ffvc1156-2-e,3.33,4680.32213952,83,0,0,4,7,unroll_2,unroll_32,unroll_4,1,2.75,0.207235223004,False
workload_607.cpp,xczu7ev-ffvc1156-2-e,3.33,407.39273613,49.5,0,1,5,7,unroll_2,unroll_4,pipeline_1,2,3.25,0.99999999895,False
workload_614.cpp,xczu7ev-ffvc1156-2-e,3.33,6241.13800461,403,0,0,9,13,unroll_2,unroll_4,unroll_16,1,5.5,0.10409777932,False
workload_496.cpp,xczu7ev-ffvc1156-2-e,3.33,1481.87174157,58,0,0,3,5,unroll_2,unroll_4,unroll_2,1,2,0.835432513224,False
workload_676.cpp,xczu7ev-ffvc1156-2-e,3.33,4680.32214285,136,0,0,4,6,unroll_2,unroll_4,unroll_4,1,2.5,0.207255465791,False
workload_611.cpp,xczu7ev-ffvc1156-2-e,3.33,407.39273613,51,0,1,5,7,unroll_2,unroll_8,pipeline_1,2,3.25,0.99999999895,False
workload_615.cpp,xczu7ev-ffvc1156-2-e,3.33,1481.87174157,59,0,0,3,5,unroll_2,unroll_8,unroll_2,1,2,0.835432513224,False
workload_645.cpp,xczu7ev-ffvc1156-2-e,3.33,407.23928973,261.5,0,1,35,43,unroll_32,unroll_16,pipeline_1,2,19.75,0.603995282151,False
workload_671.cpp,xczu7ev-ffvc1156-2-e,3.33,5226.73113357,855,0,0,19,28,unroll_32,unroll_16,unroll_2,1,11.75,0.135343071413,False
workload_644.cpp,xczu7ev-ffvc1156-2-e,3.33,407.23928973,230,0,1,35,42,unroll_32,unroll_2,pipeline_1,2,19.5,1,True
workload_639.cpp,xczu7ev-ffvc1156-2-e,3.33,407.2392864,254.5,0,1,35,43,unroll_32,unroll_32,pipeline_1,2,19.75,1,True
workload_678.cpp,xczu7ev-ffvc1156-2-e,3.33,5226.73113024,887,0,0,19,28,unroll_32,unroll_32,unroll_2,1,11.75,0.135343071607,False
workload_630.cpp,xczu7ev-ffvc1156-2-e,3.33,4195.78955712,1582,0,0,26,35,unroll_32,unroll_32,unroll_4,1,15.25,0.185913295057,False
workload_658.cpp,xczu7ev-ffvc1156-2-e,3.33,407.23928973,291,0,1,35,42,unroll_32,unroll_4,pipeline_1,2,19.5,1,True
workload_677.cpp,xczu7ev-ffvc1156-2-e,3.33,5226.73113357,919,0,0,19,28,unroll_32,unroll_4,unroll_2,1,11.75,0.135343071413,False
workload_669.cpp,xczu7ev-ffvc1156-2-e,3.33,407.23928973,424,0,1,35,43,unroll_32,unroll_8,pipeline_1,2,19.75,0.603995282151,False
workload_689.cpp,xczu7ev-ffvc1156-2-e,3.33,5226.73113357,3562,0,0,19,28,unroll_32,unroll_8,unroll_2,1,11.75,0.135343071413,False
workload_594.cpp,xczu7ev-ffvc1156-2-e,3.33,407.31089805,59.5,0,1,7,10,unroll_4,unroll_16,pipeline_1,2,4.5,0.966008247938,False
workload_617.cpp,xczu7ev-ffvc1156-2-e,3.33,3774.18364173,533,0,1,13,18,unroll_4,unroll_16,unroll_16,1,8,0.303586444914,False
workload_560.cpp,xczu7ev-ffvc1156-2-e,3.33,3479.13008397,79,0,0,4,7,unroll_4,unroll_16,unroll_2,1,2.75,0.377686709863,False
workload_624.cpp,xczu7ev-ffvc1156-2-e,3.33,4421.90476557,111,0,0,5,8,unroll_4,unroll_16,unroll_4,1,3.25,0.236934630104,False
workload_467.cpp,xczu7ev-ffvc1156-2-e,3.33,407.31089805,58.5,0,1,7,10,unroll_4,unroll_2,pipeline_1,2,4.5,0.966008247938,False
workload_604.cpp,xczu7ev-ffvc1156-2-e,3.33,3774.18364173,574,0,1,13,17,unroll_4,unroll_2,unroll_16,1,7.75,0.305681463391,False
workload_579.cpp,xczu7ev-ffvc1156-2-e,3.33,3479.13008397,77,0,0,4,7,unroll_4,unroll_2,unroll_2,1,2.75,0.377686709863,False
workload_535.cpp,xczu7ev-ffvc1156-2-e,3.33,3658.95562509,2595,0,1,22,29,unroll_4,unroll_2,unroll_32,1,13,0.262300165305,False
workload_533.cpp,xczu7ev-ffvc1156-2-e,3.33,4421.90476557,105,0,0,5,8,unroll_4,unroll_2,unroll_4,1,3.25,0.236934630104,False
workload_598.cpp,xczu7ev-ffvc1156-2-e,3.33,3988.92676365,203,0,0,8,11,unroll_4,unroll_2,unroll_8,1,4.75,0.291954095983,False
workload_623.cpp,xczu7ev-ffvc1156-2-e,3.33,407.31089472,58.5,0,1,7,10,unroll_4,unroll_32,pipeline_1,2,4.5,1,True
workload_621.cpp,xczu7ev-ffvc1156-2-e,3.33,3774.1836384,580,0,1,13,18,unroll_4,unroll_32,unroll_16,1,8,0.303586445384,False
workload_632.cpp,xczu7ev-ffvc1156-2-e,3.33,3479.13008064,81,0,0,4,7,unroll_4,unroll_32,unroll_2,1,2.75,0.377686710445,False
workload_552.cpp,xczu7ev-ffvc1156-2-e,3.33,3658.95562176,2784,0,1,22,29,unroll_4,unroll_32,unroll_32,1,13,0.26230016567,False
workload_600.cpp,xczu7ev-ffvc1156-2-e,3.33,4421.90476224,113,0,0,5,9,unroll_4,unroll_32,unroll_4,1,3.5,0.236702924155,False
workload_606.cpp,xczu7ev-ffvc1156-2-e,3.33,3988.92676032,179,0,0,8,12,unroll_4,unroll_32,unroll_8,1,5,0.291084797244,False
workload_472.cpp,xczu7ev-ffvc1156-2-e,3.33,407.31089805,56.5,0,1,7,10,unroll_4,unroll_4,pipeline_1,2,4.5,0.966008247938,False
workload_599.cpp,xczu7ev-ffvc1156-2-e,3.33,3774.18364173,598,0,1,13,18,unroll_4,unroll_4,unroll_16,1,8,0.303586444914,False
workload_557.cpp,xczu7ev-ffvc1156-2-e,3.33,3479.13008397,79,0,0,4,7,unroll_4,unroll_4,unroll_2,1,2.75,0.377686709863,False
workload_519.cpp,xczu7ev-ffvc1156-2-e,3.33,3658.95562509,2670,0,1,22,29,unroll_4,unroll_4,unroll_32,1,13,0.262300165305,False
workload_596.cpp,xczu7ev-ffvc1156-2-e,3.33,4421.90476557,110,0,0,5,8,unroll_4,unroll_4,unroll_4,1,3.25,0.236934630104,False
workload_573.cpp,xczu7ev-ffvc1156-2-e,3.33,407.31089805,58.5,0,1,7,10,unroll_4,unroll_8,pipeline_1,2,4.5,0.966008247938,False
workload_660.cpp,xczu7ev-ffvc1156-2-e,3.33,3479.13008397,85,0,0,4,7,unroll_4,unroll_8,unroll_2,1,2.75,0.377686709863,False
workload_550.cpp,xczu7ev-ffvc1156-2-e,3.33,407.23417485,720,0,1,68,79,unroll_64,unroll_16,pipeline_1,2,37,0.311891383404,False
workload_640.cpp,xczu7ev-ffvc1156-2-e,3.33,407.23417485,735.5,0,1,68,79,unroll_64,unroll_2,pipeline_1,2,37,0.311891383404,False
workload_576.cpp,xczu7ev-ffvc1156-2-e,3.33,407.23417152,769.5,0,1,68,79,unroll_64,unroll_32,pipeline_1,2,37,1,True
workload_509.cpp,xczu7ev-ffvc1156-2-e,3.33,407.23417485,746.5,0,1,68,79,unroll_64,unroll_4,pipeline_1,2,37,0.311891383404,False
workload_627.cpp,xczu7ev-ffvc1156-2-e,3.33,407.23417485,723,0,1,68,79,unroll_64,unroll_8,pipeline_1,2,37,0.311891383404,False
workload_484.cpp,xczu7ev-ffvc1156-2-e,3.33,407.26997901,83.5,0,1,11,15,unroll_8,unroll_16,pipeline_1,2,6.75,0.906472002839,False
workload_629.cpp,xczu7ev-ffvc1156-2-e,3.33,2540.70646029,1066,0,1,18,24,unroll_8,unroll_16,unroll_16,1,10.75,0.444126492632,False
workload_514.cpp,xczu7ev-ffvc1156-2-e,3.33,4477.75925517,125,0,0,6,10,unroll_8,unroll_16,unroll_2,1,4,0.229298695886,False
workload_541.cpp,xczu7ev-ffvc1156-2-e,3.33,4292.69607693,190,0,0,8,12,unroll_8,unroll_16,unroll_4,1,5,0.24992444503,False
workload_591.cpp,xczu7ev-ffvc1156-2-e,3.33,3122.95712013,378,0,0,11,16,unroll_8,unroll_16,unroll_8,1,6.75,0.418845268441,False
workload_578.cpp,xczu7ev-ffvc1156-2-e,3.33,407.26997901,76,0,1,11,15,unroll_8,unroll_2,pipeline_1,2,6.75,0.906472002839,False
workload_581.cpp,xczu7ev-ffvc1156-2-e,3.33,2540.70646029,1134,0,1,18,24,unroll_8,unroll_2,unroll_16,1,10.75,0.444126492632,False
workload_480.cpp,xczu7ev-ffvc1156-2-e,3.33,4477.75925517,128,0,0,6,10,unroll_8,unroll_2,unroll_2,1,4,0.229298695886,False
workload_586.cpp,xczu7ev-ffvc1156-2-e,3.33,4292.69607693,199,0,0,8,12,unroll_8,unroll_2,unroll_4,1,5,0.24992444503,False
workload_583.cpp,xczu7ev-ffvc1156-2-e,3.33,3122.95712013,378,0,0,11,16,unroll_8,unroll_2,unroll_8,1,6.75,0.418845268441,False
workload_504.cpp,xczu7ev-ffvc1156-2-e,3.33,407.26997568,76,0,1,11,15,unroll_8,unroll_32,pipeline_1,2,6.75,1,True
workload_466.cpp,xczu7ev-ffvc1156-2-e,3.33,2540.70645696,1093,0,1,18,25,unroll_8,unroll_32,unroll_16,1,11,0.438406877198,False
workload_559.cpp,xczu7ev-ffvc1156-2-e,3.33,4477.75925184,127,0,0,6,10,unroll_8,unroll_32,unroll_2,1,4,0.229298696283,False
workload_518.cpp,xczu7ev-ffvc1156-2-e,3.33,4292.6960736,188,0,0,8,13,unroll_8,unroll_32,unroll_4,1,5.25,0.249158472065,False
workload_585.cpp,xczu7ev-ffvc1156-2-e,3.33,3122.9571168,378,0,0,11,16,unroll_8,unroll_32,unroll_8,1,6.75,0.418845269025,False
workload_556.cpp,xczu7ev-ffvc1156-2-e,3.33,407.26997901,73.5,0,1,11,15,unroll_8,unroll_4,pipeline_1,2,6.75,0.906472002839,False
workload_546.cpp,xczu7ev-ffvc1156-2-e,3.33,2540.70646029,1122,0,1,18,24,unroll_8,unroll_4,unroll_16,1,10.75,0.444126492632,False
workload_516.cpp,xczu7ev-ffvc1156-2-e,3.33,4477.75925517,123,0,0,6,10,unroll_8,unroll_4,unroll_2,1,4,0.229298695886,False
workload_459.cpp,xczu7ev-ffvc1156-2-e,3.33,4292.69607693,202,0,0,8,12,unroll_8,unroll_4,unroll_4,1,5,0.24992444503,False
workload_545.cpp,xczu7ev-ffvc1156-2-e,3.33,407.26997901,76.5,0,1,11,15,unroll_8,unroll_8,pipeline_1,2,6.75,0.906472002839,False
workload_534.cpp,xczu7ev-ffvc1156-2-e,3.33,4477.75925517,121,0,0,6,10,unroll_8,unroll_8,unroll_2,1,4,0.229298695886,False
workload_495.cpp,xczu7ev-ffvc1156-2-e,3.33,4292.69607693,191,0,0,8,12,unroll_8,unroll_8,unroll_4,1,5,0.24992444503,False
workload_602.cpp,xczu7ev-ffvc1156-2-e,3.33,3122.95712013,374,0,0,11,16,unroll_8,unroll_8,unroll_8,1,6.75,0.418845268441,False
workload_232.cpp,xczu7ev-ffvc1156-2-e,5,607.328325,103.5,0,2,17,22,unroll_16,unroll_16,pipeline_1,2,10.25,0.628471393803,False
workload_384.cpp,xczu7ev-ffvc1156-2-e,5,2329.490885,2229,0,1,27,35,unroll_16,unroll_16,unroll_16,1,15.75,0.36775127807,False
workload_303.cpp,xczu7ev-ffvc1156-2-e,5,5790.119365,193,0,1,10,15,unroll_16,unroll_16,unroll_2,1,6.5,0.199498801362,False
workload_389.cpp,xczu7ev-ffvc1156-2-e,5,4947.326405,338,0,1,13,19,unroll_16,unroll_16,unroll_4,1,8.25,0.270473054794,False
workload_321.cpp,xczu7ev-ffvc1156-2-e,5,3202.102725,689,0,1,18,25,unroll_16,unroll_16,unroll_8,1,11,0.427828926607,False
workload_301.cpp,xczu7ev-ffvc1156-2-e,5,607.328325,98.5,0,2,17,22,unroll_16,unroll_2,pipeline_1,2,10.25,0.628471393803,False
workload_385.cpp,xczu7ev-ffvc1156-2-e,5,2329.490885,2195,0,1,27,35,unroll_16,unroll_2,unroll_16,1,15.75,0.36775127807,False
workload_239.cpp,xczu7ev-ffvc1156-2-e,5,5790.119365,216,0,1,10,15,unroll_16,unroll_2,unroll_2,1,6.5,0.199498801362,False
workload_387.cpp,xczu7ev-ffvc1156-2-e,5,4947.326405,319,0,1,13,19,unroll_16,unroll_2,unroll_4,1,8.25,0.270473054794,False
workload_392.cpp,xczu7ev-ffvc1156-2-e,5,3202.102725,655,0,1,18,25,unroll_16,unroll_2,unroll_8,1,11,0.427828926607,False
workload_305.cpp,xczu7ev-ffvc1156-2-e,5,607.32832,102,0,2,17,22,unroll_16,unroll_32,pipeline_1,2,10.25,0.628471393803,False
workload_408.cpp,xczu7ev-ffvc1156-2-e,5,2329.49088,2062,0,1,27,36,unroll_16,unroll_32,unroll_16,1,16,0.360849648829,False
workload_348.cpp,xczu7ev-ffvc1156-2-e,5,5790.11936,200,0,1,10,15,unroll_16,unroll_32,unroll_2,1,6.5,0.199498801786,False
workload_415.cpp,xczu7ev-ffvc1156-2-e,5,3202.10272,649,0,1,18,25,unroll_16,unroll_32,unroll_8,1,11,0.427828927141,False
workload_316.cpp,xczu7ev-ffvc1156-2-e,5,607.328325,100.5,0,2,17,22,unroll_16,unroll_4,pipeline_1,2,10.25,0.628471393803,False
workload_390.cpp,xczu7ev-ffvc1156-2-e,5,2329.490885,2157,0,1,27,35,unroll_16,unroll_4,unroll_16,1,15.75,0.36775127807,False
workload_337.cpp,xczu7ev-ffvc1156-2-e,5,5790.119365,195,0,1,10,15,unroll_16,unroll_4,unroll_2,1,6.5,0.199498801362,False
workload_445.cpp,xczu7ev-ffvc1156-2-e,5,4947.326405,343,0,1,13,19,unroll_16,unroll_4,unroll_4,1,8.25,0.270473054794,False
workload_422.cpp,xczu7ev-ffvc1156-2-e,5,3202.102725,692,0,1,18,25,unroll_16,unroll_4,unroll_8,1,11,0.427828926607,False
workload_333.cpp,xczu7ev-ffvc1156-2-e,5,607.328325,102,0,2,17,22,unroll_16,unroll_8,pipeline_1,2,10.25,0.628471393803,False
workload_373.cpp,xczu7ev-ffvc1156-2-e,5,2329.490885,2201,0,1,27,35,unroll_16,unroll_8,unroll_16,1,15.75,0.36775127807,False
workload_291.cpp,xczu7ev-ffvc1156-2-e,5,5790.119365,194,0,1,10,15,unroll_16,unroll_8,unroll_2,1,6.5,0.199498801362,False
workload_398.cpp,xczu7ev-ffvc1156-2-e,5,3202.102725,698,0,1,18,25,unroll_16,unroll_8,unroll_8,1,11,0.427828926607,False
workload_249.cpp,xczu7ev-ffvc1156-2-e,5,607.113285,46,0,2,3,5,unroll_2,unroll_16,pipeline_1,2,2.5,1,True
workload_352.cpp,xczu7ev-ffvc1156-2-e,5,7391.890885,269,0,1,8,13,unroll_2,unroll_16,unroll_16,1,5.5,0.110508794926,False
workload_310.cpp,xczu7ev-ffvc1156-2-e,5,1973.374405,55,0,1,2,4,unroll_2,unroll_16,unroll_2,1,1.75,0.829296599707,False
workload_376.cpp,xczu7ev-ffvc1156-2-e,5,5653.876165,69,0,1,3,6,unroll_2,unroll_16,unroll_4,1,2.5,0.220819964364,False
workload_260.cpp,xczu7ev-ffvc1156-2-e,5,6812.552645,100,0,1,5,8,unroll_2,unroll_16,unroll_8,1,3.5,0.134992555501,False
workload_267.cpp,xczu7ev-ffvc1156-2-e,5,607.113285,45.5,0,2,3,5,unroll_2,unroll_2,pipeline_1,2,2.5,1,True
workload_283.cpp,xczu7ev-ffvc1156-2-e,5,7391.890885,252,0,1,8,13,unroll_2,unroll_2,unroll_16,1,5.5,0.110508794926,False
workload_245.cpp,xczu7ev-ffvc1156-2-e,5,1973.374405,52,0,1,2,4,unroll_2,unroll_2,unroll_2,1,1.75,0.829296599707,False
workload_338.cpp,xczu7ev-ffvc1156-2-e,5,7681.560005,1012,0,1,16,22,unroll_2,unroll_2,unroll_32,1,9.75,0.10163978988,False
workload_318.cpp,xczu7ev-ffvc1156-2-e,5,5653.876165,67,0,1,3,6,unroll_2,unroll_2,unroll_4,1,2.5,0.220819964364,False
workload_349.cpp,xczu7ev-ffvc1156-2-e,5,6812.552645,104,0,1,5,8,unroll_2,unroll_2,unroll_8,1,3.5,0.134992555501,False
workload_410.cpp,xczu7ev-ffvc1156-2-e,5,607.11328,47,0,2,4,5,unroll_2,unroll_32,pipeline_1,2,2.75,1,True
workload_345.cpp,xczu7ev-ffvc1156-2-e,5,7391.89088,257,0,1,8,13,unroll_2,unroll_32,unroll_16,1,5.5,0.110508795066,False
workload_395.cpp,xczu7ev-ffvc1156-2-e,5,1973.3744,53,0,1,2,4,unroll_2,unroll_32,unroll_2,1,1.75,1,True
workload_330.cpp,xczu7ev-ffvc1156-2-e,5,7681.56,1032,0,1,16,22,unroll_2,unroll_32,unroll_32,1,9.75,0.101639789934,False
workload_407.cpp,xczu7ev-ffvc1156-2-e,5,5653.87616,67,0,1,3,6,unroll_2,unroll_32,unroll_4,1,2.5,0.220819964843,False
workload_429.cpp,xczu7ev-ffvc1156-2-e,5,6812.55264,101,0,1,5,8,unroll_2,unroll_32,unroll_8,1,3.5,0.134992555758,False
workload_233.cpp,xczu7ev-ffvc1156-2-e,5,607.113285,47,0,2,3,5,unroll_2,unroll_4,pipeline_1,2,2.5,1,True
workload_364.cpp,xczu7ev-ffvc1156-2-e,5,7391.890885,266,0,1,8,13,unroll_2,unroll_4,unroll_16,1,5.5,0.110508794926,False
workload_278.cpp,xczu7ev-ffvc1156-2-e,5,1973.374405,52,0,1,2,4,unroll_2,unroll_4,unroll_2,1,1.75,0.829296599707,False
workload_319.cpp,xczu7ev-ffvc1156-2-e,5,6812.552645,101,0,1,5,8,unroll_2,unroll_4,unroll_8,1,3.5,0.134992555501,False
workload_299.cpp,xczu7ev-ffvc1156-2-e,5,607.113285,47.5,0,2,3,5,unroll_2,unroll_8,pipeline_1,2,2.5,1,True
workload_297.cpp,xczu7ev-ffvc1156-2-e,5,7391.890885,254,0,1,8,13,unroll_2,unroll_8,unroll_16,1,5.5,0.110508794926,False
workload_252.cpp,xczu7ev-ffvc1156-2-e,5,1973.374405,52,0,1,2,4,unroll_2,unroll_8,unroll_2,1,1.75,0.829296599707,False
workload_360.cpp,xczu7ev-ffvc1156-2-e,5,5653.876165,68,0,1,3,6,unroll_2,unroll_8,unroll_4,1,2.5,0.220819964364,False
workload_417.cpp,xczu7ev-ffvc1156-2-e,5,6812.552645,105,0,1,5,8,unroll_2,unroll_8,unroll_8,1,3.5,0.134992555501,False
workload_264.cpp,xczu7ev-ffvc1156-2-e,5,607.343685,189,0,2,33,40,unroll_32,unroll_16,pipeline_1,2,18.75,0.330202139548,False
workload_448.cpp,xczu7ev-ffvc1156-2-e,5,607.343685,203,0,2,33,39,unroll_32,unroll_2,pipeline_1,1,18.5,0.337230809089,False
workload_404.cpp,xczu7ev-ffvc1156-2-e,5,6062.744005,592,0,1,18,27,unroll_32,unroll_2,unroll_2,1,11.5,0.155560511131,False
workload_351.cpp,xczu7ev-ffvc1156-2-e,5,607.343685,194,0,2,33,39,unroll_32,unroll_4,pipeline_1,2,18.5,0.337230809089,False
workload_371.cpp,xczu7ev-ffvc1156-2-e,5,6062.744005,608,0,1,18,27,unroll_32,unroll_4,unroll_2,1,11.5,0.155560511131,False
workload_447.cpp,xczu7ev-ffvc1156-2-e,5,2944.213445,2860,0,1,32,41,unroll_32,unroll_4,unroll_8,1,18.5,0.270810393871,False
workload_320.cpp,xczu7ev-ffvc1156-2-e,5,607.343685,201,0,2,33,40,unroll_32,unroll_8,pipeline_1,1,18.75,0.330202139548,False
workload_326.cpp,xczu7ev-ffvc1156-2-e,5,6062.744005,604,0,1,18,27,unroll_32,unroll_8,unroll_2,1,11.5,0.155560511131,False
workload_391.cpp,xczu7ev-ffvc1156-2-e,5,4896.858565,1191,0,1,25,34,unroll_32,unroll_8,unroll_4,1,15,0.204517947813,False
workload_427.cpp,xczu7ev-ffvc1156-2-e,5,2944.213445,2777,0,1,32,41,unroll_32,unroll_8,unroll_8,1,18.5,0.270810393871,False
workload_323.cpp,xczu7ev-ffvc1156-2-e,5,607.236165,53.5,0,2,5,8,unroll_4,unroll_16,pipeline_1,2,3.75,0.93900118098,False
workload_377.cpp,xczu7ev-ffvc1156-2-e,5,4499.090885,390,0,1,12,17,unroll_4,unroll_16,unroll_16,1,7.5,0.328577471722,False
workload_309.cpp,xczu7ev-ffvc1156-2-e,5,4154.371525,70,0,1,3,6,unroll_4,unroll_16,unroll_2,1,2.5,0.406813385384,False
workload_381.cpp,xczu7ev-ffvc1156-2-e,5,4366.052805,1711,0,2,21,28,unroll_4,unroll_16,unroll_32,1,12.75,0.276777171305,False
workload_307.cpp,xczu7ev-ffvc1156-2-e,5,5250.133445,87,0,1,4,8,unroll_4,unroll_16,unroll_4,1,3.25,0.261750798103,False
workload_375.cpp,xczu7ev-ffvc1156-2-e,5,4749.438405,150,0,1,7,11,unroll_4,unroll_16,unroll_8,1,4.75,0.316764917072,False
workload_234.cpp,xczu7ev-ffvc1156-2-e,5,607.236165,53.5,0,2,5,7,unroll_4,unroll_2,pipeline_1,2,3.5,0.952371504815,False
workload_394.cpp,xczu7ev-ffvc1156-2-e,5,4499.090885,380,0,1,12,17,unroll_4,unroll_2,unroll_16,1,7.5,0.328577471722,False
workload_355.cpp,xczu7ev-ffvc1156-2-e,5,4154.371525,66,0,1,3,6,unroll_4,unroll_2,unroll_2,1,2.5,0.406813385384,False
workload_280.cpp,xczu7ev-ffvc1156-2-e,5,4366.052805,1670,0,2,21,28,unroll_4,unroll_2,unroll_32,1,12.75,0.276777171305,False
workload_350.cpp,xczu7ev-ffvc1156-2-e,5,5250.133445,87,0,1,4,7,unroll_4,unroll_2,unroll_4,1,3,0.262092118578,False
workload_354.cpp,xczu7ev-ffvc1156-2-e,5,4749.438405,137,0,1,7,11,unroll_4,unroll_2,unroll_8,1,4.75,0.316764917072,False
workload_425.cpp,xczu7ev-ffvc1156-2-e,5,607.23616,53.5,0,2,5,8,unroll_4,unroll_32,pipeline_1,2,3.75,0.93900118098,False
workload_396.cpp,xczu7ev-ffvc1156-2-e,5,4499.09088,363,0,1,12,17,unroll_4,unroll_32,unroll_16,1,7.5,0.328577472336,False
workload_383.cpp,xczu7ev-ffvc1156-2-e,5,4154.37152,68,0,1,3,6,unroll_4,unroll_32,unroll_2,1,2.5,0.406813386146,False
workload_442.cpp,xczu7ev-ffvc1156-2-e,5,4366.0528,1592,0,2,21,28,unroll_4,unroll_32,unroll_32,1,12.75,0.276777171764,False
workload_439.cpp,xczu7ev-ffvc1156-2-e,5,4749.4384,145,0,1,7,11,unroll_4,unroll_32,unroll_8,1,4.75,0.316764917702,False
workload_328.cpp,xczu7ev-ffvc1156-2-e,5,607.236165,53.5,0,2,5,7,unroll_4,unroll_4,pipeline_1,2,3.5,0.952371504815,False
workload_378.cpp,xczu7ev-ffvc1156-2-e,5,4499.090885,391,0,1,12,17,unroll_4,unroll_4,unroll_16,1,7.5,0.328577471722,False
workload_226.cpp,xczu7ev-ffvc1156-2-e,5,4154.371525,69,0,1,3,6,unroll_4,unroll_4,unroll_2,1,2.5,0.406813385384,False
workload_311.cpp,xczu7ev-ffvc1156-2-e,5,4366.052805,1696,0,2,21,28,unroll_4,unroll_4,unroll_32,1,12.75,0.276777171305,False
workload_379.cpp,xczu7ev-ffvc1156-2-e,5,5250.133445,89,0,1,4,7,unroll_4,unroll_4,unroll_4,1,3,0.262092118578,False
workload_397.cpp,xczu7ev-ffvc1156-2-e,5,4749.438405,145,0,1,7,11,unroll_4,unroll_4,unroll_8,1,4.75,0.316764917072,False
workload_313.cpp,xczu7ev-ffvc1156-2-e,5,607.236165,56.5,0,2,5,8,unroll_4,unroll_8,pipeline_1,2,3.75,0.93900118098,False
workload_400.cpp,xczu7ev-ffvc1156-2-e,5,4499.090885,365,0,1,12,17,unroll_4,unroll_8,unroll_16,1,7.5,0.328577471722,False
workload_244.cpp,xczu7ev-ffvc1156-2-e,5,4154.371525,66,0,1,3,6,unroll_4,unroll_8,unroll_2,1,2.5,0.406813385384,False
workload_380.cpp,xczu7ev-ffvc1156-2-e,5,5250.133445,94,0,1,4,8,unroll_4,unroll_8,unroll_4,1,3.25,0.261750798103,False
workload_393.cpp,xczu7ev-ffvc1156-2-e,5,4749.438405,138,0,1,7,11,unroll_4,unroll_8,unroll_8,1,4.75,0.316764917072,False
workload_273.cpp,xczu7ev-ffvc1156-2-e,5,6199.056325,2726,0,1,35,49,unroll_64,unroll_16,unroll_2,1,21.25,0.105000739618,False
workload_363.cpp,xczu7ev-ffvc1156-2-e,5,607.351365,673,0,2,64,75,unroll_64,unroll_2,pipeline_1,1,35.25,0.1,False
workload_325.cpp,xczu7ev-ffvc1156-2-e,5,6199.056325,2794,0,1,35,49,unroll_64,unroll_2,unroll_2,1,21.25,0.105000739618,False
workload_444.cpp,xczu7ev-ffvc1156-2-e,5,607.351365,696,0,2,64,75,unroll_64,unroll_8,pipeline_1,1,35.25,0.1,False
workload_353.cpp,xczu7ev-ffvc1156-2-e,5,6199.056325,2635,0,1,35,49,unroll_64,unroll_8,unroll_2,1,21.25,0.105000739618,False
workload_240.cpp,xczu7ev-ffvc1156-2-e,5,607.297605,67.5,0,2,9,12,unroll_8,unroll_16,pipeline_1,2,5.75,0.835843566469,False
workload_372.cpp,xczu7ev-ffvc1156-2-e,5,3052.690885,744,0,1,17,23,unroll_8,unroll_16,unroll_16,1,10.25,0.462260717005,False
workload_347.cpp,xczu7ev-ffvc1156-2-e,5,5244.870085,96,0,1,5,9,unroll_8,unroll_16,unroll_2,1,3.75,0.261410159853,False
workload_406.cpp,xczu7ev-ffvc1156-2-e,5,2708.299205,3384,0,2,29,38,unroll_8,unroll_16,unroll_32,1,17.25,0.310709228714,False
workload_343.cpp,xczu7ev-ffvc1156-2-e,5,5048.262085,138,0,1,7,12,unroll_8,unroll_16,unroll_4,1,5,0.279652989155,False
workload_414.cpp,xczu7ev-ffvc1156-2-e,5,3717.881285,244,0,1,11,16,unroll_8,unroll_16,unroll_8,1,7,0.43922757445,False
workload_327.cpp,xczu7ev-ffvc1156-2-e,5,607.297605,68.5,0,2,9,12,unroll_8,unroll_2,pipeline_1,2,5.75,0.835843566469,False
workload_322.cpp,xczu7ev-ffvc1156-2-e,5,3052.690885,735,0,1,17,23,unroll_8,unroll_2,unroll_16,1,10.25,0.462260717005,False
workload_331.cpp,xczu7ev-ffvc1156-2-e,5,5244.870085,98,0,1,5,9,unroll_8,unroll_2,unroll_2,1,3.75,0.261410159853,False
workload_255.cpp,xczu7ev-ffvc1156-2-e,5,2708.299205,3216,0,2,29,38,unroll_8,unroll_2,unroll_32,1,17.25,0.310709228714,False
workload_386.cpp,xczu7ev-ffvc1156-2-e,5,5048.262085,140,0,1,7,11,unroll_8,unroll_2,unroll_4,1,4.75,0.280646678851,False
workload_403.cpp,xczu7ev-ffvc1156-2-e,5,3717.881285,256,0,1,11,16,unroll_8,unroll_2,unroll_8,1,7,0.43922757445,False
workload_411.cpp,xczu7ev-ffvc1156-2-e,5,607.2976,67.5,0,2,9,13,unroll_8,unroll_32,pipeline_1,2,6,0.823424489159,False
workload_413.cpp,xczu7ev-ffvc1156-2-e,5,3052.69088,704,0,1,17,24,unroll_8,unroll_32,unroll_16,1,10.5,0.45606303294,False
workload_412.cpp,xczu7ev-ffvc1156-2-e,5,5244.87008,100,0,1,5,9,unroll_8,unroll_32,unroll_2,1,3.75,0.261410160403,False
workload_449.cpp,xczu7ev-ffvc1156-2-e,5,2708.2992,3522,0,2,29,38,unroll_8,unroll_32,unroll_32,1,17.25,0.31070922896,False
workload_436.cpp,xczu7ev-ffvc1156-2-e,5,5048.26208,145,0,1,7,12,unroll_8,unroll_32,unroll_4,1,5,0.279652989729,False
workload_421.cpp,xczu7ev-ffvc1156-2-e,5,3717.88128,257,0,1,11,16,unroll_8,unroll_32,unroll_8,1,7,0.439227575172,False
workload_341.cpp,xczu7ev-ffvc1156-2-e,5,607.297605,68,0,2,9,12,unroll_8,unroll_4,pipeline_1,2,5.75,0.835843566469,False
workload_368.cpp,xczu7ev-ffvc1156-2-e,5,3052.690885,692,0,1,17,23,unroll_8,unroll_4,unroll_16,1,10.25,0.462260717005,False
workload_366.cpp,xczu7ev-ffvc1156-2-e,5,5244.870085,98,0,1,5,9,unroll_8,unroll_4,unroll_2,1,3.75,0.261410159853,False
workload_435.cpp,xczu7ev-ffvc1156-2-e,5,2708.299205,3375,0,2,29,38,unroll_8,unroll_4,unroll_32,1,17.25,0.310709228714,False
workload_388.cpp,xczu7ev-ffvc1156-2-e,5,5048.262085,140,0,1,7,11,unroll_8,unroll_4,unroll_4,1,4.75,0.280646678851,False
workload_423.cpp,xczu7ev-ffvc1156-2-e,5,3717.881285,258,0,1,11,16,unroll_8,unroll_4,unroll_8,1,7,0.43922757445,False
workload_284.cpp,xczu7ev-ffvc1156-2-e,5,607.297605,68,0,2,9,12,unroll_8,unroll_8,pipeline_1,2,5.75,0.835843566469,False
workload_304.cpp,xczu7ev-ffvc1156-2-e,5,3052.690885,706,0,1,17,23,unroll_8,unroll_8,unroll_16,1,10.25,0.462260717005,False
workload_282.cpp,xczu7ev-ffvc1156-2-e,5,5244.870085,94,0,1,5,9,unroll_8,unroll_8,unroll_2,1,3.75,0.261410159853,False
workload_306.cpp,xczu7ev-ffvc1156-2-e,5,2708.299205,3369,0,2,29,38,unroll_8,unroll_8,unroll_32,1,17.25,0.310709228714,False
workload_382.cpp,xczu7ev-ffvc1156-2-e,5,5048.262085,148,0,1,7,11,unroll_8,unroll_8,unroll_4,1,4.75,0.280646678851,False
workload_5.cpp,xczu7ev-ffvc1156-2-e,10,1202.83969,98.5,0,2,15,21,unroll_16,unroll_16,pipeline_1,2,9.5,0.50082043833,False
workload_41.cpp,xczu7ev-ffvc1156-2-e,10,7606.13569,128,0,1,9,15,unroll_16,unroll_16,unroll_2,1,6.25,0.305081213374,False
workload_80.cpp,xczu7ev-ffvc1156-2-e,10,6565.42401,227,0,1,13,19,unroll_16,unroll_16,unroll_4,1,8.25,0.333742133341,False
workload_137.cpp,xczu7ev-ffvc1156-2-e,10,4383.07521,510,0,1,17,25,unroll_16,unroll_16,unroll_8,1,10.75,0.36047368969,False
workload_143.cpp,xczu7ev-ffvc1156-2-e,10,1202.83969,90,0,2,15,21,unroll_16,unroll_2,pipeline_1,2,9.5,0.50082043833,False
workload_215.cpp,xczu7ev-ffvc1156-2-e,10,3273.55073,1410,0,2,27,36,unroll_16,unroll_2,unroll_16,1,16.25,0.192537220201,False
workload_17.cpp,xczu7ev-ffvc1156-2-e,10,7606.13569,142,0,1,9,15,unroll_16,unroll_2,unroll_2,1,6.25,0.305081213374,False
workload_70.cpp,xczu7ev-ffvc1156-2-e,10,6565.42401,213,0,1,13,19,unroll_16,unroll_2,unroll_4,1,8.25,0.333742133341,False
workload_118.cpp,xczu7ev-ffvc1156-2-e,10,4383.07521,453,0,1,17,25,unroll_16,unroll_2,unroll_8,1,10.75,0.36047368969,False
workload_152.cpp,xczu7ev-ffvc1156-2-e,10,1202.83968,89.5,0,2,15,21,unroll_16,unroll_32,pipeline_1,2,9.5,0.50082043833,False
workload_113.cpp,xczu7ev-ffvc1156-2-e,10,7606.13568,137,0,1,9,15,unroll_16,unroll_32,unroll_2,1,6.25,0.30508121408,False
workload_124.cpp,xczu7ev-ffvc1156-2-e,10,6565.424,243,0,1,13,19,unroll_16,unroll_32,unroll_4,1,8.25,0.333742133983,False
workload_187.cpp,xczu7ev-ffvc1156-2-e,10,4383.0752,484,0,1,17,25,unroll_16,unroll_32,unroll_8,1,10.75,0.360473690044,False
workload_162.cpp,xczu7ev-ffvc1156-2-e,10,1202.83969,94.5,0,2,15,21,unroll_16,unroll_4,pipeline_1,2,9.5,0.50082043833,False
workload_87.cpp,xczu7ev-ffvc1156-2-e,10,7606.13569,130,0,1,9,15,unroll_16,unroll_4,unroll_2,1,6.25,0.305081213374,False
workload_127.cpp,xczu7ev-ffvc1156-2-e,10,4383.07521,503,0,1,17,25,unroll_16,unroll_4,unroll_8,1,10.75,0.36047368969,False
workload_179.cpp,xczu7ev-ffvc1156-2-e,10,1202.83969,94,0,2,15,21,unroll_16,unroll_8,pipeline_1,2,9.5,0.50082043833,False
workload_49.cpp,xczu7ev-ffvc1156-2-e,10,3273.55073,1493,0,2,27,36,unroll_16,unroll_8,unroll_16,1,16.25,0.192537220201,False
workload_149.cpp,xczu7ev-ffvc1156-2-e,10,7606.13569,122,0,1,9,15,unroll_16,unroll_8,unroll_2,1,6.25,0.305081213374,False
workload_92.cpp,xczu7ev-ffvc1156-2-e,10,6565.42401,235,0,1,13,19,unroll_16,unroll_8,unroll_4,1,8.25,0.333742133341,False
workload_105.cpp,xczu7ev-ffvc1156-2-e,10,4383.07521,472,0,1,17,25,unroll_16,unroll_8,unroll_8,1,10.75,0.36047368969,False
workload_23.cpp,xczu7ev-ffvc1156-2-e,10,1202.26625,49,0,2,3,5,unroll_2,unroll_16,pipeline_1,2,2.5,0.999999998385,False
workload_186.cpp,xczu7ev-ffvc1156-2-e,10,9572.35905,162,0,1,8,13,unroll_2,unroll_16,unroll_16,1,5.5,0.192996726831,False
workload_122.cpp,xczu7ev-ffvc1156-2-e,10,3275.66017,55,0,1,2,4,unroll_2,unroll_16,unroll_2,1,1.75,0.837564312818,False
workload_97.cpp,xczu7ev-ffvc1156-2-e,10,7574.82177,64,0,1,3,6,unroll_2,unroll_16,unroll_4,1,2.5,0.343656278224,False
workload_32.cpp,xczu7ev-ffvc1156-2-e,10,8906.51329,81,0,1,4,8,unroll_2,unroll_16,unroll_8,1,3.25,0.243041028239,False
workload_114.cpp,xczu7ev-ffvc1156-2-e,10,1202.26625,44,0,2,3,5,unroll_2,unroll_2,pipeline_1,2,2.5,0.999999998385,False
workload_15.cpp,xczu7ev-ffvc1156-2-e,10,3275.66017,47,0,1,2,4,unroll_2,unroll_2,unroll_2,1,1.75,0.837564312818,False
workload_176.cpp,xczu7ev-ffvc1156-2-e,10,9905.28193,572,0,1,15,22,unroll_2,unroll_2,unroll_32,1,9.5,0.145832860784,False
workload_53.cpp,xczu7ev-ffvc1156-2-e,10,7574.82177,61,0,1,3,6,unroll_2,unroll_2,unroll_4,1,2.5,0.343656278224,False
workload_110.cpp,xczu7ev-ffvc1156-2-e,10,10071.74337,2905,0,1,28,39,unroll_2,unroll_2,unroll_64,1,17,0.1,False
workload_164.cpp,xczu7ev-ffvc1156-2-e,10,8906.51329,87,0,1,4,8,unroll_2,unroll_2,unroll_8,1,3.25,0.243041028239,False
workload_150.cpp,xczu7ev-ffvc1156-2-e,10,1202.26624,50,0,2,3,5,unroll_2,unroll_32,pipeline_1,2,2.5,1,True
workload_159.cpp,xczu7ev-ffvc1156-2-e,10,3275.66016,47,0,1,2,4,unroll_2,unroll_32,unroll_2,1,1.75,1,True
workload_82.cpp,xczu7ev-ffvc1156-2-e,10,9905.28192,534,0,1,15,22,unroll_2,unroll_32,unroll_32,1,9.5,0.145832861106,False
workload_160.cpp,xczu7ev-ffvc1156-2-e,10,7574.82176,63,0,1,3,6,unroll_2,unroll_32,unroll_4,1,2.5,0.343656279063,False
workload_190.cpp,xczu7ev-ffvc1156-2-e,10,8906.51328,84,0,1,4,8,unroll_2,unroll_32,unroll_8,1,3.25,0.243041028879,False
workload_116.cpp,xczu7ev-ffvc1156-2-e,10,1202.26625,48.5,0,2,3,5,unroll_2,unroll_4,pipeline_1,2,2.5,0.999999998385,False
workload_40.cpp,xczu7ev-ffvc1156-2-e,10,3275.66017,47,0,1,2,4,unroll_2,unroll_4,unroll_2,1,1.75,0.837564312818,False
workload_50.cpp,xczu7ev-ffvc1156-2-e,10,9905.28193,531,0,1,15,22,unroll_2,unroll_4,unroll_32,1,9.5,0.145832860784,False
workload_69.cpp,xczu7ev-ffvc1156-2-e,10,7574.82177,57,0,1,3,6,unroll_2,unroll_4,unroll_4,1,2.5,0.343656278224,False
workload_98.cpp,xczu7ev-ffvc1156-2-e,10,10071.74337,2970,0,1,28,39,unroll_2,unroll_4,unroll_64,1,17,0.1,False
workload_156.cpp,xczu7ev-ffvc1156-2-e,10,8906.51329,75,0,1,4,8,unroll_2,unroll_4,unroll_8,1,3.25,0.243041028239,False
workload_133.cpp,xczu7ev-ffvc1156-2-e,10,1202.26625,48.5,0,2,3,5,unroll_2,unroll_8,pipeline_1,2,2.5,0.999999998385,False
workload_26.cpp,xczu7ev-ffvc1156-2-e,10,3275.66017,51,0,1,2,4,unroll_2,unroll_8,unroll_2,1,1.75,0.837564312818,False
workload_83.cpp,xczu7ev-ffvc1156-2-e,10,9905.28193,546,0,1,15,22,unroll_2,unroll_8,unroll_32,1,9.5,0.145832860784,False
workload_81.cpp,xczu7ev-ffvc1156-2-e,10,7574.82177,61,0,1,3,6,unroll_2,unroll_8,unroll_4,1,2.5,0.343656278224,False
workload_1.cpp,xczu7ev-ffvc1156-2-e,10,10071.74337,2844,0,1,28,39,unroll_2,unroll_8,unroll_64,1,17,0.1,False
workload_102.cpp,xczu7ev-ffvc1156-2-e,10,8906.51329,82,0,1,4,8,unroll_2,unroll_8,unroll_8,1,3.25,0.243041028239,False
workload_214.cpp,xczu7ev-ffvc1156-2-e,10,1202.88065,196,0,2,29,39,unroll_32,unroll_16,pipeline_1,1,17.5,0.174224398678,False
workload_208.cpp,xczu7ev-ffvc1156-2-e,10,7915.45537,348,0,1,17,27,unroll_32,unroll_16,unroll_2,1,11.25,0.196179308776,False
workload_131.cpp,xczu7ev-ffvc1156-2-e,10,6493.32417,913,0,1,24,34,unroll_32,unroll_16,unroll_4,1,14.75,0.172290671695,False
workload_180.cpp,xczu7ev-ffvc1156-2-e,10,4059.97249,1978,0,1,31,42,unroll_32,unroll_16,unroll_8,1,18.5,0.135726897253,False
workload_200.cpp,xczu7ev-ffvc1156-2-e,10,1202.88065,190,0,2,29,39,unroll_32,unroll_2,pipeline_1,1,17.5,0.174224398678,False
workload_96.cpp,xczu7ev-ffvc1156-2-e,10,6493.32417,929,0,1,24,34,unroll_32,unroll_2,unroll_4,1,14.75,0.172290671695,False
workload_194.cpp,xczu7ev-ffvc1156-2-e,10,1202.88064,197,0,2,29,39,unroll_32,unroll_32,pipeline_1,2,17.5,0.174224398678,False
workload_219.cpp,xczu7ev-ffvc1156-2-e,10,7915.45536,416,0,1,17,27,unroll_32,unroll_32,unroll_2,1,11.25,0.196179309172,False
workload_132.cpp,xczu7ev-ffvc1156-2-e,10,6493.32416,911,0,1,24,34,unroll_32,unroll_32,unroll_4,1,14.75,0.172290671937,False
workload_203.cpp,xczu7ev-ffvc1156-2-e,10,4059.97248,1953,0,1,31,42,unroll_32,unroll_32,unroll_8,1,18.5,0.135726897319,False
workload_201.cpp,xczu7ev-ffvc1156-2-e,10,1202.88065,194.5,0,2,29,39,unroll_32,unroll_4,pipeline_1,2,17.5,0.174224398678,False
workload_128.cpp,xczu7ev-ffvc1156-2-e,10,7915.45537,411,0,1,17,27,unroll_32,unroll_4,unroll_2,1,11.25,0.196179308776,False
workload_193.cpp,xczu7ev-ffvc1156-2-e,10,4059.97249,2111,0,1,31,41,unroll_32,unroll_4,unroll_8,1,18.25,0.139985667895,False
workload_119.cpp,xczu7ev-ffvc1156-2-e,10,7915.45537,358,0,1,17,27,unroll_32,unroll_8,unroll_2,1,11.25,0.196179308776,False
workload_77.cpp,xczu7ev-ffvc1156-2-e,10,6493.32417,806,0,1,24,34,unroll_32,unroll_8,unroll_4,1,14.75,0.172290671695,False
workload_191.cpp,xczu7ev-ffvc1156-2-e,10,4059.97249,2102,0,1,31,42,unroll_32,unroll_8,unroll_8,1,18.5,0.135726897253,False
workload_166.cpp,xczu7ev-ffvc1156-2-e,10,1202.59393,55,0,2,5,7,unroll_4,unroll_16,pipeline_1,2,3.5,0.916493875188,False
workload_121.cpp,xczu7ev-ffvc1156-2-e,10,5750.21761,64,0,1,3,6,unroll_4,unroll_16,unroll_2,1,2.5,0.520411308158,False
workload_209.cpp,xczu7ev-ffvc1156-2-e,10,5798.71425,932,0,1,19,28,unroll_4,unroll_16,unroll_32,1,12,0.263066928164,False
workload_175.cpp,xczu7ev-ffvc1156-2-e,10,6998.02305,79,0,1,4,8,unroll_4,unroll_16,unroll_4,1,3.25,0.39090580747,False
workload_47.cpp,xczu7ev-ffvc1156-2-e,10,6321.69153,98,0,1,6,11,unroll_4,unroll_16,unroll_8,1,4.5,0.43920734768,False
workload_75.cpp,xczu7ev-ffvc1156-2-e,10,1202.59393,51,0,2,5,7,unroll_4,unroll_2,pipeline_1,2,3.5,0.916493875188,False
workload_184.cpp,xczu7ev-ffvc1156-2-e,10,5973.04001,215,0,2,11,17,unroll_4,unroll_2,unroll_16,1,7.5,0.395126968951,False
workload_126.cpp,xczu7ev-ffvc1156-2-e,10,5750.21761,66,0,1,3,6,unroll_4,unroll_2,unroll_2,1,2.5,0.520411308158,False
workload_103.cpp,xczu7ev-ffvc1156-2-e,10,5798.71425,858,0,1,19,28,unroll_4,unroll_2,unroll_32,1,12,0.263066928164,False
workload_151.cpp,xczu7ev-ffvc1156-2-e,10,6998.02305,76,0,1,4,7,unroll_4,unroll_2,unroll_4,1,3,0.392421058119,False
workload_158.cpp,xczu7ev-ffvc1156-2-e,10,6321.69153,106,0,1,6,11,unroll_4,unroll_2,unroll_8,1,4.5,0.43920734768,False
workload_155.cpp,xczu7ev-ffvc1156-2-e,10,1202.59392,50.5,0,2,5,8,unroll_4,unroll_32,pipeline_1,2,3.75,0.896252494076,False
workload_139.cpp,xczu7ev-ffvc1156-2-e,10,5750.2176,66,0,1,3,6,unroll_4,unroll_32,unroll_2,1,2.5,0.520411309255,False
workload_221.cpp,xczu7ev-ffvc1156-2-e,10,5798.71424,935,0,1,19,28,unroll_4,unroll_32,unroll_32,1,12,0.26306692854,False
workload_163.cpp,xczu7ev-ffvc1156-2-e,10,6998.02304,74,0,1,4,8,unroll_4,unroll_32,unroll_4,1,3.25,0.390905808377,False
workload_120.cpp,xczu7ev-ffvc1156-2-e,10,6321.69152,98,0,1,6,11,unroll_4,unroll_32,unroll_8,1,4.5,0.439207348613,False
workload_172.cpp,xczu7ev-ffvc1156-2-e,10,1202.59393,55.5,0,2,5,7,unroll_4,unroll_4,pipeline_1,2,3.5,0.916493875188,False
workload_202.cpp,xczu7ev-ffvc1156-2-e,10,5973.04001,210,0,2,11,17,unroll_4,unroll_4,unroll_16,1,7.5,0.395126968951,False
workload_0.cpp,xczu7ev-ffvc1156-2-e,10,5750.21761,96,0,1,3,6,unroll_4,unroll_4,unroll_2,1,2.5,0.520411308158,False
workload_123.cpp,xczu7ev-ffvc1156-2-e,10,5798.71425,814,0,1,19,28,unroll_4,unroll_4,unroll_32,1,12,0.263066928164,False
workload_188.cpp,xczu7ev-ffvc1156-2-e,10,6998.02305,70,0,1,4,7,unroll_4,unroll_4,unroll_4,1,3,0.392421058119,False
workload_112.cpp,xczu7ev-ffvc1156-2-e,10,6321.69153,100,0,1,6,11,unroll_4,unroll_4,unroll_8,1,4.5,0.43920734768,False
workload_153.cpp,xczu7ev-ffvc1156-2-e,10,1202.59393,54.5,0,2,5,7,unroll_4,unroll_8,pipeline_1,2,3.5,0.916493875188,False
workload_13.cpp,xczu7ev-ffvc1156-2-e,10,5750.21761,54,0,1,3,6,unroll_4,unroll_8,unroll_2,1,2.5,0.520411308158,False
workload_177.cpp,xczu7ev-ffvc1156-2-e,10,5798.71425,795,0,1,19,28,unroll_4,unroll_8,unroll_32,1,12,0.263066928164,False
workload_198.cpp,xczu7ev-ffvc1156-2-e,10,6998.02305,67,0,1,4,8,unroll_4,unroll_8,unroll_4,1,3.25,0.39090580747,False
workload_154.cpp,xczu7ev-ffvc1156-2-e,10,6321.69153,108,0,1,6,11,unroll_4,unroll_8,unroll_8,1,4.5,0.43920734768,False
workload_10.cpp,xczu7ev-ffvc1156-2-e,10,1202.75777,69,0,2,8,12,unroll_8,unroll_16,pipeline_1,2,5.5,0.761676405775,False
workload_220.cpp,xczu7ev-ffvc1156-2-e,10,4173.38049,495,0,2,16,24,unroll_8,unroll_16,unroll_16,1,10.5,0.378271280719,False
workload_48.cpp,xczu7ev-ffvc1156-2-e,10,6987.49633,75,0,1,5,9,unroll_8,unroll_16,unroll_2,1,3.75,0.387817955832,False
workload_107.cpp,xczu7ev-ffvc1156-2-e,10,3745.43041,1930,0,1,28,37,unroll_8,unroll_16,unroll_32,1,16.5,0.179503762038,False
workload_89.cpp,xczu7ev-ffvc1156-2-e,10,6709.62369,116,0,1,7,11,unroll_8,unroll_16,unroll_4,1,4.75,0.400029517842,False
workload_115.cpp,xczu7ev-ffvc1156-2-e,10,5029.28065,180,0,1,10,15,unroll_8,unroll_16,unroll_8,1,6.5,0.499369129628,False
workload_58.cpp,xczu7ev-ffvc1156-2-e,10,1202.75777,63.5,0,2,8,12,unroll_8,unroll_2,pipeline_1,2,5.5,0.761676405775,False
workload_169.cpp,xczu7ev-ffvc1156-2-e,10,4173.38049,420,0,2,16,24,unroll_8,unroll_2,unroll_16,1,10.5,0.378271280719,False
workload_39.cpp,xczu7ev-ffvc1156-2-e,10,6987.49633,74,0,1,5,9,unroll_8,unroll_2,unroll_2,1,3.75,0.387817955832,False
workload_24.cpp,xczu7ev-ffvc1156-2-e,10,3745.43041,1991,0,1,28,37,unroll_8,unroll_2,unroll_32,1,16.5,0.179503762038,False
workload_130.cpp,xczu7ev-ffvc1156-2-e,10,6709.62369,119,0,1,7,11,unroll_8,unroll_2,unroll_4,1,4.75,0.400029517842,False
workload_88.cpp,xczu7ev-ffvc1156-2-e,10,5029.28065,165,0,1,10,15,unroll_8,unroll_2,unroll_8,1,6.5,0.499369129628,False
workload_101.cpp,xczu7ev-ffvc1156-2-e,10,1202.75776,64.5,0,2,8,12,unroll_8,unroll_32,pipeline_1,2,5.5,0.761676405776,False
workload_109.cpp,xczu7ev-ffvc1156-2-e,10,6987.49632,74,0,1,5,9,unroll_8,unroll_32,unroll_2,1,3.75,0.387817956725,False
workload_168.cpp,xczu7ev-ffvc1156-2-e,10,3745.4304,2125,0,1,28,38,unroll_8,unroll_32,unroll_32,1,16.75,0.173442853493,False
workload_134.cpp,xczu7ev-ffvc1156-2-e,10,6709.62368,99,0,1,7,12,unroll_8,unroll_32,unroll_4,1,5,0.395989315056,False
workload_71.cpp,xczu7ev-ffvc1156-2-e,10,5029.28064,168,0,1,10,16,unroll_8,unroll_32,unroll_8,1,6.75,0.490003073127,False
workload_136.cpp,xczu7ev-ffvc1156-2-e,10,1202.75777,69,0,2,8,12,unroll_8,unroll_4,pipeline_1,2,5.5,0.761676405775,False
workload_167.cpp,xczu7ev-ffvc1156-2-e,10,4173.38049,490,0,2,16,24,unroll_8,unroll_4,unroll_16,1,10.5,0.378271280719,False
workload_117.cpp,xczu7ev-ffvc1156-2-e,10,6987.49633,75,0,1,5,9,unroll_8,unroll_4,unroll_2,1,3.75,0.387817955832,False
workload_189.cpp,xczu7ev-ffvc1156-2-e,10,3745.43041,1914,0,1,28,37,unroll_8,unroll_4,unroll_32,1,16.5,0.179503762038,False
workload_213.cpp,xczu7ev-ffvc1156-2-e,10,6709.62369,112,0,1,7,11,unroll_8,unroll_4,unroll_4,1,4.75,0.400029517842,False
workload_199.cpp,xczu7ev-ffvc1156-2-e,10,5029.28065,181,0,1,10,15,unroll_8,unroll_4,unroll_8,1,6.5,0.499369129628,False
workload_125.cpp,xczu7ev-ffvc1156-2-e,10,1202.75777,68,0,2,8,12,unroll_8,unroll_8,pipeline_1,2,5.5,0.761676405775,False
workload_206.cpp,xczu7ev-ffvc1156-2-e,10,4173.38049,436,0,2,16,24,unroll_8,unroll_8,unroll_16,1,10.5,0.378271280719,False
workload_135.cpp,xczu7ev-ffvc1156-2-e,10,6987.49633,74,0,1,5,9,unroll_8,unroll_8,unroll_2,1,3.75,0.387817955832,False
workload_140.cpp,xczu7ev-ffvc1156-2-e,10,3745.43041,2192,0,1,28,37,unroll_8,unroll_8,unroll_32,1,16.5,0.179503762038,False
workload_192.cpp,xczu7ev-ffvc1156-2-e,10,5029.28065,184,0,1,10,15,unroll_8,unroll_8,unroll_8,1,6.5,0.499369129628,False
